rep,runtime,case,ok,result,iterations,load_ns,min_ns,median_ns,p99_ns,cpu_user_ns,cpu_system_ns,p_cpu_ns,e_share,ipc,instructions,cycles,rss_peak_bytes,error
1,pulley,graphql_porf_trycatch,False,,,,,,,,,,,,,,,graphql-validation-porf: Module::from_binary failed: failed to compile: wasm[0]::function[30]: WebAssembly translation error: Unsupported feature: operator Try { blockty: Empty }
10,pulley,graphql_porf_trycatch,False,,,,,,,,,,,,,,,graphql-validation-porf: Module::from_binary failed: failed to compile: wasm[0]::function[30]: WebAssembly translation error: Unsupported feature: operator Try { blockty: Empty }
2,pulley,graphql_porf_trycatch,False,,,,,,,,,,,,,,,graphql-validation-porf: Module::from_binary failed: failed to compile: wasm[0]::function[30]: WebAssembly translation error: Unsupported feature: operator Try { blockty: Empty }
3,pulley,graphql_porf_trycatch,False,,,,,,,,,,,,,,,graphql-validation-porf: Module::from_binary failed: failed to compile: wasm[0]::function[30]: WebAssembly translation error: Unsupported feature: operator Try { blockty: Empty }
4,pulley,graphql_porf_trycatch,False,,,,,,,,,,,,,,,graphql-validation-porf: Module::from_binary failed: failed to compile: wasm[0]::function[30]: WebAssembly translation error: Unsupported feature: operator Try { blockty: Empty }
5,pulley,graphql_porf_trycatch,False,,,,,,,,,,,,,,,graphql-validation-porf: Module::from_binary failed: failed to compile: wasm[0]::function[30]: WebAssembly translation error: Unsupported feature: operator Try { blockty: Empty }
6,pulley,graphql_porf_trycatch,False,,,,,,,,,,,,,,,graphql-validation-porf: Module::from_binary failed: failed to compile: wasm[0]::function[30]: WebAssembly translation error: Unsupported feature: operator Try { blockty: Empty }
7,pulley,graphql_porf_trycatch,False,,,,,,,,,,,,,,,graphql-validation-porf: Module::from_binary failed: failed to compile: wasm[0]::function[30]: WebAssembly translation error: Unsupported feature: operator Try { blockty: Empty }
8,pulley,graphql_porf_trycatch,False,,,,,,,,,,,,,,,graphql-validation-porf: Module::from_binary failed: failed to compile: wasm[0]::function[30]: WebAssembly translation error: Unsupported feature: operator Try { blockty: Empty }
9,pulley,graphql_porf_trycatch,False,,,,,,,,,,,,,,,graphql-validation-porf: Module::from_binary failed: failed to compile: wasm[0]::function[30]: WebAssembly translation error: Unsupported feature: operator Try { blockty: Empty }
1,tinywasm,graphql_porf_trycatch,False,,,,,,,,,,,,,,,tinywasm::parse_bytes failed: error parsing module: legacy exceptions support is not enabled (at offset 0xfa34) at offset 64052
10,tinywasm,graphql_porf_trycatch,False,,,,,,,,,,,,,,,tinywasm::parse_bytes failed: error parsing module: legacy exceptions support is not enabled (at offset 0xfa34) at offset 64052
2,tinywasm,graphql_porf_trycatch,False,,,,,,,,,,,,,,,tinywasm::parse_bytes failed: error parsing module: legacy exceptions support is not enabled (at offset 0xfa34) at offset 64052
3,tinywasm,graphql_porf_trycatch,False,,,,,,,,,,,,,,,tinywasm::parse_bytes failed: error parsing module: legacy exceptions support is not enabled (at offset 0xfa34) at offset 64052
4,tinywasm,graphql_porf_trycatch,False,,,,,,,,,,,,,,,tinywasm::parse_bytes failed: error parsing module: legacy exceptions support is not enabled (at offset 0xfa34) at offset 64052
5,tinywasm,graphql_porf_trycatch,False,,,,,,,,,,,,,,,tinywasm::parse_bytes failed: error parsing module: legacy exceptions support is not enabled (at offset 0xfa34) at offset 64052
6,tinywasm,graphql_porf_trycatch,False,,,,,,,,,,,,,,,tinywasm::parse_bytes failed: error parsing module: legacy exceptions support is not enabled (at offset 0xfa34) at offset 64052
7,tinywasm,graphql_porf_trycatch,False,,,,,,,,,,,,,,,tinywasm::parse_bytes failed: error parsing module: legacy exceptions support is not enabled (at offset 0xfa34) at offset 64052
8,tinywasm,graphql_porf_trycatch,False,,,,,,,,,,,,,,,tinywasm::parse_bytes failed: error parsing module: legacy exceptions support is not enabled (at offset 0xfa34) at offset 64052
9,tinywasm,graphql_porf_trycatch,False,,,,,,,,,,,,,,,tinywasm::parse_bytes failed: error parsing module: legacy exceptions support is not enabled (at offset 0xfa34) at offset 64052
1,wamr,graphql_porf_trycatch,True,0,60,31290000.0,17791000.0,18761000.0,83706000.0,1151290000.0,0.0,,0.993,1.1,1993169850,1815533777,45187072,
10,wamr,graphql_porf_trycatch,True,0,103,21328000.0,18066000.0,19422000.0,27769000.0,2099870000.0,0.0,,0.996,1.04,3422583050,3306055429,45252608,
2,wamr,graphql_porf_trycatch,True,0,105,17979000.0,18091000.0,19303000.0,26235000.0,2110120000.0,0.0,,0.996,1.04,3465771284,3322735054,45301760,
3,wamr,graphql_porf_trycatch,True,0,104,16830000.0,17880000.0,19710000.0,24134000.0,2126739999.9999998,0.0,,0.995,1.03,3444101611,3349070703,45187072,
4,wamr,graphql_porf_trycatch,True,0,108,20741000.0,18422000.0,19736000.0,21855000.0,2210030000.0,0.0,,0.996,1.03,3572318803,3479496168,45219840,
5,wamr,graphql_porf_trycatch,True,0,105,18987000.0,18056000.0,19617000.0,24769000.0,2139050000.0000002,0.0,,0.996,1.03,3484035734,3368053778,45318144,
6,wamr,graphql_porf_trycatch,True,0,102,17105000.0,18235000.0,19676000.0,24582000.0,2090360000.0000002,0.0,,0.996,1.03,3380296786,3291091381,45203456,
7,wamr,graphql_porf_trycatch,True,0,103,18786000.0,18468000.0,19640000.0,22599000.0,2102739999.9999998,0.0,,0.996,1.03,3419942291,3311369025,45187072,
8,wamr,graphql_porf_trycatch,True,0,107,17246000.0,17878000.0,19417000.0,22782000.0,2158680000.0,0.0,,0.996,1.04,3528482727,3398693751,45219840,
9,wamr,graphql_porf_trycatch,True,0,103,17860000.0,18160000.0,19577000.0,22580000.0,2095030000.0000002,0.0,,0.996,1.04,3416829712,3299400686,45219840,
1,wasm3,graphql_porf_trycatch,False,,,,,,,,,,,,,,,wasm3 m3_ParseModule failed: out of order Wasm section
10,wasm3,graphql_porf_trycatch,False,,,,,,,,,,,,,,,wasm3 m3_ParseModule failed: out of order Wasm section
2,wasm3,graphql_porf_trycatch,False,,,,,,,,,,,,,,,wasm3 m3_ParseModule failed: out of order Wasm section
3,wasm3,graphql_porf_trycatch,False,,,,,,,,,,,,,,,wasm3 m3_ParseModule failed: out of order Wasm section
4,wasm3,graphql_porf_trycatch,False,,,,,,,,,,,,,,,wasm3 m3_ParseModule failed: out of order Wasm section
5,wasm3,graphql_porf_trycatch,False,,,,,,,,,,,,,,,wasm3 m3_ParseModule failed: out of order Wasm section
6,wasm3,graphql_porf_trycatch,False,,,,,,,,,,,,,,,wasm3 m3_ParseModule failed: out of order Wasm section
7,wasm3,graphql_porf_trycatch,False,,,,,,,,,,,,,,,wasm3 m3_ParseModule failed: out of order Wasm section
8,wasm3,graphql_porf_trycatch,False,,,,,,,,,,,,,,,wasm3 m3_ParseModule failed: out of order Wasm section
9,wasm3,graphql_porf_trycatch,False,,,,,,,,,,,,,,,wasm3 m3_ParseModule failed: out of order Wasm section
1,wasmedge,graphql_porf_trycatch,False,,,,,,,,,,,,,,,"WasmEdge LoaderParseFromBytes: illegal opcode | loading failed: illegal opcode, Code: 0x117 |     Bytecode offset: 0x0000fa34 |     At AST node: instruction |     At AST node: expression |     At AST node: code segment |     At AST node: code section |     At AST node: module"
10,wasmedge,graphql_porf_trycatch,False,,,,,,,,,,,,,,,"WasmEdge LoaderParseFromBytes: illegal opcode | loading failed: illegal opcode, Code: 0x117 |     Bytecode offset: 0x0000fa34 |     At AST node: instruction |     At AST node: expression |     At AST node: code segment |     At AST node: code section |     At AST node: module"
2,wasmedge,graphql_porf_trycatch,False,,,,,,,,,,,,,,,"WasmEdge LoaderParseFromBytes: illegal opcode | loading failed: illegal opcode, Code: 0x117 |     Bytecode offset: 0x0000fa34 |     At AST node: instruction |     At AST node: expression |     At AST node: code segment |     At AST node: code section |     At AST node: module"
3,wasmedge,graphql_porf_trycatch,False,,,,,,,,,,,,,,,"WasmEdge LoaderParseFromBytes: illegal opcode | loading failed: illegal opcode, Code: 0x117 |     Bytecode offset: 0x0000fa34 |     At AST node: instruction |     At AST node: expression |     At AST node: code segment |     At AST node: code section |     At AST node: module"
4,wasmedge,graphql_porf_trycatch,False,,,,,,,,,,,,,,,"WasmEdge LoaderParseFromBytes: illegal opcode | loading failed: illegal opcode, Code: 0x117 |     Bytecode offset: 0x0000fa34 |     At AST node: instruction |     At AST node: expression |     At AST node: code segment |     At AST node: code section |     At AST node: module"
5,wasmedge,graphql_porf_trycatch,False,,,,,,,,,,,,,,,"WasmEdge LoaderParseFromBytes: illegal opcode | loading failed: illegal opcode, Code: 0x117 |     Bytecode offset: 0x0000fa34 |     At AST node: instruction |     At AST node: expression |     At AST node: code segment |     At AST node: code section |     At AST node: module"
6,wasmedge,graphql_porf_trycatch,False,,,,,,,,,,,,,,,"WasmEdge LoaderParseFromBytes: illegal opcode | loading failed: illegal opcode, Code: 0x117 |     Bytecode offset: 0x0000fa34 |     At AST node: instruction |     At AST node: expression |     At AST node: code segment |     At AST node: code section |     At AST node: module"
7,wasmedge,graphql_porf_trycatch,False,,,,,,,,,,,,,,,"WasmEdge LoaderParseFromBytes: illegal opcode | loading failed: illegal opcode, Code: 0x117 |     Bytecode offset: 0x0000fa34 |     At AST node: instruction |     At AST node: expression |     At AST node: code segment |     At AST node: code section |     At AST node: module"
8,wasmedge,graphql_porf_trycatch,False,,,,,,,,,,,,,,,"WasmEdge LoaderParseFromBytes: illegal opcode | loading failed: illegal opcode, Code: 0x117 |     Bytecode offset: 0x0000fa34 |     At AST node: instruction |     At AST node: expression |     At AST node: code segment |     At AST node: code section |     At AST node: module"
9,wasmedge,graphql_porf_trycatch,False,,,,,,,,,,,,,,,"WasmEdge LoaderParseFromBytes: illegal opcode | loading failed: illegal opcode, Code: 0x117 |     Bytecode offset: 0x0000fa34 |     At AST node: instruction |     At AST node: expression |     At AST node: code segment |     At AST node: code section |     At AST node: module"
1,wasmz,graphql_porf_trycatch,False,,,,,,,,,,,,,,,init warmup failed: wasmz m() trap: multi-value results are not supported by the C API (results_len = 2)
10,wasmz,graphql_porf_trycatch,False,,,,,,,,,,,,,,,init warmup failed: wasmz m() trap: multi-value results are not supported by the C API (results_len = 2)
2,wasmz,graphql_porf_trycatch,False,,,,,,,,,,,,,,,init warmup failed: wasmz m() trap: multi-value results are not supported by the C API (results_len = 2)
3,wasmz,graphql_porf_trycatch,False,,,,,,,,,,,,,,,init warmup failed: wasmz m() trap: multi-value results are not supported by the C API (results_len = 2)
4,wasmz,graphql_porf_trycatch,False,,,,,,,,,,,,,,,init warmup failed: wasmz m() trap: multi-value results are not supported by the C API (results_len = 2)
5,wasmz,graphql_porf_trycatch,False,,,,,,,,,,,,,,,init warmup failed: wasmz m() trap: multi-value results are not supported by the C API (results_len = 2)
6,wasmz,graphql_porf_trycatch,False,,,,,,,,,,,,,,,init warmup failed: wasmz m() trap: multi-value results are not supported by the C API (results_len = 2)
7,wasmz,graphql_porf_trycatch,False,,,,,,,,,,,,,,,init warmup failed: wasmz m() trap: multi-value results are not supported by the C API (results_len = 2)
8,wasmz,graphql_porf_trycatch,False,,,,,,,,,,,,,,,init warmup failed: wasmz m() trap: multi-value results are not supported by the C API (results_len = 2)
9,wasmz,graphql_porf_trycatch,False,,,,,,,,,,,,,,,init warmup failed: wasmz m() trap: multi-value results are not supported by the C API (results_len = 2)
1,zwasm,graphql_porf_trycatch,False,,,,,,,,,,,,,,,wasm_module_new failed (invalid wasm or unsupported feature)
10,zwasm,graphql_porf_trycatch,False,,,,,,,,,,,,,,,wasm_module_new failed (invalid wasm or unsupported feature)
2,zwasm,graphql_porf_trycatch,False,,,,,,,,,,,,,,,wasm_module_new failed (invalid wasm or unsupported feature)
3,zwasm,graphql_porf_trycatch,False,,,,,,,,,,,,,,,wasm_module_new failed (invalid wasm or unsupported feature)
4,zwasm,graphql_porf_trycatch,False,,,,,,,,,,,,,,,wasm_module_new failed (invalid wasm or unsupported feature)
5,zwasm,graphql_porf_trycatch,False,,,,,,,,,,,,,,,wasm_module_new failed (invalid wasm or unsupported feature)
6,zwasm,graphql_porf_trycatch,False,,,,,,,,,,,,,,,wasm_module_new failed (invalid wasm or unsupported feature)
7,zwasm,graphql_porf_trycatch,False,,,,,,,,,,,,,,,wasm_module_new failed (invalid wasm or unsupported feature)
8,zwasm,graphql_porf_trycatch,False,,,,,,,,,,,,,,,wasm_module_new failed (invalid wasm or unsupported feature)
9,zwasm,graphql_porf_trycatch,False,,,,,,,,,,,,,,,wasm_module_new failed (invalid wasm or unsupported feature)
1,pulley,fib,True,832040,15,11960000.0,124906000.0,126185000.0,136351000.0,1874020000.0,0.0,,0.996,1.81,5339803892,2950995424,33456128,
1,pulley,fib_tail,True,873876091,3487,2419000.0,544000.0,569000.0,827000.0,2006210000.0,0.0,,0.999,2.39,7549440900,3154799030,34226176,
1,pulley,factorial,True,-2102132736,16384,2589000.0,1000.0,1000.0,1000.0,18440000.0,0.0,,0.996,1.43,41362878,28916513,34897920,
1,pulley,sieve,True,1229,1995,5254000.0,958000.0,969000.0,1219000.0,1919970000.0,0.0,,1.0,2.0,6146431520,3075133534,35782656,
1,pulley,crc32,True,-1910355869,275,4184000.0,6535000.0,6606000.0,7205000.0,1817790000.0,0.0,,1.0,2.23,6362547124,2857174926,35995648,
1,pulley,matmul_simd,True,48907,403,7964000.0,4739000.0,4795000.0,5287000.0,1932920000.0,0.0,,1.0,1.97,5986671225,3038491898,36700160,
1,pulley,matmul_fma,True,48907,528,7765000.0,3669000.0,3708000.0,4264000.0,1964690000.0,0.0,,1.0,2.07,6394453220,3091057973,36896768,
1,pulley,convolution,True,8190685,199,5019000.0,9749000.0,9991000.0,11860000.0,1979900000.0,0.0,,1.0,1.98,6154103378,3112074409,37306368,
1,pulley,audio_dsp,True,761667740,1,4639000.0,1708722000.0,1708722000.0,1708722000.0,1678910000.0,0.0,,1.0,1.99,5292786145,2660401700,37388288,
1,pulley,bulk_memory,True,8698902,65,5720000.0,29565000.0,30172000.0,31859000.0,1962250000.0,0.0,,1.0,1.64,5071229244,3084318266,37863424,
1,pulley,call_indirect,True,-9175573,45,11263000.0,41396000.0,41695000.0,44429000.0,1869820000.0,0.0,,1.0,1.35,3958022097,2939274270,38191104,
1,pulley,sqlite3,True,0,1,3997657000.0,86654721000.0,86654721000.0,86654721000.0,85710750000.0,0.0,,1.0,1.12,151148207428,134742525434,105267200,
1,pulley,graphql_as,True,5,101,247829000.0,19175000.0,21507000.0,23897000.0,2181750000.0,0.0,,1.0,1.01,3480775016,3429645094,105267200,
1,pulley,graphql_porf,True,0,82,514780000.0,22150000.0,24130000.0,24787000.0,1992010000.0,0.0,,1.0,0.77,2419805450,3131364903,105267200,
1,pulley,xmrsplayer,True,338640054,66,401525000.0,29584000.0,30797000.0,33084000.000000004,2025090000.0,0.0,,1.0,1.23,3904743185,3183266138,105267200,
1,pulley,vtable_mono,True,-318559695,25,17004000.0,77910000.0,79330000.0,81027000.0,1965120000.0,0.0,,1.0,1.37,4242763782,3089111782,105267200,
1,pulley,vtable_bi,True,-208336512,23,18425000.0,86508000.0,91000000.0,93567000.0,2061940000.0,0.0,,1.0,1.24,4024281558,3241325971,105267200,
1,pulley,vtable_poly4,True,-126115384,21,17775000.0,90488000.0,94500000.0,96669000.0,1959760000.0,0.0,,1.0,1.24,3809681794,3080673577,105267200,
1,pulley,vtable_poly6,True,579248763,18,17624000.0,107738000.0,110974000.0,113978000.0,1970570000.0,0.0,,1.0,1.15,3558568471,3097385559,105267200,
1,pulley,factorial.scalar,True,-2102132736,16384,1709000.0,1000.0,1000.0,1000.0,18500000.0,0.0,,0.882,1.5,46028154,30754590,105267200,
1,pulley,sieve.scalar,True,1229,1925,5312000.0,1008000.0,1018999.9999999999,1344000.0,1987690000.0,0.0,,1.0,2.02,6296963732,3124168664,105267200,
1,pulley,crc32.scalar,True,-1910355869,303,3630000.0,6572000.0,6642000.0,7410000.0,2019340000.0,0.0,,1.0,2.22,7061144475,3174017810,105267200,
1,pulley,convolution.scalar,True,8190685,102,3059000.0,19111000.0,19309000.0,20543000.0,1961800000.0,0.0,,1.0,2.18,6717922256,3083859006,105267200,
1,pulley,bulk_memory.scalar,True,8698902,64,5826000.0,29930000.0,30644000.0,32479000.0,1952190000.0,0.0,,1.0,1.66,5109313347,3068778936,105267200,
1,pulley,tailcall_fsm,True,-1841735369,327,7560000.0,5871000.0,5936000.0,6740000.0,1944220000.0,0.0,,1.0,1.7,5182713007,3056050138,105267200,
1,pulley,eh_parser_exnref,True,830008030,80,6830000.0,23891000.0,24529000.0,27440000.0,1947280000.0,0.0,,1.0,1.5,4590955417,3061067013,105267200,
1,pulley,eh_parser_legacy,False,,,,,,,,,,,,,,,Module::from_binary failed — invalid wasm or unsupported feature?: failed to compile: wasm[0]::function[6]: WebAssembly translation error: Unsupported feature: operator Try { blockty: Empty }
1,pulley,gc_trees,True,-81253392,9,7626000.0,209515000.0,210380000.0,213005000.0,1880570000.0,0.0,,1.0,1.63,4826286779,2955890282,105267200,
1,pulley,callref_dispatch,True,-750120562,66,6514000.0,29363000.0,29692000.0,31119000.0,1946280000.0,0.0,,1.0,1.54,4696061148,3059193945,105267200,
1,pulley,callref_dispatch.indirect,True,-750120562,70,5965000.0,27581000.0,27916000.0,50664000.0,1939950000.0,0.0,,1.0,1.56,4766998565,3049236060,105267200,
1,pulley,relaxed_dot,True,-551922832,172,11050000.0,11271000.0,11596000.0,13374000.0,1982640000.0,0.0,,1.0,1.86,5786997990,3116281969,105267200,
1,pulley,relaxed_madd,True,-1435646925,3406,11103000.0,521000.0,585000.0,823000.0,1925480000.0,0.0,,1.0,1.5,4546980927,3026424922,105267200,
1,pulley,mem64_chase,True,433527714,27,2712000.0,73309000.0,74276000.0,76520000.0,1989870000.0,0.0,,1.0,0.59,1860605634,3128015393,160366592,
1,pulley,mem64_chase.mem32,True,433527714,32,2472000.0,57573000.0,61854000.0,62855000.0,1937090000.0,0.0,,1.0,0.48,1472678615,3044712534,160595968,
1,pulley,multimem_transform,True,902712413,191,2890000.0,10147000.0,10310000.0,11917000.0,1968130000.0,0.0,,1.0,1.98,6130847772,3093572185,160595968,
1,pulley,multimem_transform.single,True,902712413,143,3325000.0,13557000.0,13803000.0,14695000.0,1967910000.0,0.0,,1.0,1.98,6138563760,3093176772,160595968,
1,pulley,extconst_init,True,-1152068691,9465,1363130000.0,180000.0,189000.0,298000.0,2173130000.0,0.0,,1.0,1.39,4760463602,3416086066,160595968,
1,pulley,extconst_init.mvp,True,-1152068691,10635,113639000.0,109000.0,123000.0,195000.0,1725420000.0,0.0,,1.0,1.16,3148042386,2712009032,160595968,
10,pulley,fib,True,832040,15,17522000.0,124900000.0,126514000.0,140031000.0,1866820000.0,0.0,,0.995,1.81,5328935669,2940453980,33488896,
10,pulley,fib_tail,True,873876091,3464,2396000.0,538000.0,571000.0,942000.0,1995910000.0,0.0,,0.998,2.39,7506948214,3140814521,34275328,
10,pulley,factorial,True,-2102132736,16384,2592000.0,1000.0,1000.0,1000.0,18410000.0,0.0,,0.996,1.46,42291219,28876121,34914304,
10,pulley,sieve,True,1229,1981,5247000.0,958000.0,965000.0,1207000.0,1904270000.0,0.0,,1.0,2.01,6109729265,3046098561,35749888,
10,pulley,crc32,True,-1910355869,293,3862000.0,6533000.0,6650000.0,8710000.0,2000900000.0,0.0,,1.0,2.16,6782517788,3144984055,35913728,
10,pulley,matmul_simd,True,48907,419,7844000.0,4733000.0,4784000.0,5360000.0,2016580000.0,0.0,,1.0,1.97,6249699158,3170000191,36618240,
10,pulley,matmul_fma,True,48907,512,8009000.0,3674000.0,3704000.0,4350000.0,1898700000.0,0.0,,1.0,2.07,6185331606,2984492467,36798464,
10,pulley,convolution,True,8190685,181,5206000.0,9861000.0,10124000.0,11595000.0,1822090000.0,0.0,,1.0,1.95,5591932896,2863914211,37109760,
10,pulley,audio_dsp,True,761667740,1,5303000.0,1721367000.0,1721367000.0,1721367000.0,1705820000.0,0.0,,1.0,1.98,5304971547,2684434298,37240832,
10,pulley,bulk_memory,True,8698902,65,5762000.0,29261000.0,30510000.0,32915000.0,1977490000.0,0.0,,1.0,1.63,5053014391,3108313738,37715968,
10,pulley,call_indirect,True,-9175573,48,11573000.0,41127000.0,41596000.0,44804000.0,1992900000.0,0.0,,1.0,1.35,4229682742,3132747497,38027264,
10,pulley,sqlite3,True,0,1,4002731000.0,86234156000.0,86234156000.0,86234156000.0,85396410000.0,0.0,,1.0,1.13,151146759214,134241783683,105168896,
10,pulley,graphql_as,True,5,100,251011000.0,19108000.0,21315000.0,24109000.0,2133780000.0000002,0.0,,1.0,1.02,3434657001,3354227569,105168896,
10,pulley,graphql_porf,True,0,84,513471000.0,22088000.0,24007000.0,26059000.0,2035190000.0,0.0,,1.0,0.78,2485640500,3199249071,105168896,
10,pulley,xmrsplayer,True,478240825,74,398508000.0,26578000.0,27204000.0,28817000.0,2006080000.0,0.0,,1.0,1.39,4371779852,3153315981,105168896,
10,pulley,vtable_mono,True,-318559695,26,17180000.0,75689000.0,76768000.0,80118000.0,1985030000.0,0.0,,1.0,1.41,4402740902,3120403743,105168896,
10,pulley,vtable_bi,True,-208336512,24,18119000.0,82608000.0,83969000.0,84769000.0,1991720000.0,0.0,,1.0,1.35,4211080505,3130766646,105168896,
10,pulley,vtable_poly4,True,-126115384,23,17877000.0,80907000.0,83126000.0,87415000.0,1903840000.0,0.0,,1.0,1.39,4162417770,2992754056,105168896,
10,pulley,vtable_poly6,True,579248763,20,18206000.0,94182000.0,96462000.0,99468000.0,1917420000.0,0.0,,1.0,1.32,3964628515,3013813883,105168896,
10,pulley,factorial.scalar,True,-2102132736,16384,1766000.0,1000.0,1000.0,1000.0,16530000.000000002,0.0,,0.866,1.33,36785193,27560295,105168896,
10,pulley,sieve.scalar,True,1229,1110,5162000.0,1008999.9999999999,1018000.0,1344000.0,1135690000.0,0.0,,1.0,2.02,3611031763,1784998020,105168896,
10,pulley,crc32.scalar,True,-1910355869,276,3206000.0,6566000.0,6634000.0,7373000.0,1831920000.0,0.0,,1.0,2.23,6406741104,2879421456,105168896,
10,pulley,convolution.scalar,True,8190685,101,3148000.0,19162000.0,19326000.0,20782000.0,1938780000.0,0.0,,1.0,2.18,6635124213,3047696827,105168896,
10,pulley,bulk_memory.scalar,True,8698902,64,5679000.0,30094000.0,30957000.0,33225000.0,1966600000.0,0.0,,1.0,1.65,5092957355,3091425496,105168896,
10,pulley,tailcall_fsm,True,-1841735369,331,7533000.0,5871000.0,5926000.0,6594000.0,1968240000.0,0.0,,1.0,1.7,5258791824,3093710978,105168896,
10,pulley,eh_parser_exnref,True,830008030,79,6857000.0,24362000.0,24775000.0,25682000.0,1942460000.0,0.0,,1.0,1.48,4524717570,3053453876,105168896,
10,pulley,eh_parser_legacy,False,,,,,,,,,,,,,,,Module::from_binary failed — invalid wasm or unsupported feature?: failed to compile: wasm[0]::function[6]: WebAssembly translation error: Unsupported feature: operator Try { blockty: Empty }
10,pulley,gc_trees,True,-81253392,9,8147000.0,215249000.0,216607000.0,219530000.0,1929910000.0,0.0,,1.0,1.59,4813066473,3033513858,105168896,
10,pulley,callref_dispatch,True,-750120562,59,6616000.0,29209000.0,29642000.0,30831000.0,1734230000.0,0.0,,1.0,1.54,4193612571,2725827498,105168896,
10,pulley,callref_dispatch.indirect,True,-750120562,70,5359000.0,27631000.0,27978000.0,28833000.0,1945980000.0,0.0,,1.0,1.56,4775866222,3058632738,105168896,
10,pulley,relaxed_dot,True,-551922832,171,11032000.0,11246000.0,11470000.0,12504000.0,1950210000.0,0.0,,1.0,1.88,5761130433,3065270987,105168896,
10,pulley,relaxed_madd,True,-1435646925,3258,10778000.0,522000.0,580000.0,778000.0,1841070000.0,0.0,,1.0,1.51,4361633595,2893669493,105168896,
10,pulley,mem64_chase,True,433527714,27,2795000.0,72554000.0,74080000.0,77369000.0,1986670000.0,0.0,,1.0,0.6,1872216273,3122978897,160251904,
10,pulley,mem64_chase.mem32,True,433527714,32,3175000.0,59229000.0,61958000.0,63672000.0,1965390000.0,0.0,,1.0,0.48,1476112642,3089238080,160497664,
10,pulley,multimem_transform,True,902712413,190,2654000.0,9862000.0,10102000.0,11463000.0,1910570000.0,0.0,,1.0,2.03,6096820450,3003179317,160497664,
10,pulley,multimem_transform.single,True,902712413,143,3885000.0,13538000.0,13842000.0,15278000.0,1963250000.0,0.0,,1.0,1.98,6118776819,3085729966,160497664,
10,pulley,extconst_init,True,-1152068691,10004,1346091000.0,181000.0,192000.0,328000.0,2336650000.0,0.0,,1.0,1.38,5064711520,3673137017,160497664,
10,pulley,extconst_init.mvp,True,-1152068691,16069,114511000.0,110000.0,124000.0,211000.0,2646740000.0,0.0,,1.0,1.16,4808547483,4160232252,160497664,
2,pulley,fib,True,832040,15,12548000.0,124855000.0,126475000.0,136505000.0,1873930000.0,0.0,,0.995,1.81,5348635571,2951238455,33488896,
2,pulley,fib_tail,True,873876091,3607,2283000.0,538000.0,570000.0,859000.0,2079030000.0000002,0.0,,0.998,2.39,7818302161,3271360556,34324480,
2,pulley,factorial,True,-2102132736,16384,2583000.0,1000.0,1000.0,1000.0,23220000.0,0.0,,0.997,1.49,54114513,36434103,34979840,
2,pulley,sieve,True,1229,1898,5511000.0,958000.0,965000.0,1237000.0,1807670000.0,0.0,,0.999,2.01,5843182036,2905587930,35766272,
2,pulley,crc32,True,-1910355869,298,4152999.9999999995,6536000.0,6612000.0,9130000.0,2006450000.0,0.0,,1.0,2.18,6890708012,3153795839,35930112,
2,pulley,matmul_simd,True,48907,401,8366000.0,4739000.0,4790000.0,5399000.0,1923810000.0,0.0,,1.0,1.97,5959832534,3024088584,36618240,
2,pulley,matmul_fma,True,48907,543,8321999.999999999,3665000.0,3692000.0,4045000.0,2011880000.0,0.0,,1.0,2.08,6582875137,3162401158,36814848,
2,pulley,convolution,True,8190685,199,5144000.0,9859000.0,10065000.0,11741000.0,1998870000.0,0.0,,1.0,1.96,6167229053,3141851260,37109760,
2,pulley,audio_dsp,True,761667740,1,4773000.0,1717178000.0,1717178000.0,1717178000.0,1702950000.0,0.0,,1.0,1.98,5304520514,2678431483,37257216,
2,pulley,bulk_memory,True,8698902,66,5637000.0,29288000.0,32526000.000000004,35029000.0,2117889999.9999998,0.0,,1.0,1.54,5134894728,3328947720,37748736,
2,pulley,call_indirect,True,-9175573,47,10096000.0,41368000.0,42016000.0,44289000.0,1952960000.0,0.0,,1.0,1.34,4123415572,3069998655,38060032,
2,pulley,sqlite3,True,0,1,3988444000.0,86006052000.0,86006052000.0,86006052000.0,85198000000.0,0.0,,1.0,1.13,151134907154,133928458132,105185280,
2,pulley,graphql_as,True,5,93,247743000.0,19021000.0,21234000.0,24261000.0,1981550000.0,0.0,,1.0,1.03,3195398721,3114905833,105185280,
2,pulley,graphql_porf,True,0,87,513416000.00000006,21975000.0,23793000.0,26439000.0,2097909999.9999998,0.0,,1.0,0.78,2566254647,3285253421,105185280,
2,pulley,xmrsplayer,True,-423819878,71,399671000.0,26986000.0,27569000.0,29165000.0,1942270000.0,0.0,,1.0,1.37,4182647016,3053053801,105185280,
2,pulley,vtable_mono,True,-318559695,25,17576000.0,75300000.0,77533000.0,80349000.0,1915090000.0,0.0,,1.0,1.4,4221470752,3010452607,105185280,
2,pulley,vtable_bi,True,-208336512,23,17582000.0,83020000.0,84182000.0,86996000.0,1920820000.0,0.0,,1.0,1.33,4029551353,3019260576,105185280,
2,pulley,vtable_poly4,True,-126115384,23,19418000.0,83138000.0,85562000.0,89666000.0,1959360000.0,0.0,,1.0,1.35,4150891696,3080052607,105185280,
2,pulley,vtable_poly6,True,579248763,20,17970000.0,97292000.0,98355000.0,101029000.0,1947730000.0,0.0,,1.0,1.29,3952181956,3061646757,105185280,
2,pulley,factorial.scalar,True,-2102132736,16384,1774000.0,1000.0,1000.0,1000.0,18680000.0,0.0,,0.88,1.53,47407205,30952125,105185280,
2,pulley,sieve.scalar,True,1229,1968,5231000.0,1008999.9999999999,1018000.0,1281000.0,2021390000.0,0.0,,1.0,2.02,6429050619,3177242727,105185280,
2,pulley,crc32.scalar,True,-1910355869,274,3320000.0,6568000.0,6637000.0,7358000.0,1817730000.0,0.0,,1.0,2.22,6355089464,2857139872,105185280,
2,pulley,convolution.scalar,True,8190685,101,3321000.0,19117000.0,19330000.0,20377000.0,1946230000.0,0.0,,1.0,2.18,6657422081,3059390369,105185280,
2,pulley,bulk_memory.scalar,True,8698902,62,6322000.0,30597000.0,32793999.999999996,36992000.0,2002300000.0,0.0,,1.0,1.57,4929800195,3147542552,105185280,
2,pulley,tailcall_fsm,True,-1841735369,322,7362000.0,5872000.0,5929000.0,6696000.0,1911500000.0,0.0,,1.0,1.7,5105373807,3004597767,105185280,
2,pulley,eh_parser_exnref,True,830008030,79,7479000.0,24261000.0,24689000.0,25590000.0,1937220000.0,0.0,,1.0,1.49,4530976939,3045249598,105185280,
2,pulley,eh_parser_legacy,False,,,,,,,,,,,,,,,Module::from_binary failed — invalid wasm or unsupported feature?: failed to compile: wasm[0]::function[6]: WebAssembly translation error: Unsupported feature: operator Try { blockty: Empty }
2,pulley,gc_trees,True,-81253392,9,9004000.0,209926000.0,210579000.0,212748000.0,1884520000.0,0.0,,1.0,1.63,4825670537,2962274726,105185280,
2,pulley,callref_dispatch,True,-750120562,66,7442000.0,29687000.0,30014000.0,32918000.0,1973050000.0,0.0,,1.0,1.52,4712933525,3101242204,105185280,
2,pulley,callref_dispatch.indirect,True,-750120562,70,5807000.0,27925000.0,28438000.0,30280000.0,1975440000.0,0.0,,1.0,1.54,4778583752,3105101143,105185280,
2,pulley,relaxed_dot,True,-551922832,170,10641000.0,11251000.0,11447000.0,14654000.0,1946130000.0,0.0,,1.0,1.88,5738969489,3058820014,105185280,
2,pulley,relaxed_madd,True,-1435646925,3806,11151000.0,523000.0,580000.0,761000.0,2156150000.0,0.0,,1.0,1.5,5077332298,3389107967,105185280,
2,pulley,mem64_chase,True,433527714,26,2663000.0,71697000.0,74044000.0,77424000.0,1916550000.0,0.0,,1.0,0.6,1798688932,3012758946,160399360,
2,pulley,mem64_chase.mem32,True,433527714,31,2513000.0,60311000.0,62010000.0,62897000.0,1905860000.0,0.0,,1.0,0.48,1428748936,2995666568,160645120,
2,pulley,multimem_transform,True,902712413,198,2711000.0,9876000.0,10090000.0,11724000.0,1987400000.0,0.0,,1.0,2.03,6335915496,3123779381,160645120,
2,pulley,multimem_transform.single,True,902712413,134,3020000.0,13594000.0,13833000.0,14924000.0,1848280000.0,0.0,,1.0,1.98,5754063622,2905163504,160645120,
2,pulley,extconst_init,True,-1152068691,9036,1344361000.0,184000.0,196000.0,313000.0,2163450000.0,0.0,,1.0,1.36,4624831257,3400881402,160645120,
2,pulley,extconst_init.mvp,True,-1152068691,16216,112694000.0,112000.0,127000.0,198000.0,2745840000.0,0.0,,1.0,1.14,4932911850,4316020135,160645120,
3,pulley,fib,True,832040,15,15339000.0,125048000.0,126511000.0,135686000.0,1873570000.0,0.0,,0.996,1.81,5345058248,2950548280,33538048,
3,pulley,fib_tail,True,873876091,3506,2333000.0,541000.0,569000.0,925000.0,2020280000.0,0.0,,0.998,2.39,7595580992,3179062595,34324480,
3,pulley,factorial,True,-2102132736,16384,2820000.0,1000.0,1000.0,1000.0,17340000.0,0.0,,0.956,1.42,39825870,27952135,35012608,
3,pulley,sieve,True,1229,2025,5191000.0,959000.0,969000.0,1234000.0,1943020000.0,0.0,,0.999,2.0,6226397706,3115145946,35897344,
3,pulley,crc32,True,-1910355869,302,3748000.0,6534000.0,6604000.0,7355000.0,1995320000.0,0.0,,1.0,2.23,6989402526,3136265599,35979264,
3,pulley,matmul_simd,True,48907,417,7617000.0,4726000.0,4794000.0,5777000.0,2007540000.0,0.0,,1.0,1.97,6223544552,3155787980,36683776,
3,pulley,matmul_fma,True,48907,471,7676000.0,3684000.0,3716000.0,4387000.0,1746590000.0,0.0,,1.0,2.07,5677896973,2745585431,36847616,
3,pulley,convolution,True,8190685,186,5268000.0,9986000.0,10416000.0,11259000.0,1928220000.0,0.0,,1.0,1.9,5758280318,3030929415,37257216,
3,pulley,audio_dsp,True,761667740,1,4631000.0,1795112000.0,1795112000.0,1795112000.0,1768730000.0,0.0,,1.0,1.89,5301398651,2799236519,37355520,
3,pulley,bulk_memory,True,8698902,67,6003000.0,29148000.0,30091000.0,31767000.0,1997520000.0,0.0,,1.0,1.66,5200194519,3139719118,37847040,
3,pulley,call_indirect,True,-9175573,48,10377000.0,40823000.0,41443000.0,45617000.0,1980270000.0,0.0,,1.0,1.36,4226903512,3112922862,38158336,
3,pulley,sqlite3,True,0,1,4013631000.0,86427198000.0,86427198000.0,86427198000.0,85633300000.0,0.0,,1.0,1.12,151138252335,134614759927,104923136,
3,pulley,graphql_as,True,5,101,255680000.0,19279000.0,22699000.0,360818000.0,2180330000.0,0.0,,1.0,1.01,3478190305,3427413644,104923136,
3,pulley,graphql_porf,True,0,90,526567000.0,21873000.0,23515000.0,24815000.0,2133870000.0,0.0,,1.0,0.8,2668131243,3354217316,104923136,
3,pulley,xmrsplayer,True,-2026914552,68,403931000.0,28168000.0,28858000.0,36214000.0,1944380000.0,0.0,,1.0,1.31,4004177325,3056439233,104923136,
3,pulley,vtable_mono,True,-318559695,27,18806000.0,70451000.0,72579000.0,74362000.0,1948820000.0,0.0,,1.0,1.5,4595407228,3063466180,104923136,
3,pulley,vtable_bi,True,-208336512,23,17326000.0,82331000.0,83664000.0,86319000.0,1912210000.0,0.0,,1.0,1.34,4032705393,3005659541,104923136,
3,pulley,vtable_poly4,True,-126115384,21,17480000.0,90966000.0,93512000.0,95495000.0,1941800000.0,0.0,,1.0,1.24,3793045421,3052445091,104923136,
3,pulley,vtable_poly6,True,579248763,19,16879000.0,102189000.0,103632000.0,106466000.0,1950470000.0,0.0,,1.0,1.22,3751152638,3065787334,104923136,
3,pulley,factorial.scalar,True,-2102132736,16384,1873000.0,1000.0,1000.0,1000.0,18610000.0,0.0,,0.877,1.49,46098624,30888736,104923136,
3,pulley,sieve.scalar,True,1229,1949,5520000.0,1008000.0,1020000.0,1357000.0,2025900000.0,0.0,,1.0,2.0,6384391219,3184265799,104923136,
3,pulley,crc32.scalar,True,-1910355869,298,3293000.0,6569000.0,6647000.0,7363000.0,1977990000.0,0.0,,1.0,2.22,6911223054,3109008705,104923136,
3,pulley,convolution.scalar,True,8190685,96,3210000.0,19096000.0,19380000.0,21249000.0,1860440000.0,0.0,,1.0,2.17,6338195580,2924553124,104923136,
3,pulley,bulk_memory.scalar,True,8698902,67,5807000.0,29415000.0,30038000.0,31526000.0,1988230000.0,0.0,,1.0,1.7,5322366696,3125434140,104923136,
3,pulley,tailcall_fsm,True,-1841735369,332,7179000.0,5872000.0,5931000.0,6640000.0,1972610000.0,0.0,,1.0,1.7,5267632443,3100568661,104923136,
3,pulley,eh_parser_exnref,True,830008030,79,6759000.0,23849000.0,24389000.0,27840000.0,1918040000.0,0.0,,1.0,1.5,4532894747,3015102981,104923136,
3,pulley,eh_parser_legacy,False,,,,,,,,,,,,,,,Module::from_binary failed — invalid wasm or unsupported feature?: failed to compile: wasm[0]::function[6]: WebAssembly translation error: Unsupported feature: operator Try { blockty: Empty }
3,pulley,gc_trees,True,-81253392,9,8096999.999999999,209437000.0,211377000.0,214786000.0,1883350000.0,0.0,,1.0,1.63,4815437285,2960398218,104923136,
3,pulley,callref_dispatch,True,-750120562,66,7128000.0,29698000.0,30106000.0,31619000.0,1966780000.0,0.0,,1.0,1.52,4688550486,3091355690,104923136,
3,pulley,callref_dispatch.indirect,True,-750120562,70,5363000.0,27824000.0,28325000.0,31070000.0,1973320000.0,0.0,,1.0,1.54,4785499732,3101524239,104923136,
3,pulley,relaxed_dot,True,-551922832,176,11402000.0,11222000.0,11432000.0,12418000.0,2004990000.0,0.0,,1.0,1.88,5919959549,3151289180,104923136,
3,pulley,relaxed_madd,True,-1435646925,3402,10492000.0,520000.0,584000.0,801000.0,1924980000.0,0.0,,1.0,1.5,4539518725,3025648455,104923136,
3,pulley,mem64_chase,True,433527714,26,2979000.0,73225000.0,74649000.0,77700000.0,1931780000.0,0.0,,1.0,0.59,1803175879,3036704441,160235520,
3,pulley,mem64_chase.mem32,True,433527714,32,2545000.0,60781000.0,62146000.0,65382000.00000001,1967370000.0,0.0,,1.0,0.48,1474243564,3092366680,160464896,
3,pulley,multimem_transform,True,902712413,193,2701000.0,10029000.0,10272000.0,11443000.0,1985060000.0,0.0,,1.0,1.99,6205130339,3120266580,160464896,
3,pulley,multimem_transform.single,True,902712413,137,3025000.0,13579000.0,14425000.0,16078000.0,1956460000.0,0.0,,1.0,1.91,5879410106,3075142392,160464896,
3,pulley,extconst_init,True,-1152068691,10069,1347332000.0,181000.0,191000.0,295000.0,2340000000.0,0.0,,1.0,1.39,5103956728,3678386411,160464896,
3,pulley,extconst_init.mvp,True,-1152068691,16216,113343000.0,110000.0,124000.0,207000.0,2654700000.0,0.0,,1.0,1.16,4856019641,4172917157,160464896,
4,pulley,fib,True,832040,15,12512000.0,125118000.0,126994000.0,141221000.0,1876920000.0,0.0,,0.995,1.81,5340448903,2956566380,33505280,
4,pulley,fib_tail,True,873876091,3439,2583000.0,541000.0,570000.0,940000.0,1981960000.0,0.0,,0.998,2.39,7447926280,3119154497,34357248,
4,pulley,factorial,True,-2102132736,16384,2601000.0,1000.0,1000.0,1000.0,13560000.0,0.0,,0.995,1.35,28704433,21245104,34996224,
4,pulley,sieve,True,1229,1177,5174000.0,960000.0,1042999.9999999999,1335000.0,1168090000.0,0.0,,0.999,1.9,3606379360,1894293367,35799040,
4,pulley,crc32,True,-1910355869,299,3800000.0,6536000.0,6611000.0,7484000.0,1979300000.0,0.0,,1.0,2.23,6925839461,3111178132,35897344,
4,pulley,matmul_simd,True,48907,396,8000999.999999999,4751000.0,4812000.0,5650000.0,1913070000.0,0.0,,1.0,1.96,5901316751,3007290416,36552704,
4,pulley,matmul_fma,True,48907,542,7743000.0,3669000.0,3843000.0,34065000.0,2034620000.0,0.0,,1.0,2.06,6585954207,3198695337,36749312,
4,pulley,convolution,True,8190685,165,5216000.0,9879000.0,10214000.0,11965000.0,1671090000.0,0.0,,1.0,1.94,5094496892,2625243101,37109760,
4,pulley,audio_dsp,True,761667740,1,4621000.0,1694126000.0,1694126000.0,1694126000.0,1670460000.0,0.0,,1.0,2.01,5286362172,2625895084,37289984,
4,pulley,bulk_memory,True,8698902,66,5930000.0,29354000.0,30147000.0,31789000.0,1967190000.0,0.0,,1.0,1.65,5108609242,3091828295,37847040,
4,pulley,call_indirect,True,-9175573,48,10259000.0,40937000.0,41386000.0,44979000.0,1968570000.0,0.0,,1.0,1.36,4211153424,3094507384,38158336,
4,pulley,sqlite3,True,0,1,4040776000.0,86613584000.0,86613584000.0,86613584000.0,85394850000.0,0.0,,1.0,1.13,151160608116,134263568858,104873984,
4,pulley,graphql_as,True,5,99,259887000.0,19344000.0,21624000.0,24438000.0,2152570000.0,0.0,,1.0,1.01,3406092235,3383761864,104873984,
4,pulley,graphql_porf,True,0,82,521268000.0,21856000.0,24003000.0,27421000.0,1990590000.0,0.0,,1.0,0.78,2435288519,3129127863,104873984,
4,pulley,xmrsplayer,True,478240825,74,410145000.0,26827000.0,27762000.0,31394000.0,2031270000.0,0.0,,1.0,1.37,4364776744,3192961873,104873984,
4,pulley,vtable_mono,True,-318559695,27,18618000.0,72404000.0,74185000.0,77605000.0,2001130000.0,0.0,,1.0,1.45,4576696506,3145707461,104873984,
4,pulley,vtable_bi,True,-208336512,23,18234000.0,81302000.0,83967000.0,86097000.0,1906530000.0,0.0,,1.0,1.34,4028110310,2996806637,104873984,
4,pulley,vtable_poly4,True,-126115384,23,18134000.0,85312000.0,87765000.0,89495000.0,2007380000.0,0.0,,1.0,1.32,4166369453,3155513867,104873984,
4,pulley,vtable_poly6,True,579248763,19,17298000.0,100034000.0,101956000.0,106345000.0,1929310000.0,0.0,,1.0,1.24,3767945875,3032525313,104873984,
4,pulley,factorial.scalar,True,-2102132736,16384,2213000.0,1000.0,1000.0,1000.0,15800000.0,0.0,,0.951,1.5,38250246,25417312,104873984,
4,pulley,sieve.scalar,True,1229,1920,4858000.0,1008999.9999999999,1016000.0,1278000.0,1967470000.0,0.0,,1.0,2.03,6266582573,3092419583,104873984,
4,pulley,crc32.scalar,True,-1910355869,302,3525000.0,6567000.0,6640000.0,7565000.0,2002290000.0,0.0,,1.0,2.22,7002138741,3147152194,104873984,
4,pulley,convolution.scalar,True,8190685,100,3132000.0,19129000.0,19447000.0,21765000.0,1927820000.0,0.0,,1.0,2.17,6579262935,3030468582,104873984,
4,pulley,bulk_memory.scalar,True,8698902,65,5741000.0,29680000.0,30446000.0,32761000.000000004,1963360000.0,0.0,,1.0,1.68,5170913868,3086334591,104873984,
4,pulley,tailcall_fsm,True,-1841735369,324,7308000.0,5871000.0,5937000.0,6823000.0,1932590000.0,0.0,,1.0,1.7,5153707504,3037591577,104873984,
4,pulley,eh_parser_exnref,True,830008030,78,7606000.0,24440000.0,24989000.0,26393000.0,1934400000.0,0.0,,1.0,1.47,4469398388,3040817593,104873984,
4,pulley,eh_parser_legacy,False,,,,,,,,,,,,,,,Module::from_binary failed — invalid wasm or unsupported feature?: failed to compile: wasm[0]::function[6]: WebAssembly translation error: Unsupported feature: operator Try { blockty: Empty }
4,pulley,gc_trees,True,-81253392,9,8431000.0,212131000.0,213754000.0,218095000.0,1904910000.0,0.0,,1.0,1.61,4822894230,2994290599,104873984,
4,pulley,callref_dispatch,True,-750120562,67,7256000.0,29019000.0,29594000.0,30557000.0,1974100000.0,0.0,,1.0,1.54,4782457064,3102906055,104873984,
4,pulley,callref_dispatch.indirect,True,-750120562,71,5494000.0,27569000.0,27927000.0,29443000.0,1972200000.0,0.0,,1.0,1.57,4851843370,3099932445,104873984,
4,pulley,relaxed_dot,True,-551922832,153,11088000.0,11130000.0,12214000.0,13873000.0,1861190000.0,0.0,,1.0,1.76,5161401695,2925462653,104873984,
4,pulley,relaxed_madd,True,-1435646925,3200,10629000.0,523000.0,581000.0,805000.0,1826650000.0,0.0,,1.0,1.49,4265519703,2871107927,104873984,
4,pulley,mem64_chase,True,433527714,26,2985000.0,71953000.0,74017000.0,77840000.0,1912800000.0,0.0,,1.0,0.6,1801483067,3006862575,159825920,
4,pulley,mem64_chase.mem32,True,433527714,31,2558000.0,59369000.0,61961000.0,65562000.0,1893260000.0,0.0,,1.0,0.48,1429523239,2975837574,160071680,
4,pulley,multimem_transform,True,902712413,174,3014000.0,9879000.0,10114000.0,11683000.0,1751380000.0,0.0,,1.0,2.02,5572701076,2752805718,160071680,
4,pulley,multimem_transform.single,True,902712413,140,2931000.0,13585000.0,13836000.0,15340000.0,1927280000.0,0.0,,1.0,1.98,5999686170,3029312697,160071680,
4,pulley,extconst_init,True,-1152068691,9497,1365371000.0,184000.0,206000.0,324000.0,2342390000.0,0.0,,1.0,1.3,4803474770,3682142275,160071680,
4,pulley,extconst_init.mvp,True,-1152068691,9642,113448000.0,111000.0,127000.0,185000.0,1595270000.0,0.0,,1.0,1.15,2878756342,2507503002,160071680,
5,pulley,fib,True,832040,15,16463000.000000002,127262000.0,129377999.99999999,139853000.0,1908860000.0,0.0,,0.996,1.77,5334782388,3005789924,33505280,
5,pulley,fib_tail,True,873876091,3567,2405000.0,537000.0,570000.0,856000.0,2054810000.0,0.0,,0.998,2.39,7717889037,3233408885,34340864,
5,pulley,factorial,True,-2102132736,16384,2738000.0,1000.0,1000.0,1000.0,10040000.0,0.0,,0.998,1.26,19977082,15799364,35012608,
5,pulley,sieve,True,1229,1972,6383000.0,957000.0,966000.0,1216000.0,1877640000.0,0.0,,1.0,2.01,6074877764,3024124641,35782656,
5,pulley,crc32,True,-1910355869,300,3800000.0,6538000.0,6622000.0,7632000.0,1983140000.0,0.0,,1.0,2.22,6930136687,3117128631,35880960,
5,pulley,matmul_simd,True,48907,412,7652000.0,4728000.0,4785000.0,5802000.0,1977520000.0,0.0,,1.0,1.97,6134141487,3108606000,36536320,
5,pulley,matmul_fma,True,48907,538,7854000.0,3669000.0,3719000.0,4622000.0,2012900000.0,0.0,,1.0,2.06,6530130348,3164082599,36716544,
5,pulley,convolution,True,8190685,197,5533000.0,9745000.0,10067000.0,10870000.0,1979170000.0,0.0,,1.0,1.96,6103742967,3110889309,37109760,
5,pulley,audio_dsp,True,761667740,1,4925000.0,1704792000.0,1704792000.0,1704792000.0,1692600000.0,0.0,,1.0,1.99,5292239256,2660711386,37257216,
5,pulley,bulk_memory,True,8698902,66,6039000.0,29675000.0,30206000.0,33156000.0,1984570000.0,0.0,,1.0,1.64,5131112215,3119371775,37781504,
5,pulley,call_indirect,True,-9175573,48,10582000.0,40925000.0,41474000.0,43732000.0,1985270000.0,0.0,,1.0,1.35,4224154890,3120789655,38092800,
5,pulley,sqlite3,True,0,1,3984460000.0,86420587000.0,86420587000.0,86420587000.0,85613500000.0,0.0,,1.0,1.12,151141454649,134584102635,105234432,
5,pulley,graphql_as,True,5,100,250563000.0,19166000.0,21341000.0,24063000.0,2148760000.0,0.0,,1.0,1.02,3440469966,3377780265,105234432,
5,pulley,graphql_porf,True,0,82,517847999.99999994,21994000.0,24024000.0,25612000.0,1979520000.0,0.0,,1.0,0.78,2421090994,3111742900,105234432,
5,pulley,xmrsplayer,True,-714300932,72,432646000.0,26643000.0,27661000.0,30117000.0,1965290000.0,0.0,,1.0,1.37,4240177468,3089283706,105234432,
5,pulley,vtable_mono,True,-318559695,26,18325000.0,72683000.0,75172000.0,78908000.0,1947550000.0,0.0,,1.0,1.44,4423357707,3061491892,105234432,
5,pulley,vtable_bi,True,-208336512,23,16581000.0,82239000.0,84145000.0,86496000.0,1921880000.0,0.0,,1.0,1.33,4028741946,3020875258,105234432,
5,pulley,vtable_poly4,True,-126115384,22,17799000.0,85317000.0,86839000.0,89121000.0,1893240000.0,0.0,,1.0,1.33,3967685132,2976095339,105234432,
5,pulley,vtable_poly6,True,579248763,19,19021000.0,101448000.0,103650000.0,105964000.0,1952630000.0,0.0,,1.0,1.23,3766360010,3069197700,105234432,
5,pulley,factorial.scalar,True,-2102132736,16384,1783000.0,1000.0,1000.0,1000.0,12160000.0,0.0,,0.823,1.45,30060314,20757036,105234432,
5,pulley,sieve.scalar,True,1229,1832,5628000.0,1010999.9999999999,1016999.9999999999,1314000.0,1884900000.0,0.0,,0.999,2.02,5987063656,2962742338,105234432,
5,pulley,crc32.scalar,True,-1910355869,300,3494000.0,6568000.0,6652000.0,7433000.0,1999240000.0,0.0,,1.0,2.22,6985698990,3142472192,105234432,
5,pulley,convolution.scalar,True,8190685,94,3259000.0,19314000.0,20782000.0,22657000.0,1930310000.0,0.0,,1.0,2.04,6186557624,3034389924,105234432,
5,pulley,bulk_memory.scalar,True,8698902,61,5746000.0,29787000.0,30442000.0,32644000.0,1848820000.0,0.0,,1.0,1.67,4865326328,2906272163,105234432,
5,pulley,tailcall_fsm,True,-1841735369,336,7163000.0,5871000.0,5919000.0,6534000.0,1992540000.0,0.0,,1.0,1.7,5322713624,3132033982,105234432,
5,pulley,eh_parser_exnref,True,830008030,77,7005000.0,25148000.0,25563000.0,27667000.0,1958990000.0,0.0,,1.0,1.43,4418453496,3079478678,105234432,
5,pulley,eh_parser_legacy,False,,,,,,,,,,,,,,,Module::from_binary failed — invalid wasm or unsupported feature?: failed to compile: wasm[0]::function[6]: WebAssembly translation error: Unsupported feature: operator Try { blockty: Empty }
5,pulley,gc_trees,True,-81253392,9,8440000.0,211624000.0,212131000.0,212886000.0,1900630000.0,0.0,,1.0,1.62,4832080053,2987571064,105234432,
5,pulley,callref_dispatch,True,-750120562,66,6369000.0,29146000.0,29596000.0,30362000.0,1946790000.0,0.0,,1.0,1.54,4717475208,3060001069,105234432,
5,pulley,callref_dispatch.indirect,True,-750120562,70,5557000.0,27604000.0,27896000.0,29526000.0,1946550000.0,0.0,,1.0,1.57,4792138844,3059661976,105234432,
5,pulley,relaxed_dot,True,-551922832,170,11280000.0,11253000.0,11492000.0,13211000.0,1943500000.0,0.0,,1.0,1.87,5720305271,3054745057,105234432,
5,pulley,relaxed_madd,True,-1435646925,3359,10851000.0,523000.0,581000.0,743000.0,1934650000.0,0.0,,1.0,1.47,4473684061,3040773097,105234432,
5,pulley,mem64_chase,True,433527714,26,2651000.0,73193000.0,74322000.0,76798000.0,1925840000.0,0.0,,1.0,0.59,1795256625,3027353411,160514048,
5,pulley,mem64_chase.mem32,True,433527714,32,2454000.0,60113000.0,62039000.0,64035000.0,1964800000.0,0.0,,1.0,0.48,1473400819,3088334175,160743424,
5,pulley,multimem_transform,True,902712413,197,2843000.0,9868000.0,10104000.0,11405000.0,1983100000.0,0.0,,1.0,2.03,6313636937,3117106156,160743424,
5,pulley,multimem_transform.single,True,902712413,141,3000000.0,13577000.0,13831000.0,15162000.0,1946450000.0,0.0,,1.0,1.98,6058831520,3059398461,160743424,
5,pulley,extconst_init,True,-1152068691,8711,1352668000.0,180000.0,195000.0,318000.0,2049409999.9999998,0.0,,1.0,1.36,4388280977,3221610597,160743424,
5,pulley,extconst_init.mvp,True,-1152068691,16384,113419000.0,108000.0,124000.0,202000.0,2672560000.0,0.0,,1.0,1.16,4855348393,4200853982,160743424,
6,pulley,fib,True,832040,15,15157000.0,125176000.0,127570000.0,138517000.0,1876980000.0,0.0,,0.995,1.81,5344769024,2956522203,33456128,
6,pulley,fib_tail,True,873876091,3570,2736000.0,541000.0,571000.0,896000.0,2059659999.9999998,0.0,,0.999,2.39,7734596882,3238804069,34275328,
6,pulley,factorial,True,-2102132736,16384,2506000.0,1000.0,1000.0,1000.0,19770000.0,0.0,,0.997,1.41,43601320,30999128,34881536,
6,pulley,sieve,True,1229,1708,5695000.0,959000.0,965000.0,1250000.0,1628400000.0,0.0,,1.0,2.01,5255993662,2618916067,35717120,
6,pulley,crc32,True,-1910355869,301,4357000.0,6537000.0,6617000.0,7968000.0,1983380000.0,0.0,,1.0,2.22,6965473134,3136149333,35930112,
6,pulley,matmul_simd,True,48907,399,7794000.0,4744000.0,4788000.0,5373000.0,1912600000.0,0.0,,1.0,1.97,5923224651,3006555626,36552704,
6,pulley,matmul_fma,True,48907,439,7912000.0,3678000.0,3733000.0,4207000.0,1645550000.0,0.0,,1.0,2.06,5320964049,2586749038,36765696,
6,pulley,convolution,True,8190685,195,5246000.0,9986000.0,10202000.0,11097000.0,1982400000.0,0.0,,1.0,1.94,6035244923,3115975705,37208064,
6,pulley,audio_dsp,True,761667740,1,4537000.0,1708827000.0,1708827000.0,1708827000.0,1695640000.0,0.0,,1.0,1.99,5303679589,2665500589,37289984,
6,pulley,bulk_memory,True,8698902,67,6536000.0,29091000.0,29536000.0,30676000.0,1976020000.0,0.0,,1.0,1.68,5192805372,3090251049,37814272,
6,pulley,call_indirect,True,-9175573,49,10396000.0,40803000.0,41122000.0,43796000.0,2009970000.0,0.0,,1.0,1.37,4314564786,3159623110,38125568,
6,pulley,sqlite3,True,0,1,4020342000.0,87014145000.0,87014145000.0,87014145000.0,86212740000.0,0.0,,1.0,1.12,151146547413,135529727781,105218048,
6,pulley,graphql_as,True,5,100,251454000.0,19290000.0,21532000.0,26457000.0,2160720000.0,0.0,,1.0,1.01,3434595217,3396590600,105218048,
6,pulley,graphql_porf,True,0,79,509693000.0,22357000.0,24506000.0,27444000.0,1954900000.0,0.0,,1.0,0.76,2346548174,3073038212,105218048,
6,pulley,xmrsplayer,True,1476835752,65,404935000.0,28554000.0,29534000.0,37095000.0,1905550000.0,0.0,,1.0,1.28,3833092380,2995372448,105218048,
6,pulley,vtable_mono,True,-318559695,25,17436000.0,74338000.0,77020000.0,79481000.0,1893880000.0,0.0,,1.0,1.42,4229140840,2977102394,105218048,
6,pulley,vtable_bi,True,-208336512,24,17541000.0,77072000.0,80226000.0,84199000.0,1898580000.0,0.0,,1.0,1.41,4197020203,2984368210,105218048,
6,pulley,vtable_poly4,True,-126115384,22,17426000.0,85206000.0,87906000.0,90164000.0,1915950000.0,0.0,,1.0,1.32,3979383436,3011812103,105218048,
6,pulley,vtable_poly6,True,579248763,18,16794000.0,104223000.0,106634000.0,108670000.0,1902780000.0,0.0,,1.0,1.19,3565556672,2990834133,105218048,
6,pulley,factorial.scalar,True,-2102132736,16384,2336000.0,1000.0,1000.0,1000.0,19310000.0,0.0,,0.961,1.47,45542755,30918983,105218048,
6,pulley,sieve.scalar,True,1229,1966,4957000.0,1012000.0,1072000.0,1360000.0,2088960000.0,0.0,,1.0,1.96,6423479728,3283561929,105218048,
6,pulley,crc32.scalar,True,-1910355869,278,3196000.0,6568000.0,6648000.0,7556000.0,1851840000.0,0.0,,1.0,2.22,6469762110,2910886676,105218048,
6,pulley,convolution.scalar,True,8190685,103,3184000.0,19148000.0,19340000.0,20395000.0,1982660000.0,0.0,,1.0,2.17,6775606246,3116690451,105218048,
6,pulley,bulk_memory.scalar,True,8698902,66,5590000.0,29411000.0,29968000.0,34550000.0,1960010000.0,0.0,,1.0,1.7,5252963821,3081081019,105218048,
6,pulley,tailcall_fsm,True,-1841735369,336,7423000.0,5871000.0,5934000.0,6629000.0,2001320000.0,0.0,,1.0,1.7,5338766222,3145707433,105218048,
6,pulley,eh_parser_exnref,True,830008030,79,7070000.0,23787000.0,24271000.0,26635000.0,1907640000.0,0.0,,1.0,1.51,4531845063,2998736926,105218048,
6,pulley,eh_parser_legacy,False,,,,,,,,,,,,,,,Module::from_binary failed — invalid wasm or unsupported feature?: failed to compile: wasm[0]::function[6]: WebAssembly translation error: Unsupported feature: operator Try { blockty: Empty }
6,pulley,gc_trees,True,-81253392,9,7940000.0,210008000.0,210889000.0,227090000.0,1887180000.0,0.0,,1.0,1.63,4829455661,2966258026,105218048,
6,pulley,callref_dispatch,True,-750120562,67,7143000.0,29234000.0,29650000.0,30512000.0,1980150000.0,0.0,,1.0,1.54,4789541437,3112509905,105218048,
6,pulley,callref_dispatch.indirect,True,-750120562,70,6357000.0,27558000.0,27934000.0,30285000.0,1951520000.0,0.0,,1.0,1.56,4798595366,3067346909,105218048,
6,pulley,relaxed_dot,True,-551922832,173,11056000.0,11154000.0,11438000.0,12291000.0,1968970000.0,0.0,,1.0,1.88,5821667908,3094775361,105218048,
6,pulley,relaxed_madd,True,-1435646925,3310,10731000.0,522000.0,580000.0,804000.0,1881610000.0,0.0,,1.0,1.5,4422901508,2957688256,105218048,
6,pulley,mem64_chase,True,433527714,26,2544000.0,71645000.0,74122000.0,76742000.0,1911830000.0,0.0,,1.0,0.6,1795798243,3005334099,160595968,
6,pulley,mem64_chase.mem32,True,433527714,32,2523000.0,59589000.0,62107000.0,64795000.0,1962900000.0,0.0,,1.0,0.48,1473164275,3085416370,160825344,
6,pulley,multimem_transform,True,902712413,197,2650000.0,9906000.0,10106000.0,11074000.0,1985440000.0,0.0,,1.0,2.03,6322582857,3120726434,160825344,
6,pulley,multimem_transform.single,True,902712413,144,3404000.0,13594000.0,13854000.0,14707000.0,1990450000.0,0.0,,1.0,1.98,6192775959,3128659992,160825344,
6,pulley,extconst_init,True,-1152068691,10355,1345226000.0,179000.0,189000.0,309000.0,2390460000.0,0.0,,1.0,1.39,5218848551,3757731103,160825344,
6,pulley,extconst_init.mvp,True,-1152068691,16384,112657000.0,109000.0,124000.0,206000.0,2652890000.0,0.0,,1.0,1.16,4844603483,4170045834,160825344,
7,pulley,fib,True,832040,15,13786000.0,128755000.0,130394000.0,142636000.0,1926670000.0,0.0,,0.996,1.76,5329550345,3033912187,33505280,
7,pulley,fib_tail,True,873876091,3515,2953000.0,535000.0,570000.0,898000.0,2026160000.0,0.0,,1.0,2.39,7600488386,3178475198,34258944,
7,pulley,factorial,True,-2102132736,16384,2550000.0,1000.0,1000.0,1000.0,16800000.0,0.0,,0.996,1.55,40833297,26338489,34947072,
7,pulley,sieve,True,1229,1802,5263000.0,958000.0,1040000.0,1317000.0,1826670000.0,0.0,,1.0,1.91,5548275604,2911270833,35799040,
7,pulley,crc32,True,-1910355869,282,3796000.0,6538000.0,6639000.0,7724000.0,1868630000.0,0.0,,1.0,2.22,6522095678,2937116286,36012032,
7,pulley,matmul_simd,True,48907,310,8137000.0,5302000.0,6359000.0,7468000.0,1925270000.0,0.0,,1.0,1.53,4617650081,3026374091,36651008,
7,pulley,matmul_fma,True,48907,494,8114000.000000001,3673000.0,3710000.0,4251000.0,1824500000.0,0.0,,1.0,2.07,5976828435,2889832640,36847616,
7,pulley,convolution,True,8190685,195,5164000.0,9942000.0,10212000.0,11229000.0,1982950000.0,0.0,,1.0,1.93,6030641883,3116767573,37257216,
7,pulley,audio_dsp,True,761667740,1,4508000.0,1697735000.0,1697735000.0,1697735000.0,1684510000.0,0.0,,1.0,2.0,5303767924,2648005016,37339136,
7,pulley,bulk_memory,True,8698902,67,6278000.0,29393000.0,30101000.0,32204000.0,2004560000.0,0.0,,1.0,1.65,5208638259,3150767672,37863424,
7,pulley,call_indirect,True,-9175573,46,10783000.0,40886000.0,41534000.0,44046000.0,1892620000.0,0.0,,1.0,1.36,4041409750,2975151180,38174720,
7,pulley,sqlite3,True,0,1,4012347000.0,86358112000.0,86358112000.0,86358112000.0,85556520000.0,0.0,,1.0,1.12,151135694300,134512426771,105119744,
7,pulley,graphql_as,True,5,99,253643000.0,19387000.0,21431000.0,24370000.0,2136610000.0000002,0.0,,1.0,1.01,3400534863,3358691807,105119744,
7,pulley,graphql_porf,True,0,85,520344000.00000006,21962000.0,23916000.0,26007000.0,2046570000.0,0.0,,1.0,0.78,2508266630,3217152385,105119744,
7,pulley,xmrsplayer,True,212325309,76,404646000.0,26011000.0,26900000.0,28672000.0,2035810000.0,0.0,,1.0,1.4,4489393237,3200073169,105119744,
7,pulley,vtable_mono,True,-318559695,25,16882000.0,74429000.0,77021000.0,79096000.0,1917600000.0,0.0,,1.0,1.41,4259104983,3014388920,105119744,
7,pulley,vtable_bi,True,-208336512,23,16818000.0,83288000.0,86480000.0,88695000.0,1973420000.0,0.0,,1.0,1.3,4026703573,3101924965,105119744,
7,pulley,vtable_poly4,True,-126115384,22,18290000.0,84881000.0,87699000.0,89457000.0,1907620000.0,0.0,,1.0,1.33,3977533248,2998726696,105119744,
7,pulley,vtable_poly6,True,579248763,19,16561000.0,102723000.0,105404000.0,106408000.0,1985400000.0,0.0,,1.0,1.21,3773555343,3120684661,105119744,
7,pulley,factorial.scalar,True,-2102132736,16384,1834000.0,1000.0,1000.0,1000.0,16399999.999999998,0.0,,0.865,1.47,40230180,27441082,105119744,
7,pulley,sieve.scalar,True,1229,1932,5035000.0,1008000.0,1018999.9999999999,1293000.0,1990120000.0,0.0,,1.0,2.02,6323642681,3128084828,105119744,
7,pulley,crc32.scalar,True,-1910355869,295,3202000.0,6570000.0,6659000.0,8446000.0,1965570000.0,0.0,,1.0,2.22,6849407767,3089348526,105119744,
7,pulley,convolution.scalar,True,8190685,101,3085000.0,19096000.0,19319000.0,20186000.0,1944440000.0,0.0,,1.0,2.18,6653918383,3056604710,105119744,
7,pulley,bulk_memory.scalar,True,8698902,56,5658000.0,29697000.0,30424000.0,32247000.0,1687950000.0,0.0,,1.0,1.68,4453900203,2653417904,105119744,
7,pulley,tailcall_fsm,True,-1841735369,335,7238000.0,5871000.0,5942000.0,6854000.0,2000630000.0,0.0,,1.0,1.7,5331912422,3144521912,105119744,
7,pulley,eh_parser_exnref,True,830008030,77,7167000.0,24685000.0,25185000.0,25925000.0,1924430000.0,0.0,,1.0,1.46,4414730938,3025127814,105119744,
7,pulley,eh_parser_legacy,False,,,,,,,,,,,,,,,Module::from_binary failed — invalid wasm or unsupported feature?: failed to compile: wasm[0]::function[6]: WebAssembly translation error: Unsupported feature: operator Try { blockty: Empty }
7,pulley,gc_trees,True,-81253392,9,7858000.0,211127000.0,212206000.0,215523000.0,1897820000.0,0.0,,1.0,1.62,4806003043,2967304821,105119744,
7,pulley,callref_dispatch,True,-750120562,64,6508000.0,29402000.0,29688000.0,31262000.0,1888550000.0,0.0,,1.0,1.54,4569069899,2968469876,105119744,
7,pulley,callref_dispatch.indirect,True,-750120562,71,5488000.0,27587000.0,27888000.0,30537000.0,1970270000.0,0.0,,1.0,1.57,4852433028,3096911906,105119744,
7,pulley,relaxed_dot,True,-551922832,149,11230000.0,11229000.0,12538000.0,13739000.0,1835350000.0,0.0,,1.0,1.74,5009973230,2884642408,105119744,
7,pulley,relaxed_madd,True,-1435646925,3148,10771000.0,520000.0,585000.0,795000.0,1813430000.0,0.0,,1.0,1.47,4203056351,2850263626,105119744,
7,pulley,mem64_chase,True,433527714,26,2778000.0,73027000.0,74259000.0,76453000.0,1915840000.0,0.0,,1.0,0.6,1797058279,3011647506,160317440,
7,pulley,mem64_chase.mem32,True,433527714,32,2542000.0,53984000.0,62036000.0,63823000.0,1938250000.0,0.0,,1.0,0.48,1474441253,3046583945,160563200,
7,pulley,multimem_transform,True,902712413,173,2998000.0,10034000.0,10296000.0,11721000.0,1781270000.0,0.0,,1.0,1.99,5563656333,2799757931,160563200,
7,pulley,multimem_transform.single,True,902712413,139,3107000.0,13587000.0,13784000.0,14639000.0,1908160000.0,0.0,,1.0,1.99,5958837899,2999269745,160563200,
7,pulley,extconst_init,True,-1152068691,9082,1359509000.0,183000.0,202000.0,319000.0,2204160000.0,0.0,,1.0,1.33,4595864868,3464883035,160563200,
7,pulley,extconst_init.mvp,True,-1152068691,15503,112760000.0,110000.0,125000.0,208000.0,2554780000.0,0.0,,1.0,1.15,4637111704,4015816274,160563200,
8,pulley,fib,True,832040,15,14600000.0,125545000.0,126507000.0,137657000.0,1867680000.0,0.0,,0.995,1.81,5330103875,2941827225,33521664,
8,pulley,fib_tail,True,873876091,3482,2322000.0,541000.0,570000.0,888000.0,2002880000.0,0.0,,0.998,2.39,7540238735,3151803329,34275328,
8,pulley,factorial,True,-2102132736,16384,2601000.0,1000.0,1000.0,1000.0,18550000.0,0.0,,0.996,1.56,45352174,29080083,34930688,
8,pulley,sieve,True,1229,977,5338000.0,959000.0,964000.0,1294000.0,905740000.0,0.0,,0.999,2.01,2992662864,1489006047,35815424,
8,pulley,crc32,True,-1910355869,300,4101000.0,6534000.0,6614000.0,8729000.0,2006690000.0,0.0,,1.0,2.19,6932773666,3169520890,35946496,
8,pulley,matmul_simd,True,48907,398,7826000.0,4729000.0,4780000.0,5714000.0,1911400000.0,0.0,,1.0,1.97,5931935010,3004640514,36503552,
8,pulley,matmul_fma,True,48907,525,7959000.0,3663000.0,3692000.0,4192000.0,1944300000.0,0.0,,1.0,2.08,6359889056,3056297855,36732928,
8,pulley,convolution,True,8190685,186,5481000.0,9825000.0,10105000.0,10793000.0,1872660000.0,0.0,,1.0,1.95,5748685102,2943224960,37175296,
8,pulley,audio_dsp,True,761667740,1,4886000.0,1739569000.0,1739569000.0,1739569000.0,1724510000.0,0.0,,1.0,1.95,5300447737,2711564537,37273600,
8,pulley,bulk_memory,True,8698902,66,5874000.0,29892000.0,30622000.0,33156999.999999996,2007810000.0,0.0,,1.0,1.63,5134093022,3155874960,37830656,
8,pulley,call_indirect,True,-9175573,48,11031000.0,40911000.0,41851000.0,44095000.0,1986900000.0,0.0,,1.0,1.35,4212157945,3123357760,38158336,
8,pulley,sqlite3,True,0,1,4020036000.0,86342137000.0,86342137000.0,86342137000.0,85535090000.0,0.0,,1.0,1.12,151140197482,134465288489,105037824,
8,pulley,graphql_as,True,5,100,253826000.0,19142000.0,21286000.0,24837000.0,2139139999.9999998,0.0,,1.0,1.02,3445419520,3362672131,105037824,
8,pulley,graphql_porf,True,0,90,511812000.0,22060000.0,24148000.0,25491000.0,2199500000.0,0.0,,1.0,0.77,2668704924,3457534056,105037824,
8,pulley,xmrsplayer,True,-75205909,73,402977000.0,26679000.0,27371000.0,30857000.0,1986220000.0,0.0,,1.0,1.38,4316015437,3122174300,105037824,
8,pulley,vtable_mono,True,-318559695,26,17347000.0,74734000.0,76729000.0,79621000.0,1986040000.0,0.0,,1.0,1.42,4421390089,3121995229,105037824,
8,pulley,vtable_bi,True,-208336512,24,17929000.0,81623000.0,83500000.0,87547000.0,1984540000.0,0.0,,1.0,1.35,4208872134,3119434715,105037824,
8,pulley,vtable_poly4,True,-126115384,23,17986000.0,79897000.0,82303000.0,88605000.0,1870670000.0,0.0,,1.0,1.41,4144766290,2940593187,105037824,
8,pulley,vtable_poly6,True,579248763,20,18030000.0,94301000.0,95589000.0,108728000.0,1897830000.0,0.0,,1.0,1.33,3957674032,2983203214,105037824,
8,pulley,factorial.scalar,True,-2102132736,16384,1874000.0,1000.0,1000.0,1000.0,23860000.0,0.0,,0.972,1.54,42801593,27878145,105037824,
8,pulley,sieve.scalar,True,1229,1791,5005000.0,1008999.9999999999,1018000.0,1295000.0,1836220000.0,0.0,,1.0,2.02,5837963874,2886156692,105037824,
8,pulley,crc32.scalar,True,-1910355869,295,3204000.0,6567000.0,6637000.0,7279000.0,1956810000.0,0.0,,1.0,2.22,6843231617,3075832166,105037824,
8,pulley,convolution.scalar,True,8190685,102,3337000.0,19117000.0,19362000.0,20759000.0,1968800000.0,0.0,,1.0,2.17,6727399467,3094871010,105037824,
8,pulley,bulk_memory.scalar,True,8698902,61,5692000.0,30236000.0,30864000.0,32804000.000000004,1877130000.0,0.0,,1.0,1.65,4857955359,2950798846,105037824,
8,pulley,tailcall_fsm,True,-1841735369,335,7238000.0,5870000.0,5945000.0,6650000.0,1997200000.0,0.0,,1.0,1.7,5321977446,3139321888,105037824,
8,pulley,eh_parser_exnref,True,830008030,78,7435000.0,24353000.0,24864000.0,26596000.0,1918660000.0,0.0,,1.0,1.48,4460848434,3016083400,105037824,
8,pulley,eh_parser_legacy,False,,,,,,,,,,,,,,,Module::from_binary failed — invalid wasm or unsupported feature?: failed to compile: wasm[0]::function[6]: WebAssembly translation error: Unsupported feature: operator Try { blockty: Empty }
8,pulley,gc_trees,True,-81253392,9,8374000.000000001,212885000.0,213523000.0,214858000.0,1910780000.0,0.0,,1.0,1.61,4833425136,3003420171,105037824,
8,pulley,callref_dispatch,True,-750120562,67,6659000.0,29336000.0,29802000.0,33137000.0,1990490000.0,0.0,,1.0,1.53,4793890052,3128503471,105037824,
8,pulley,callref_dispatch.indirect,True,-750120562,68,5347000.0,27659000.0,28178000.0,30194000.0,1909390000.0,0.0,,1.0,1.55,4654417673,3001363282,105037824,
8,pulley,relaxed_dot,True,-551922832,176,11435000.0,11241000.0,11453000.0,12009000.0,2000430000.0,0.0,,1.0,1.88,5914925290,3144192481,105037824,
8,pulley,relaxed_madd,True,-1435646925,3439,10793000.0,522000.0,580000.0,813000.0,1959160000.0,0.0,,1.0,1.49,4599258348,3079426758,105037824,
8,pulley,mem64_chase,True,433527714,26,2630000.0,71847000.0,73918000.0,75499000.0,1898970000.0,0.0,,1.0,0.6,1790032347,2985131152,160399360,
8,pulley,mem64_chase.mem32,True,433527714,32,2457000.0,59663000.0,62082000.0,62996000.0,1964630000.0,0.0,,1.0,0.48,1472669784,3088093951,160645120,
8,pulley,multimem_transform,True,902712413,184,2602000.0,9900000.0,10125000.0,11910000.0,1859580000.0,0.0,,1.0,2.02,5915237865,2923053702,160645120,
8,pulley,multimem_transform.single,True,902712413,140,3133000.0,13565000.0,13826000.0,15568000.0,1925210000.0,0.0,,1.0,1.98,6003252207,3026162847,160645120,
8,pulley,extconst_init,True,-1152068691,9815,1349000000.0,181000.0,192000.0,299000.0,2285860000.0,0.0,,1.0,1.39,4977066242,3593298219,160645120,
8,pulley,extconst_init.mvp,True,-1152068691,16384,112517000.0,110000.0,123000.0,215000.0,2698490000.0,0.0,,1.0,1.16,4907481493,4241718854,160645120,
9,pulley,fib,True,832040,15,13628000.0,125502000.0,127074000.0,137554000.0,1871940000.0,0.0,,0.996,1.81,5330131766,2947696928,33472512,
9,pulley,fib_tail,True,873876091,3526,2331000.0,541000.0,570000.0,890000.0,2033850000.0,0.0,,0.998,2.38,7620698258,3200364484,34275328,
9,pulley,factorial,True,-2102132736,16384,2553000.0,1000.0,1000.0,1000.0,16500000.0,0.0,,0.999,1.33,34438644,25955868,34947072,
9,pulley,sieve,True,1229,2056,5901000.0,959000.0,969000.0,1271000.0,1996210000.0,0.0,,1.0,2.0,6330508153,3165217757,35717120,
9,pulley,crc32,True,-1910355869,283,3669000.0,6535000.0,6607000.0,7417000.0,1871770000.0,0.0,,1.0,2.23,6549146949,2942077834,35962880,
9,pulley,matmul_simd,True,48907,417,7988000.0,4737000.0,4797000.0,5207000.0,2007380000.0,0.0,,1.0,1.97,6210946691,3155546481,36634624,
9,pulley,matmul_fma,True,48907,532,7553000.0,3689000.0,3730000.0,4594000.0,1993550000.0,0.0,,1.0,2.06,6450777184,3133728309,36831232,
9,pulley,convolution,True,8190685,192,5242000.0,9913000.0,10457000.0,11589000.0,1990400000.0,0.0,,1.0,1.9,5938337588,3128568402,37191680,
9,pulley,audio_dsp,True,761667740,1,4785000.0,1815654000.0,1815654000.0,1815654000.0,1793230000.0,0.0,,1.0,1.87,5304188400,2830588448,37322752,
9,pulley,bulk_memory,True,8698902,64,5751000.0,29460000.0,30384000.0,31883000.0,1929070000.0,0.0,,1.0,1.64,4978062337,3031979906,37830656,
9,pulley,call_indirect,True,-9175573,48,10820000.0,40990000.0,41403000.0,45368000.0,1983350000.0,0.0,,1.0,1.36,4229496196,3117707608,38158336,
9,pulley,sqlite3,True,0,1,4020082000.0,87373251000.0,87373251000.0,87373251000.0,85832110000.0,0.0,,1.0,1.12,151156383380,134938750992,104906752,
9,pulley,graphql_as,True,5,101,249778000.0,19216000.0,21220000.0,23844000.0,2157130000.0,0.0,,1.0,1.02,3472946714,3390945708,104906752,
9,pulley,graphql_porf,True,0,83,514019000.0,21865000.0,23991000.0,25815000.0,2019090000.0,0.0,,1.0,0.78,2463331776,3173945492,104906752,
9,pulley,xmrsplayer,True,-423819878,71,405740000.0,28135000.0,28797000.0,30893000.0,2036440000.0,0.0,,1.0,1.31,4187968598,3201221940,104906752,
9,pulley,vtable_mono,True,-318559695,28,16977000.0,70301000.0,72238000.0,76193000.0,2011070000.0,0.0,,1.0,1.5,4745779751,3161348659,104906752,
9,pulley,vtable_bi,True,-208336512,24,17524000.0,82224000.0,83530000.0,86556000.0,1995970000.0,0.0,,1.0,1.34,4219058215,3137160483,104906752,
9,pulley,vtable_poly4,True,-126115384,21,19074000.0,91280000.0,92800000.0,95523000.0,1934340000.0,0.0,,1.0,1.25,3791458159,3040730790,104906752,
9,pulley,vtable_poly6,True,579248763,18,19433000.0,103191000.0,104487000.0,106026000.0,1870970000.0,0.0,,1.0,1.22,3574908344,2940889172,104906752,
9,pulley,factorial.scalar,True,-2102132736,16384,1777000.0,1000.0,1000.0,1000.0,20970000.0,0.0,,0.893,1.34,46467982,34556383,104906752,
9,pulley,sieve.scalar,True,1229,945,4905000.0,1008000.0,1018999.9999999999,1277000.0,975490000.0,0.0,,0.999,2.01,3082184847,1533048257,104906752,
9,pulley,crc32.scalar,True,-1910355869,290,3378000.0,6572000.0,6647000.0,7253000.0,1926950000.0,0.0,,1.0,2.22,6728129111,3028787867,104906752,
9,pulley,convolution.scalar,True,8190685,102,3432000.0,19101000.0,19358000.0,20624000.0,1978240000.0,0.0,,1.0,2.17,6737755068,3109740195,104906752,
9,pulley,bulk_memory.scalar,True,8698902,66,6111000.0,29386000.0,30037000.0,32588000.0,1969230000.0,0.0,,1.0,1.7,5254438205,3095578018,104906752,
9,pulley,tailcall_fsm,True,-1841735369,330,7316000.0,5871000.0,5935000.0,6556000.0,1959590000.0,0.0,,1.0,1.7,5225891459,3080193226,104906752,
9,pulley,eh_parser_exnref,True,830008030,77,7131000.0,23839000.0,24317000.0,27783000.0,1870590000.0,0.0,,1.0,1.51,4431208197,2940513630,104906752,
9,pulley,eh_parser_legacy,False,,,,,,,,,,,,,,,Module::from_binary failed — invalid wasm or unsupported feature?: failed to compile: wasm[0]::function[6]: WebAssembly translation error: Unsupported feature: operator Try { blockty: Empty }
9,pulley,gc_trees,True,-81253392,9,8260999.999999999,208970000.0,210169000.0,215209000.0,1879780000.0,0.0,,1.0,1.63,4821377177,2954885575,104906752,
9,pulley,callref_dispatch,True,-750120562,66,6726000.0,29522000.0,29981000.0,32083000.0,1962300000.0,0.0,,1.0,1.52,4689469969,3084256646,104906752,
9,pulley,callref_dispatch.indirect,True,-750120562,69,5335000.0,27849000.0,28507000.0,31487000.0,1953420000.0,0.0,,1.0,1.54,4713884924,3070506586,104906752,
9,pulley,relaxed_dot,True,-551922832,147,11448000.0,11258000.0,11774000.0,32287999.999999996,1690860000.0,0.0,,1.0,1.86,4944716933,2657561585,104906752,
9,pulley,relaxed_madd,True,-1435646925,3388,10994000.0,521000.0,584000.0,790000.0,1908010000.0,0.0,,1.0,1.51,4522452952,2999135149,104906752,
9,pulley,mem64_chase,True,433527714,27,2865000.0,73305000.0,75629000.0,82770000.0,2026830000.0,0.0,,1.0,0.59,1870167414,3186120542,160333824,
9,pulley,mem64_chase.mem32,True,433527714,32,2406000.0,59937000.0,61878000.0,62685000.0,1959660000.0,0.0,,1.0,0.48,1469753502,3080249093,160579584,
9,pulley,multimem_transform,True,902712413,184,2946000.0,10026000.0,10294000.0,11371000.0,1889490000.0,0.0,,1.0,1.99,5902971653,2969904487,160579584,
9,pulley,multimem_transform.single,True,902712413,138,3053000.0,13599000.0,13959000.0,16358000.0,1940740000.0,0.0,,1.0,1.94,5920555028,3050485197,160579584,
9,pulley,extconst_init,True,-1152068691,10813,1362912000.0,180000.0,189000.0,279000.0,2489260000.0,0.0,,1.0,1.39,5437666098,3913020978,160579584,
9,pulley,extconst_init.mvp,True,-1152068691,16000,113171000.0,109000.0,125000.0,198000.0,2604610000.0,0.0,,1.0,1.16,4733611834,4094097345,160579584,
1,tinywasm,fib,True,832040,5,5051000.0,328989000.0,329676000.0,330905000.0,1621540000.0,0.0,,0.999,1.89,4815553925,2548652408,30523392,
1,tinywasm,fib_tail,True,873876091,947,489000.0,2084000.0,2128000.0,2791000.0,2033260000.0,0.0,,1.0,2.09,6682202135,3196229332,31391744,
1,tinywasm,factorial,True,-2102132736,16384,687000.0,1000.0,2000.0,2000.0,33280000.0,0.0,,0.932,1.55,83715117,53928439,31883264,
1,tinywasm,sieve,True,1229,1077,607000.0,1852000.0,1857000.0,2283000.0,1989530000.0,0.0,,1.0,2.08,6618659294,3185063153,32210944,
1,tinywasm,crc32,True,-1910355869,129,512000.0,15284000.0,15789000.0,17197000.0,2028040000.0,0.0,,1.0,1.9,6050576672,3187712949,32309248,
1,tinywasm,matmul_simd,True,48907,182,688000.0,10921000.0,11076000.0,13485000.0,2003400000.0,0.0,,1.0,2.01,6324628102,3150623511,32735232,
1,tinywasm,matmul_fma,True,48907,231,511000.0,8514000.0,8644000.0,9238000.0,1983060000.0,0.0,,1.0,1.95,6064419523,3117285939,32948224,
1,tinywasm,convolution,True,8190685,113,479000.0,17320000.0,17675000.0,23899000.0,1982520000.0,0.0,,1.0,1.8,5602043387,3116170509,33144832,
1,tinywasm,audio_dsp,True,761667740,1,1799000.0,3424810000.0,3424810000.0,3424810000.0,3389700000.0,0.0,,1.0,1.94,10352823472,5328504951,33456128,
1,tinywasm,bulk_memory,True,8698902,66,560000.0,29351000.0,29711000.0,30432000.0,1946120000.0,0.0,,1.0,2.04,6230480501,3059232764,33685504,
1,tinywasm,call_indirect,True,-9175573,33,1592000.0,60242000.0,60636000.0,63865000.0,1983480000.0,0.0,,1.0,1.64,5100238213,3117948322,33931264,
1,tinywasm,xmrsplayer,True,1741175410,39,11855000.0,49717000.0,50331000.0,51676000.0,1949820000.0,0.0,,1.0,1.52,4662014828,3065015583,51822592,
1,tinywasm,vtable_mono,True,-318559695,19,604000.0,112845000.0,114275000.0,115102000.0,2163520000.0,0.0,,1.0,1.52,5170394350,3400975489,51822592,
1,tinywasm,vtable_bi,True,-208336512,16,596000.0,120796000.0,122749000.0,125336000.0,1948770000.0,0.0,,1.0,1.72,5265397208,3063155937,51822592,
1,tinywasm,vtable_poly4,True,-126115384,15,604000.0,135462000.0,137457000.0,215606000.0,2034110000.0,0.0,,1.0,1.62,5178023791,3197531256,51822592,
1,tinywasm,vtable_poly6,True,579248763,14,929000.0,145459000.0,146374000.0,149931000.0,2028730000.0,0.0,,1.0,1.65,5271016156,3188775203,51822592,
1,tinywasm,graphql_as,True,5,51,7260000.0,32968000.000000004,37146000.0,43083000.0,1902170000.0,0.0,,1.0,1.45,4341892684,2990151904,51822592,
1,tinywasm,graphql_porf,True,0,60,9763000.0,31061000.0,33731000.0,35557000.0,2038610000.0,0.0,,1.0,1.21,3865222494,3204627065,53542912,
1,tinywasm,sqlite3,False,,,,,,,,,,,,,,,N/A — the harness only has a WASI preview-1 + bench.* import shim for Pulley
1,tinywasm,factorial.scalar,True,-2102132736,16384,341000.0,1000.0,1000.0,1000.0,21650000.0,0.0,,0.77,1.6,61171974,38264826,53542912,
1,tinywasm,sieve.scalar,True,1229,1004,465000.0,1982000.0,1988000.0,2335000.0,2014730000.0,0.0,,1.0,2.04,6447160376,3166771804,53542912,
1,tinywasm,crc32.scalar,True,-1910355869,127,487000.0,15387000.0,15945000.0,17188000.0,2009690000.0,0.0,,1.0,1.89,5976561293,3158920781,53542912,
1,tinywasm,convolution.scalar,True,8190685,45,426000.0,41565000.0,42116000.0,44037000.0,1883080000.0,0.0,,1.0,1.89,5601731508,2960148089,53542912,
1,tinywasm,bulk_memory.scalar,True,8698902,61,602000.0,31468000.0,31827000.0,33746000.0,1934880000.0,0.0,,1.0,2.03,6173055825,3041571311,53542912,
1,tinywasm,tailcall_fsm,True,-1841735369,134,568000.0,14418000.0,14661000.0,17069000.0,1956930000.0,0.0,,1.0,1.97,6068567096,3075946304,53542912,
1,tinywasm,eh_parser_exnref,True,830008030,45,581000.0,43320000.0,43999000.0,47480000.0,1965180000.0,0.0,,1.0,1.62,5012122026,3089197116,53542912,
1,tinywasm,eh_parser_legacy,False,,,,,,,,,,,,,,,tinywasm::parse_bytes failed: error parsing module: legacy exceptions support is not enabled (at offset 0x171) at offset 369
1,tinywasm,gc_trees,True,-81253392,7,155000.0,260834999.99999997,261305000.0,265476999.99999997,1819300000.0,0.0,,1.0,1.52,4334532970,2859789940,53542912,
1,tinywasm,callref_dispatch,True,-750120562,35,285000.0,54968000.0,55473000.0,57239000.0,1929520000.0,0.0,,1.0,1.74,5289193679,3032892257,53542912,
1,tinywasm,callref_dispatch.indirect,True,-750120562,37,261000.0,52969000.0,53368000.0,54449000.0,1961760000.0,0.0,,1.0,1.7,5247546431,3083588389,53542912,
1,tinywasm,relaxed_dot,True,-551922832,290,835000.0,6542000.0,6699000.0,8076000.000000001,1933800000.0,0.0,,1.0,1.74,5285757958,3042628482,53542912,
1,tinywasm,relaxed_madd,True,-1435646925,954,544000.0,2130000.0,2151000.0,2511000.0,2063780000.0000002,0.0,,1.0,1.69,5489620958,3243961372,53542912,
1,tinywasm,mem64_chase,True,433527714,22,18045000.0,87525000.0,91966000.0,98653000.0,2013130000.0,0.0,,1.0,0.75,2363800072,3164568931,110788608,
1,tinywasm,mem64_chase.mem32,True,433527714,23,17696000.0,80243000.0,81774000.0,89725000.0,1885960000.0,0.0,,1.0,0.76,2240611851,2964668455,111050752,
1,tinywasm,multimem_transform,True,902712413,108,322000.0,18251000.0,18493000.0,20170000.0,1993130000.0,0.0,,1.0,2.12,6632031764,3132832193,111050752,
1,tinywasm,multimem_transform.single,True,902712413,111,568000.0,17278000.0,17540000.0,20695000.0,1943470000.0,0.0,,1.0,2.19,6694514030,3054776477,111050752,
1,tinywasm,extconst_init,True,-1152068691,1838,15180000.0,958000.0,1014000.0,1376000.0,1986040000.0,0.0,,1.0,1.9,5940672269,3121755282,111050752,
1,tinywasm,extconst_init.mvp,True,-1152068691,7278,4963000.0,256000.0,266000.0,394000.0,2231830000.0,0.0,,1.0,1.73,6068739622,3508022506,111050752,
10,tinywasm,fib,True,832040,5,2314000.0,329336000.0,332120000.0,332535000.0,1633830000.0,0.0,,0.999,1.88,4816215475,2557392082,30588928,
10,tinywasm,fib_tail,True,873876091,938,561000.0,2084000.0,2129000.0,3175000.0,2022520000.0,0.0,,1.0,2.09,6633276011,3179234247,31457280,
10,tinywasm,factorial,True,-2102132736,16384,687000.0,1000.0,2000.0,2000.0,29030000.0,0.0,,0.924,1.48,70028425,47345664,31916032,
10,tinywasm,sieve,True,1229,1078,564000.0,1852000.0,1856000.0,2221000.0,1983450000.0,0.0,,0.999,2.08,6603052713,3181405899,32260096,
10,tinywasm,crc32,True,-1910355869,123,540000.0,15290000.0,15854000.0,18223000.0,1941530000.0,0.0,,1.0,1.89,5765331706,3051743521,32292864,
10,tinywasm,matmul_simd,True,48907,176,688000.0,10915000.0,11096000.0,12426000.0,1940850000.0,0.0,,1.0,2.0,6110383294,3050945838,32702464,
10,tinywasm,matmul_fma,True,48907,216,507000.0,8517000.0,8664000.0,10100000.0,1864820000.0,0.0,,1.0,1.94,5683133100,2931426174,32948224,
10,tinywasm,convolution,True,8190685,111,492000.0,17303000.0,17654000.0,18515000.0,1945080000.0,0.0,,1.0,1.8,5498400619,3057340001,33128448,
10,tinywasm,audio_dsp,True,761667740,1,609000.0,3284472000.0,3284472000.0,3284472000.0,3252870000.0,0.0,,1.0,2.03,10364524929,5113398393,33456128,
10,tinywasm,bulk_memory,True,8698902,67,542000.0,29341000.0,29663000.0,31153000.0,1972620000.0,0.0,,1.0,2.04,6320489726,3100721423,33685504,
10,tinywasm,call_indirect,True,-9175573,33,650000.0,59485000.0,59876000.0,63071000.0,1967910000.0,0.0,,1.0,1.66,5127850784,3093485575,33964032,
10,tinywasm,xmrsplayer,True,1523100340,40,10840000.0,49752000.0,50329000.0,54578000.0,2003140000.0,0.0,,1.0,1.52,4776374606,3148865402,51822592,
10,tinywasm,vtable_mono,True,-318559695,19,587000.0,101466000.0,103566000.0,104756000.0,1952680000.0,0.0,,1.0,1.68,5162877995,3069540492,51822592,
10,tinywasm,vtable_bi,True,-208336512,16,611000.0,120307000.0,121088000.0,123812000.0,1928670000.0,0.0,,1.0,1.73,5258931476,3031653971,51822592,
10,tinywasm,vtable_poly4,True,-126115384,15,627000.0,134994000.0,135496000.0,137517000.0,2015310000.0,0.0,,1.0,1.63,5179522182,3167963558,51822592,
10,tinywasm,vtable_poly6,True,579248763,13,643000.0,144539000.0,145663000.0,147237000.0,1884080000.0,0.0,,1.0,1.66,4923967329,2961369232,51822592,
10,tinywasm,graphql_as,True,5,52,6380000.0,32975000.0,37426000.0,42172000.0,1955730000.0,0.0,,1.0,1.45,4454163874,3074339847,51822592,
10,tinywasm,graphql_porf,True,0,58,9996000.0,31396000.0,33585000.0,34790000.0,1961090000.0,0.0,,1.0,1.21,3719326170,3082767557,53526528,
10,tinywasm,sqlite3,False,,,,,,,,,,,,,,,N/A — the harness only has a WASI preview-1 + bench.* import shim for Pulley
10,tinywasm,factorial.scalar,True,-2102132736,16384,355000.0,1000.0,1000.0,1000.0,35030000.0,0.0,,0.857,1.55,92179854,59338368,53526528,
10,tinywasm,sieve.scalar,True,1229,1005,465000.0,1982000.0,1986000.0,2402000.0,2018940000.0,0.0,,1.0,2.03,6456439412,3173443984,53526528,
10,tinywasm,crc32.scalar,True,-1910355869,116,432000.0,15485000.0,15989000.0,17137000.0,1841130000.0,0.0,,1.0,1.89,5463943776,2893922604,53526528,
10,tinywasm,convolution.scalar,True,8190685,47,477000.0,41622000.0,42078000.0,44833000.0,1972720000.0,0.0,,1.0,1.89,5864374552,3101043818,53526528,
10,tinywasm,bulk_memory.scalar,True,8698902,63,502000.0,31475000.0,31888000.0,35316000.0,2000040000.0,0.0,,1.0,2.03,6376825822,3143998109,53526528,
10,tinywasm,tailcall_fsm,True,-1841735369,132,672000.0,14431000.0,14816000.0,15549000.0,1940260000.0,0.0,,1.0,1.96,5966406839,3049815902,53526528,
10,tinywasm,eh_parser_exnref,True,830008030,45,591000.0,43219000.0,43854000.0,45747000.0,1966980000.0,0.0,,1.0,1.63,5032493559,3092002226,53526528,
10,tinywasm,eh_parser_legacy,False,,,,,,,,,,,,,,,tinywasm::parse_bytes failed: error parsing module: legacy exceptions support is not enabled (at offset 0x171) at offset 369
10,tinywasm,gc_trees,True,-81253392,7,151000.0,262036000.0,263454000.0,266534000.0,1824120000.0,0.0,,1.0,1.5,4312915340,2867390196,53526528,
10,tinywasm,callref_dispatch,True,-750120562,35,296000.0,55226000.0,55682000.0,56554000.0,1943170000.0,0.0,,1.0,1.74,5300357538,3054168288,53526528,
10,tinywasm,callref_dispatch.indirect,True,-750120562,37,262000.0,53097000.0,53588000.0,55741000.0,1969980000.0,0.0,,1.0,1.7,5250801064,3096735830,53526528,
10,tinywasm,relaxed_dot,True,-551922832,298,574000.0,6552000.0,6709000.0,7600000.0,1998410000.0,0.0,,1.0,1.73,5442523165,3140964311,53526528,
10,tinywasm,relaxed_madd,True,-1435646925,947,548000.0,2130000.0,2155000.0,2515000.0,2052389999.9999998,0.0,,1.0,1.69,5446493508,3226739858,53526528,
10,tinywasm,mem64_chase,True,433527714,22,18808000.0,85794000.0,91758000.0,104006000.0,2014290000.0,0.0,,1.0,0.75,2359735422,3166395368,110854144,
10,tinywasm,mem64_chase.mem32,True,433527714,23,18125000.0,79210000.0,83223000.0,90894000.0,1904450000.0,0.0,,1.0,0.75,2235576174,2993732157,111116288,
10,tinywasm,multimem_transform,True,902712413,105,311000.0,18334000.0,18588000.0,19346000.0,1932660000.0,0.0,,1.0,2.11,6412820295,3037871256,111116288,
10,tinywasm,multimem_transform.single,True,902712413,111,318000.0,17337000.0,17573000.0,18340000.0,1932690000.0,0.0,,1.0,2.19,6653361214,3037746189,111116288,
10,tinywasm,extconst_init,True,-1152068691,1712,15311000.0,1006000.0,1071000.0,1429000.0,1954060000.0,0.0,,1.0,1.8,5536673881,3071551555,111116288,
10,tinywasm,extconst_init.mvp,True,-1152068691,7643,4883000.0,256000.0,267000.0,415000.0,2352730000.0,0.0,,1.0,1.72,6373955707,3698241912,111116288,
2,tinywasm,fib,True,832040,5,2100000.0,328006000.0,331865000.0,333532000.0,1624690000.0,0.0,,0.999,1.89,4823557460,2553554064,30523392,
2,tinywasm,fib_tail,True,873876091,780,470000.0,2108000.0,2128000.0,2735000.0,1673620000.0,0.0,,0.999,2.09,5504567915,2632269111,31358976,
2,tinywasm,factorial,True,-2102132736,16384,628000.0,1000.0,1000.0,2000.0,24600000.0,0.0,,0.901,1.52,61445783,40445359,31850496,
2,tinywasm,sieve,True,1229,1080,649000.0,1850000.0,1854000.0,2252000.0,1980890000.0,0.0,,0.999,2.08,6611549566,3177117804,32178176,
2,tinywasm,crc32,True,-1910355869,123,514000.0,15316000.0,15948000.0,16672999.999999998,1945750000.0,0.0,,1.0,1.89,5772256068,3058533618,32325632,
2,tinywasm,matmul_simd,True,48907,165,712000.0,10917000.0,11146000.0,12902000.0,1823110000.0,0.0,,1.0,2.0,5743438675,2865846319,32735232,
2,tinywasm,matmul_fma,True,48907,231,530000.0,8506000.0,8631000.0,9980000.0,1986290000.0,0.0,,1.0,1.94,6087801701,3135422041,32980992,
2,tinywasm,convolution,True,8190685,109,490000.0,17395000.0,17758000.0,18833000.0,1925290000.0,0.0,,1.0,1.79,5409788189,3026188950,33128448,
2,tinywasm,audio_dsp,True,761667740,1,511000.0,3318352000.0,3318352000.0,3318352000.0,3283920000.0,0.0,,1.0,2.01,10373377206,5162224525,33456128,
2,tinywasm,bulk_memory,True,8698902,67,548000.0,29342000.0,29780000.0,30957000.0,1983400000.0,0.0,,1.0,2.03,6337850940,3117612200,33701888,
2,tinywasm,call_indirect,True,-9175573,33,602000.0,59397000.0,59798000.0,60504000.0,1961760000.0,0.0,,1.0,1.66,5112990003,3083818620,33931264,
2,tinywasm,xmrsplayer,True,1523100340,40,11273000.0,47642000.0,48234000.0,50268000.0,1916740000.0,0.0,,1.0,1.58,4770604691,3013050965,51789824,
2,tinywasm,vtable_mono,True,-318559695,18,611000.0,101858000.0,104195000.0,108220000.0,1856850000.0,0.0,,1.0,1.67,4877998298,2918891885,51789824,
2,tinywasm,vtable_bi,True,-208336512,16,626000.0,121136000.0,122266000.0,124232000.0,1937450000.0,0.0,,1.0,1.72,5239113537,3045290885,51789824,
2,tinywasm,vtable_poly4,True,-126115384,15,631000.0,127201000.0,130556000.00000001,132854999.99999999,1942910000.0,0.0,,1.0,1.7,5189843151,3054191248,51789824,
2,tinywasm,vtable_poly6,True,579248763,14,868000.0,140482000.0,141145000.0,144210000.0,1968060000.0,0.0,,1.0,1.71,5298574403,3093435539,51789824,
2,tinywasm,graphql_as,True,5,53,6662000.0,33106000.0,37625000.0,42110000.0,1996380000.0,0.0,,1.0,1.44,4517649349,3138256027,51789824,
2,tinywasm,graphql_porf,True,0,60,10629000.0,31508000.0,34176000.0,42945000.0,2030980000.0,0.0,,1.0,1.21,3858776826,3192636501,53526528,
2,tinywasm,sqlite3,False,,,,,,,,,,,,,,,N/A — the harness only has a WASI preview-1 + bench.* import shim for Pulley
2,tinywasm,factorial.scalar,True,-2102132736,16384,340000.0,1000.0,1000.0,1000.0,27880000.0,0.0,,0.812,1.52,73546524,48293280,53526528,
2,tinywasm,sieve.scalar,True,1229,1005,511000.0,1978000.0,1982000.0,2369000.0,2011070000.0,0.0,,1.0,2.04,6448673726,3160892130,53526528,
2,tinywasm,crc32.scalar,True,-1910355869,122,446000.0,15402000.0,16017000.0,17203000.0,1937900000.0,0.0,,1.0,1.89,5741849795,3046042422,53526528,
2,tinywasm,convolution.scalar,True,8190685,47,421000.0,41532000.0,41979000.0,51862000.0,1965310000.0,0.0,,1.0,1.89,5853153332,3089374602,53526528,
2,tinywasm,bulk_memory.scalar,True,8698902,63,515000.0,31530000.0,32008000.000000004,35410000.0,2003220000.0,0.0,,1.0,2.03,6382894751,3148979371,53526528,
2,tinywasm,tailcall_fsm,True,-1841735369,136,457000.0,14606000.0,14867000.0,16250000.0,2005530000.0,0.0,,1.0,1.95,6162387169,3152395091,53526528,
2,tinywasm,eh_parser_exnref,True,830008030,45,528000.0,43370000.0,44024000.0,48101000.0,1966090000.0,0.0,,1.0,1.63,5023061888,3090637483,53526528,
2,tinywasm,eh_parser_legacy,False,,,,,,,,,,,,,,,tinywasm::parse_bytes failed: error parsing module: legacy exceptions support is not enabled (at offset 0x171) at offset 369
2,tinywasm,gc_trees,True,-81253392,7,136000.0,264906000.0,266245000.0,268416999.99999997,1848160000.0,0.0,,1.0,1.49,4325787739,2905186036,53526528,
2,tinywasm,callref_dispatch,True,-750120562,35,283000.0,55554000.0,55842000.0,58202000.0,1942570000.0,0.0,,1.0,1.73,5279795719,3053257171,53526528,
2,tinywasm,callref_dispatch.indirect,True,-750120562,37,271000.0,52983000.0,53349000.0,54958000.0,1970550000.0,0.0,,1.0,1.7,5267565395,3097373579,53526528,
2,tinywasm,relaxed_dot,True,-551922832,291,585000.0,6683000.0,6861000.0,7594000.0,1995230000.0,0.0,,1.0,1.7,5317032449,3136267140,53526528,
2,tinywasm,relaxed_madd,True,-1435646925,967,598000.0,2128000.0,2155000.0,2454000.0,2095290000.0,0.0,,1.0,1.69,5562855514,3294237669,53526528,
2,tinywasm,mem64_chase,True,433527714,20,19469000.0,86016000.0,92841000.0,108187000.0,1860590000.0,0.0,,1.0,0.73,2137855889,2924789402,110870528,
2,tinywasm,mem64_chase.mem32,True,433527714,24,18844000.0,78404000.0,83590000.0,88454000.0,1988470000.0,0.0,,1.0,0.75,2339632183,3125808644,111149056,
2,tinywasm,multimem_transform,True,902712413,108,507000.0,18257000.0,18482000.0,19296000.0,1995100000.0,0.0,,1.0,2.12,6639100868,3136014682,111149056,
2,tinywasm,multimem_transform.single,True,902712413,112,335000.0,17288000.0,17526000.0,18636000.0,1949180000.0,0.0,,1.0,2.19,6721345532,3063753670,111149056,
2,tinywasm,extconst_init,True,-1152068691,1648,15287000.0,1012000.0,1060000.0,1339000.0,1858680000.0,0.0,,1.0,1.82,5330466768,2921413533,111149056,
2,tinywasm,extconst_init.mvp,True,-1152068691,7704,4941000.0,256000.0,267000.0,383000.0,2360400000.0,0.0,,1.0,1.73,6424974932,3710151314,111149056,
3,tinywasm,fib,True,832040,5,2438000.0,328519000.0,331786000.0,335427000.0,1631190000.0,0.0,,0.999,1.88,4831561380,2563678183,30572544,
3,tinywasm,fib_tail,True,873876091,944,487000.0,2108000.0,2125000.0,3362000.0,2031170000.0,0.0,,1.0,2.09,6672923860,3192834495,31424512,
3,tinywasm,factorial,True,-2102132736,16384,642000.0,1000.0,1000.0,2000.0,27470000.0,0.0,,0.92,1.53,68511919,44875529,31899648,
3,tinywasm,sieve,True,1229,1072,554000.0,1850000.0,1854000.0,2202000.0,1982010000.0,0.0,,0.999,2.08,6569213743,3161659395,32227328,
3,tinywasm,crc32,True,-1910355869,123,502000.0,15403000.0,16015000.0,17520000.0,1950390000.0,0.0,,1.0,1.88,5754132517,3065761438,32309248,
3,tinywasm,matmul_simd,True,48907,178,761000.0,10937000.0,11138000.0,12820000.0,1950950000.0,0.0,,1.0,2.0,6169787319,3087551566,32718848,
3,tinywasm,matmul_fma,True,48907,233,534000.0,8539000.0,8694000.0,10451000.0,2020750000.0,0.0,,1.0,1.94,6150081949,3176555716,32948224,
3,tinywasm,convolution,True,8190685,110,491000.0,17540000.0,17885000.0,18567000.0,1951400000.0,0.0,,1.0,1.78,5453390496,3067192902,33095680,
3,tinywasm,audio_dsp,True,761667740,1,582000.0,3324376000.0,3324376000.0,3324376000.0,3292860000.0,0.0,,1.0,2.0,10353224762,5176239927,33439744,
3,tinywasm,bulk_memory,True,8698902,66,563000.0,29411000.0,29764000.0,33141000.0,1956410000.0,0.0,,1.0,2.03,6241850834,3075279632,33669120,
3,tinywasm,call_indirect,True,-9175573,33,613000.0,59477000.0,59784000.0,60275000.0,1966190000.0,0.0,,1.0,1.66,5119711431,3090793279,33914880,
3,tinywasm,xmrsplayer,True,903817999,41,11728000.0,47644000.0,48134000.0,50589000.0,1964720000.0,0.0,,1.0,1.58,4888916161,3088474738,51806208,
3,tinywasm,vtable_mono,True,-318559695,19,664000.0,101609000.0,103775000.0,105930000.0,1965360000.0,0.0,,1.0,1.67,5159373994,3089488295,51806208,
3,tinywasm,vtable_bi,True,-208336512,16,657000.0,120553000.0,121994000.0,125408000.0,1942990000.0,0.0,,1.0,1.72,5266172023,3053932213,51806208,
3,tinywasm,vtable_poly4,True,-126115384,15,613000.0,127251000.0,130356000.0,132051999.99999999,1925890000.0,0.0,,1.0,1.71,5163082522,3027437369,51806208,
3,tinywasm,vtable_poly6,True,579248763,14,616000.0,140658000.0,142462000.0,144307000.0,1987350000.0,0.0,,1.0,1.7,5310044331,3123744655,51806208,
3,tinywasm,graphql_as,True,5,52,6415000.0,33326000.0,37652000.0,42572000.0,1967340000.0,0.0,,1.0,1.44,4442133716,3092604209,51806208,
3,tinywasm,graphql_porf,True,0,60,9880000.0,31305000.0,34166000.0,37405000.0,2060880000.0,0.0,,1.0,1.19,3848702376,3239612733,53592064,
3,tinywasm,sqlite3,False,,,,,,,,,,,,,,,N/A — the harness only has a WASI preview-1 + bench.* import shim for Pulley
3,tinywasm,factorial.scalar,True,-2102132736,16384,347000.0,1000.0,1000.0,1000.0,18880000.0,0.0,,0.734,1.72,57851825,33728566,53592064,
3,tinywasm,sieve.scalar,True,1229,1010,438000.0,1978000.0,1985000.0,2369000.0,2023610000.0,0.0,,0.999,2.03,6472531006,3181098033,53592064,
3,tinywasm,crc32.scalar,True,-1910355869,125,444000.0,15399000.0,16027999.999999998,16776000.0,2001810000.0,0.0,,1.0,1.88,5878184761,3130937101,53592064,
3,tinywasm,convolution.scalar,True,8190685,47,429000.0,41598000.0,41895000.0,44320000.0,1970370000.0,0.0,,1.0,1.89,5866236488,3097357825,53592064,
3,tinywasm,bulk_memory.scalar,True,8698902,62,528000.0,31494000.0,31946000.0,34894000.0,1975250000.0,0.0,,1.0,2.03,6290217498,3105001299,53592064,
3,tinywasm,tailcall_fsm,True,-1841735369,135,483000.0,14484000.0,14774000.0,15835000.0,1991350000.0,0.0,,1.0,1.96,6125336829,3130068622,53592064,
3,tinywasm,eh_parser_exnref,True,830008030,45,561000.0,43487000.0,43962000.0,47616000.0,1975300000.0,0.0,,1.0,1.62,5041078231,3105108891,53592064,
3,tinywasm,eh_parser_legacy,False,,,,,,,,,,,,,,,tinywasm::parse_bytes failed: error parsing module: legacy exceptions support is not enabled (at offset 0x171) at offset 369
3,tinywasm,gc_trees,True,-81253392,7,159000.0,259124000.00000003,261558000.0,263553999.99999997,1816530000.0,0.0,,1.0,1.51,4325477353,2855461669,53592064,
3,tinywasm,callref_dispatch,True,-750120562,35,287000.0,55370000.0,55906000.0,58373000.0,1946240000.0,0.0,,1.0,1.73,5289746881,3059166625,53592064,
3,tinywasm,callref_dispatch.indirect,True,-750120562,37,261000.0,53066000.0,53489000.0,57965000.0,1971280000.0,0.0,,1.0,1.69,5249399411,3098512313,53592064,
3,tinywasm,relaxed_dot,True,-551922832,302,578000.0,6546000.0,6707000.0,7388000.0,2027310000.0,0.0,,1.0,1.73,5519863976,3186382378,53592064,
3,tinywasm,relaxed_madd,True,-1435646925,971,862000.0,2134000.0,2157000.0,2598000.0,2108170000.0,0.0,,1.0,1.69,5593242161,3313626201,53592064,
3,tinywasm,mem64_chase,True,433527714,20,18493000.0,86288000.0,96160000.0,101732000.0,1888310000.0,0.0,,1.0,0.72,2141819923,2968337198,110886912,
3,tinywasm,mem64_chase.mem32,True,433527714,23,17870000.0,79135000.0,82573000.0,88615000.0,1890780000.0,0.0,,1.0,0.75,2233970061,2972220880,111181824,
3,tinywasm,multimem_transform,True,902712413,105,275000.0,18226000.0,18489000.0,19559000.0,1931970000.0,0.0,,1.0,2.11,6421370467,3036729253,111181824,
3,tinywasm,multimem_transform.single,True,902712413,111,315000.0,17320000.0,17573000.0,19691000.0,1942380000.0,0.0,,1.0,2.19,6684674757,3053123743,111181824,
3,tinywasm,extconst_init,True,-1152068691,1748,15743000.0,1028000.0,1092000.0,1449000.0,2034650000.0,0.0,,1.0,1.77,5652148242,3198284101,111181824,
3,tinywasm,extconst_init.mvp,True,-1152068691,7673,5466000.0,255000.0,264000.0,409000.0,2343040000.0,0.0,,1.0,1.74,6396978035,3682875255,111181824,
4,tinywasm,fib,True,832040,5,2065000.0,329913000.0,333903000.0,334120000.0,1631000000.0,0.0,,0.999,1.88,4821752822,2563406962,30588928,
4,tinywasm,fib_tail,True,873876091,942,601000.0,2052000.0,2120000.0,3156000.0,2017480000.0,0.0,,1.0,2.1,6651214519,3171351483,31440896,
4,tinywasm,factorial,True,-2102132736,16384,659000.0,1000.0,1000.0,2000.0,27610000.0,0.0,,0.914,1.56,70213523,45101246,31916032,
4,tinywasm,sieve,True,1229,1079,568000.0,1850000.0,1855000.0,2305000.0,1990220000.0,0.0,,1.0,2.08,6615991329,3179275273,32260096,
4,tinywasm,crc32,True,-1910355869,124,510000.0,15278000.0,15898000.0,17122000.0,1964150000.0,0.0,,1.0,1.89,5820530188,3087323113,32342016,
4,tinywasm,matmul_simd,True,48907,178,841000.0,10912000.0,11095000.0,12485000.0,1956670000.0,0.0,,1.0,2.01,6218223943,3098586386,32768000,
4,tinywasm,matmul_fma,True,48907,233,512000.0,8498000.0,8616000.0,9237000.0,2009520000.0,0.0,,1.0,1.95,6157131437,3158871342,32980992,
4,tinywasm,convolution,True,8190685,112,489000.0,17301000.0,17601000.0,18386000.0,1962880000.0,0.0,,1.0,1.8,5566390208,3085258356,33161216,
4,tinywasm,audio_dsp,True,761667740,1,556000.0,3289514000.0,3289514000.0,3289514000.0,3248180000.0,0.0,,1.0,2.03,10348114009,5106012927,33505280,
4,tinywasm,bulk_memory,True,8698902,67,563000.0,29361000.0,29854000.0,31455000.0,1980390000.0,0.0,,1.0,2.03,6321419880,3112981975,33734656,
4,tinywasm,call_indirect,True,-9175573,32,644000.0,59482000.0,59893000.0,61149000.0,1905800000.0,0.0,,1.0,1.66,4962632053,2995865927,33996800,
4,tinywasm,xmrsplayer,True,1741175410,39,10669000.0,49226000.0,49711000.0,51482000.0,1920870000.0,0.0,,1.0,1.54,4645331888,3019508820,51855360,
4,tinywasm,vtable_mono,True,-318559695,19,627000.0,103379000.0,105075000.0,108054000.0,1983740000.0,0.0,,1.0,1.66,5164192787,3118384154,51855360,
4,tinywasm,vtable_bi,True,-208336512,16,594000.0,121608000.0,123101000.0,125867000.0,1947470000.0,0.0,,1.0,1.72,5250527422,3061049902,51855360,
4,tinywasm,vtable_poly4,True,-126115384,15,641000.0,129389999.99999999,130743000.0,133270999.99999999,1950990000.0,0.0,,1.0,1.69,5185839443,3066891009,51855360,
4,tinywasm,vtable_poly6,True,579248763,14,626000.0,150463000.0,151635000.0,154786000.0,2103909999.9999998,0.0,,1.0,1.6,5278970105,3306974457,51855360,
4,tinywasm,graphql_as,True,5,52,6411000.0,33186000.0,37402000.0,42454000.0,1953840000.0,0.0,,1.0,1.44,4433710017,3071347541,51855360,
4,tinywasm,graphql_porf,True,0,58,10573000.0,31922000.0,33958000.0,35566000.0,1991460000.0,0.0,,1.0,1.19,3733474812,3130510166,53575680,
4,tinywasm,sqlite3,False,,,,,,,,,,,,,,,N/A — the harness only has a WASI preview-1 + bench.* import shim for Pulley
4,tinywasm,factorial.scalar,True,-2102132736,16384,369000.0,1000.0,1000.0,1000.0,30100000.0,0.0,,0.853,1.58,80608601,50902160,53575680,
4,tinywasm,sieve.scalar,True,1229,1009,444000.0,1978000.0,1986000.0,2434000.0,2026180000.0,0.0,,1.0,2.03,6472200669,3184592034,53575680,
4,tinywasm,crc32.scalar,True,-1910355869,125,457000.0,15456000.0,16014000.0,17608000.0,1991220000.0,0.0,,1.0,1.88,5892905527,3129914155,53575680,
4,tinywasm,convolution.scalar,True,8190685,47,735000.0,41501000.0,42010000.0,44103000.0,1965910000.0,0.0,,1.0,1.89,5853358312,3090356114,53575680,
4,tinywasm,bulk_memory.scalar,True,8698902,62,631000.0,31578000.0,31870000.0,34003000.0,1966510000.0,0.0,,1.0,2.03,6270154496,3091294282,53575680,
4,tinywasm,tailcall_fsm,True,-1841735369,130,490000.0,14472000.0,14744000.0,16044000.0,1897780000.0,0.0,,1.0,1.96,5855530956,2983071729,53575680,
4,tinywasm,eh_parser_exnref,True,830008030,46,596000.0,43410000.0,44162000.0,46543000.0,2022080000.0,0.0,,1.0,1.62,5134962526,3178650465,53575680,
4,tinywasm,eh_parser_legacy,False,,,,,,,,,,,,,,,tinywasm::parse_bytes failed: error parsing module: legacy exceptions support is not enabled (at offset 0x171) at offset 369
4,tinywasm,gc_trees,True,-81253392,7,143000.0,266432000.00000003,267422000.00000003,271568000.0,1850760000.0,0.0,,1.0,1.48,4303443554,2909236375,53575680,
4,tinywasm,callref_dispatch,True,-750120562,35,284000.0,55537000.0,55826000.0,57896000.0,1945660000.0,0.0,,1.0,1.73,5289300920,3058099984,53575680,
4,tinywasm,callref_dispatch.indirect,True,-750120562,36,264000.0,53081000.0,54064000.0,222628000.0,1919160000.0,0.0,,1.0,1.69,5110081232,3016586099,53575680,
4,tinywasm,relaxed_dot,True,-551922832,297,570000.0,6540000.0,6699000.0,7812000.0,1985390000.0,0.0,,1.0,1.74,5423680683,3125155021,53575680,
4,tinywasm,relaxed_madd,True,-1435646925,963,543000.0,2133000.0,2155000.0,2511000.0,2087500000.0,0.0,,1.0,1.69,5531907785,3281341072,53575680,
4,tinywasm,mem64_chase,True,433527714,22,18420000.0,87825000.0,91839000.0,108256000.0,2022620000.0,0.0,,1.0,0.74,2354071162,3179479695,111017984,
4,tinywasm,mem64_chase.mem32,True,433527714,24,18067000.0,74666000.0,81767000.0,85564000.0,1938460000.0,0.0,,1.0,0.76,2330945570,3047198297,111263744,
4,tinywasm,multimem_transform,True,902712413,106,263000.0,18298000.0,18509000.0,20119000.0,1949550000.0,0.0,,1.0,2.12,6486150966,3064363436,111263744,
4,tinywasm,multimem_transform.single,True,902712413,111,317000.0,17405000.0,17590000.0,18588000.0,1942930000.0,0.0,,1.0,2.19,6674004883,3054097499,111263744,
4,tinywasm,extconst_init,True,-1152068691,1743,15488000.0,1020000.0,1077000.0,1424000.0,2000500000.0,0.0,,1.0,1.8,5652641297,3144411977,111263744,
4,tinywasm,extconst_init.mvp,True,-1152068691,6960,5359000.0,256000.0,267000.0,402000.0,2135480000.0,0.0,,1.0,1.72,5788993720,3356656881,111263744,
5,tinywasm,fib,True,832040,5,2319000.0,327401000.0,327863000.0,335199000.0,1621990000.0,0.0,,0.999,1.89,4816876772,2549228511,30556160,
5,tinywasm,fib_tail,True,873876091,944,456000.0,2108000.0,2125000.0,2758000.0,2026290000.0,0.0,,1.0,2.09,6667886392,3185280776,31391744,
5,tinywasm,factorial,True,-2102132736,16384,652000.0,1000.0,2000.0,2000.0,33380000.000000004,0.0,,0.929,1.51,81725726,54173315,31866880,
5,tinywasm,sieve,True,1229,1061,687000.0,1850000.0,1854000.0,2268000.0,1972040000.0,0.0,,1.0,2.08,6507942451,3125361635,32194560,
5,tinywasm,crc32,True,-1910355869,123,527000.0,15361000.0,16091000.000000002,18091000.0,1966110000.0,0.0,,1.0,1.87,5764868055,3090177101,32358400,
5,tinywasm,matmul_simd,True,48907,179,683000.0,10916000.0,11091000.0,13257000.0,1966540000.0,0.0,,1.0,2.01,6215281920,3098012186,32768000,
5,tinywasm,matmul_fma,True,48907,232,544000.0,8510000.0,8644000.0,9808000.0,1998490000.0,0.0,,1.0,1.94,6105032139,3141545983,32964608,
5,tinywasm,convolution,True,8190685,115,473000.0,17241000.0,17613000.0,19973000.0,2011650000.0,0.0,,1.0,1.8,5707041292,3161880346,33112064,
5,tinywasm,audio_dsp,True,761667740,1,520000.0,3315794000.0,3315794000.0,3315794000.0,3230310000.0,0.0,,1.0,2.04,10365946589,5077956470,33456128,
5,tinywasm,bulk_memory,True,8698902,67,553000.0,29406000.0,29736000.0,32003999.999999996,1983170000.0,0.0,,1.0,2.03,6335256901,3117269851,33701888,
5,tinywasm,call_indirect,True,-9175573,33,623000.0,62154000.0,62608000.0,64940000.0,2052030000.0000002,0.0,,1.0,1.59,5113779660,3225707199,33931264,
5,tinywasm,xmrsplayer,True,1523100340,40,10585000.0,49068000.0,49752000.0,54142000.0,1977650000.0,0.0,,1.0,1.54,4782260838,3108775286,51822592,
5,tinywasm,vtable_mono,True,-318559695,19,575000.0,102180000.0,103431000.0,105887000.0,1946840000.0,0.0,,1.0,1.69,5158751972,3060382950,51822592,
5,tinywasm,vtable_bi,True,-208336512,16,639000.0,120535000.0,121588000.0,126183000.0,1936270000.0,0.0,,1.0,1.73,5264260704,3043413418,51822592,
5,tinywasm,vtable_poly4,True,-126115384,15,643000.0,128431000.00000001,129300999.99999999,131066000.0,1924780000.0,0.0,,1.0,1.72,5194245288,3025679241,51822592,
5,tinywasm,vtable_poly6,True,579248763,13,592000.0,146034000.0,147540000.0,150645000.0,1904290000.0,0.0,,1.0,1.65,4927379301,2993206955,51822592,
5,tinywasm,graphql_as,True,5,53,6590000.0,32973000.0,37030000.0,43551000.0,1969210000.0,0.0,,1.0,1.46,4506067195,3095534963,51822592,
5,tinywasm,graphql_porf,True,0,60,9931000.0,31414000.0,33859000.0,37716000.0,2042980000.0,0.0,,1.0,1.2,3841763016,3211500578,53542912,
5,tinywasm,sqlite3,False,,,,,,,,,,,,,,,N/A — the harness only has a WASI preview-1 + bench.* import shim for Pulley
5,tinywasm,factorial.scalar,True,-2102132736,16384,322000.0,1000.0,1000.0,1000.0,31420000.0,0.0,,0.841,1.55,83290249,53646255,53542912,
5,tinywasm,sieve.scalar,True,1229,951,458000.0,1978000.0,1984000.0,2471000.0,1905280000.0,0.0,,1.0,2.04,6096563680,2994805323,53542912,
5,tinywasm,crc32.scalar,True,-1910355869,125,443000.0,15432000.0,16139000.0,17851000.0,2002120000.0,0.0,,1.0,1.87,5881911651,3147045332,53542912,
5,tinywasm,convolution.scalar,True,8190685,47,420000.0,41496000.0,42048000.0,44828000.0,1965080000.0,0.0,,1.0,1.89,5846931685,3089018306,53542912,
5,tinywasm,bulk_memory.scalar,True,8698902,62,501000.0,31423000.0,31967000.0,35008000.0,1974010000.0,0.0,,1.0,2.02,6280919579,3103088923,53542912,
5,tinywasm,tailcall_fsm,True,-1841735369,130,487000.0,14487000.0,14750000.0,16232000.0,1906390000.0,0.0,,1.0,1.96,5874805025,2996560933,53542912,
5,tinywasm,eh_parser_exnref,True,830008030,45,569000.0,43128000.0,43758000.0,46155000.0,1960030000.0,0.0,,1.0,1.63,5021859963,3081067775,53542912,
5,tinywasm,eh_parser_legacy,False,,,,,,,,,,,,,,,tinywasm::parse_bytes failed: error parsing module: legacy exceptions support is not enabled (at offset 0x171) at offset 369
5,tinywasm,gc_trees,True,-81253392,7,129000.0,261458000.00000003,262670000.00000003,266232000.00000003,1813020000.0,0.0,,1.0,1.51,4315916560,2849940366,53542912,
5,tinywasm,callref_dispatch,True,-750120562,35,282000.0,54983000.0,56030000.0,57925000.0,1938290000.0,0.0,,1.0,1.74,5300905591,3046679234,53542912,
5,tinywasm,callref_dispatch.indirect,True,-750120562,37,268000.0,53028000.0,53834000.0,57966000.0,1965040000.0,0.0,,1.0,1.7,5244108763,3088680307,53542912,
5,tinywasm,relaxed_dot,True,-551922832,303,725000.0,6537000.0,6696000.0,7784000.0,2032170000.0,0.0,,1.0,1.74,5545593747,3194343686,53542912,
5,tinywasm,relaxed_madd,True,-1435646925,963,550000.0,2117000.0,2157000.0,2791000.0,2093260000.0000002,0.0,,1.0,1.69,5550482202,3290089995,53542912,
5,tinywasm,mem64_chase,True,433527714,22,18314000.0,87027000.0,92813000.0,99925000.0,2014300000.0,0.0,,1.0,0.74,2354112582,3166421396,110952448,
5,tinywasm,mem64_chase.mem32,True,433527714,24,18294000.0,79774000.0,82662000.0,88370000.0,1971270000.0,0.0,,1.0,0.75,2327672259,3098785119,111214592,
5,tinywasm,multimem_transform,True,902712413,107,316000.0,18252000.0,18496000.0,19225000.0,1966920000.0,0.0,,1.0,2.12,6543110825,3091652126,111214592,
5,tinywasm,multimem_transform.single,True,902712413,113,320000.0,17320000.0,17556000.0,18858000.0,1978120000.0,0.0,,1.0,2.19,6810548128,3109450073,111214592,
5,tinywasm,extconst_init,True,-1152068691,1706,15443000.0,957000.0,1018000.0,1356000.0,1853440000.0,0.0,,1.0,1.9,5527656964,2913180791,111214592,
5,tinywasm,extconst_init.mvp,True,-1152068691,7267,4858000.0,256000.0,264000.0,407000.0,2223650000.0,0.0,,0.999,1.73,6060752022,3495439220,111214592,
6,tinywasm,fib,True,832040,5,2254000.0,328032000.0,330888000.0,332135000.0,1622090000.0,0.0,,0.999,1.89,4816340210,2549388430,30670848,
6,tinywasm,fib_tail,True,873876091,927,518000.0,2108000.0,2129000.0,3406000.0,2001210000.0,0.0,,0.999,2.08,6551759217,3147066225,31522816,
6,tinywasm,factorial,True,-2102132736,16384,671000.0,1000.0,2000.0,2000.0,25100000.0,0.0,,0.907,1.51,61962197,41132051,31981568,
6,tinywasm,sieve,True,1229,1078,622000.0,1850000.0,1854000.0,2249000.0,1970410000.0,0.0,,1.0,2.08,6592270889,3167736925,32325632,
6,tinywasm,crc32,True,-1910355869,124,536000.0,15325000.0,16140000.0,17121000.0,1994940000.0,0.0,,1.0,1.86,5828326003,3135712404,32325632,
6,tinywasm,matmul_simd,True,48907,172,672000.0,10918000.0,11079000.0,11876000.0,1893700000.0,0.0,,1.0,2.01,5972241629,2976813496,32751616,
6,tinywasm,matmul_fma,True,48907,229,625000.0,8515000.0,8627000.0,9520000.0,1970780000.0,0.0,,1.0,1.95,6029848419,3097930799,32980992,
6,tinywasm,convolution,True,8190685,111,473000.0,17297000.0,17616000.0,19288000.0,1949290000.0,0.0,,1.0,1.8,5517119686,3063871453,33112064,
6,tinywasm,audio_dsp,True,761667740,1,503000.0,3230225000.0,3230225000.0,3230225000.0,3185310000.0,0.0,,1.0,2.07,10357959899,5007213313,33439744,
6,tinywasm,bulk_memory,True,8698902,67,547000.0,29439000.0,29842000.0,31431000.0,1981610000.0,0.0,,1.0,2.03,6323542646,3114790976,33701888,
6,tinywasm,call_indirect,True,-9175573,33,640000.0,60137000.0,61246000.0,65415000.00000001,2005210000.0,0.0,,1.0,1.62,5119674982,3152113224,33964032,
6,tinywasm,xmrsplayer,True,903817999,41,11092000.0,48297000.0,48796000.0,49806000.0,1992470000.0,0.0,,1.0,1.57,4908499530,3132104130,51871744,
6,tinywasm,vtable_mono,True,-318559695,19,677000.0,102260000.0,104258000.0,106369000.0,1962090000.0,0.0,,1.0,1.67,5157958428,3084351865,51871744,
6,tinywasm,vtable_bi,True,-208336512,16,795000.0,120591000.0,122140000.0,124561000.0,1946170000.0,0.0,,1.0,1.72,5273659315,3058964836,51871744,
6,tinywasm,vtable_poly4,True,-126115384,15,637000.0,136122000.0,136890000.0,139535000.0,2031130000.0,0.0,,1.0,1.62,5170496670,3192879189,51871744,
6,tinywasm,vtable_poly6,True,579248763,14,641000.0,150140000.0,151305000.0,153254000.0,2098050000.0000002,0.0,,1.0,1.6,5281415099,3297779054,51871744,
6,tinywasm,graphql_as,True,5,53,6267000.0,32726999.999999996,37137000.0,42872000.0,1975090000.0,0.0,,1.0,1.45,4510360468,3104777188,51871744,
6,tinywasm,graphql_porf,True,0,57,10431000.0,31558000.0,33961000.0,37739000.0,1961860000.0,0.0,,1.0,1.19,3680598556,3083982802,53592064,
6,tinywasm,sqlite3,False,,,,,,,,,,,,,,,N/A — the harness only has a WASI preview-1 + bench.* import shim for Pulley
6,tinywasm,factorial.scalar,True,-2102132736,16384,312000.0,1000.0,1000.0,1000.0,21660000.0,0.0,,0.764,1.62,62012194,38189007,53592064,
6,tinywasm,sieve.scalar,True,1229,983,436000.0,1978000.0,1989000.0,2343000.0,1968870000.0,0.0,,0.999,2.03,6298546169,3095295236,53592064,
6,tinywasm,crc32.scalar,True,-1910355869,120,446000.0,15553000.0,16093000.0,16954000.0,1913330000.0,0.0,,1.0,1.88,5647741835,3007434490,53592064,
6,tinywasm,convolution.scalar,True,8190685,46,422000.0,41544000.0,42083000.0,45672000.0,1927590000.0,0.0,,1.0,1.89,5737981732,3030112205,53592064,
6,tinywasm,bulk_memory.scalar,True,8698902,63,487000.0,31617000.0,31889000.0,33475000.0,1997760000.0,0.0,,1.0,2.03,6370011607,3140415602,53592064,
6,tinywasm,tailcall_fsm,True,-1841735369,132,591000.0,14467000.0,14782000.0,16017000.0,1939630000.0,0.0,,1.0,1.96,5977148681,3048721874,53592064,
6,tinywasm,eh_parser_exnref,True,830008030,46,563000.0,42995000.0,43621000.0,45243000.0,1992130000.0,0.0,,1.0,1.64,5132881282,3131568246,53592064,
6,tinywasm,eh_parser_legacy,False,,,,,,,,,,,,,,,tinywasm::parse_bytes failed: error parsing module: legacy exceptions support is not enabled (at offset 0x171) at offset 369
6,tinywasm,gc_trees,True,-81253392,7,150000.0,260516000.00000003,263253000.0,265226999.99999997,1816640000.0,0.0,,1.0,1.51,4320056199,2855610172,53592064,
6,tinywasm,callref_dispatch,True,-750120562,35,288000.0,55131000.0,55653000.0,65287000.00000001,1937350000.0,0.0,,1.0,1.74,5298170973,3045067959,53592064,
6,tinywasm,callref_dispatch.indirect,True,-750120562,37,262000.0,53155000.0,53601000.0,58673000.0,1967620000.0,0.0,,1.0,1.7,5247355939,3093051745,53592064,
6,tinywasm,relaxed_dot,True,-551922832,291,591000.0,6536000.0,6687000.0,7467000.0,1947920000.0,0.0,,1.0,1.74,5320110399,3061924920,53592064,
6,tinywasm,relaxed_madd,True,-1435646925,964,679000.0,2128000.0,2156000.0,2624000.0,2094650000.0,0.0,,1.0,1.69,5560849438,3295711593,53592064,
6,tinywasm,mem64_chase,True,433527714,20,17815000.0,86979000.0,92765000.0,101187000.0,1839340000.0,0.0,,1.0,0.74,2143200655,2891363881,111017984,
6,tinywasm,mem64_chase.mem32,True,433527714,23,19174000.0,79663000.0,84759000.0,93452000.0,1936520000.0,0.0,,1.0,0.73,2236172483,3044148424,111280128,
6,tinywasm,multimem_transform,True,902712413,107,336000.0,18259000.0,18475000.0,20068000.0,1965570000.0,0.0,,1.0,2.12,6543957699,3089561204,111280128,
6,tinywasm,multimem_transform.single,True,902712413,112,312000.0,17332000.0,17549000.0,18261000.0,1950360000.0,0.0,,1.0,2.19,6717493243,3065679066,111280128,
6,tinywasm,extconst_init,True,-1152068691,1808,15094000.0,969000.0,1032999.9999999999,1569000.0,1994720000.0,0.0,,1.0,1.87,5852468527,3135242910,111280128,
6,tinywasm,extconst_init.mvp,True,-1152068691,6917,7381000.0,256000.0,267000.0,406000.0,2121870000.0,0.0,,1.0,1.73,5760363995,3332730616,111280128,
7,tinywasm,fib,True,832040,5,2320000.0,328559000.0,330579000.0,332253000.0,1617100000.0,0.0,,0.999,1.89,4801313110,2541802749,30539776,
7,tinywasm,fib_tail,True,873876091,886,464000.0,2106000.0,2125000.0,2805000.0,1903930000.0,0.0,,1.0,2.09,6253198025,2992891551,31391744,
7,tinywasm,factorial,True,-2102132736,16384,728000.0,1000.0,2000.0,2000.0,29800000.0,0.0,,0.924,1.56,75412995,48459466,31866880,
7,tinywasm,sieve,True,1229,1077,651000.0,1850000.0,1855000.0,2289000.0,1986490000.0,0.0,,1.0,2.08,6585801129,3166469472,32194560,
7,tinywasm,crc32,True,-1910355869,124,501000.0,15315000.0,15968000.0,17444000.0,1965230000.0,0.0,,1.0,1.88,5808570619,3089028785,32309248,
7,tinywasm,matmul_simd,True,48907,181,681000.0,10927000.0,11079000.0,12099000.0,2000030000.0,0.0,,1.0,2.01,6310244344,3146789184,32735232,
7,tinywasm,matmul_fma,True,48907,226,512000.0,8511000.0,8623000.0,9282000.0,1943500000.0,0.0,,1.0,1.95,5950058153,3055130719,32964608,
7,tinywasm,convolution,True,8190685,108,463000.0,17481000.0,17754000.0,19393000.0,1908130000.0,0.0,,1.0,1.79,5356222645,2999045653,33095680,
7,tinywasm,audio_dsp,True,761667740,1,481000.0,3376254000.0,3376254000.0,3376254000.0,3342400000.0,0.0,,1.0,1.97,10359414671,5254138816,33456128,
7,tinywasm,bulk_memory,True,8698902,66,559000.0,29419000.0,29769000.0,31983000.0,1954430000.0,0.0,,1.0,2.03,6243054154,3072301061,33701888,
7,tinywasm,call_indirect,True,-9175573,33,614000.0,59355000.0,59966000.0,62131000.0,1965260000.0,0.0,,1.0,1.66,5119581115,3089328942,33947648,
7,tinywasm,xmrsplayer,True,1523100340,40,11592000.0,49074000.0,49725000.0,52810000.0,1973450000.0,0.0,,1.0,1.54,4768556043,3102215099,51855360,
7,tinywasm,vtable_mono,True,-318559695,19,607000.0,102011000.0,104413000.0,108994000.0,1959320000.0,0.0,,1.0,1.67,5146574226,3079991666,51855360,
7,tinywasm,vtable_bi,True,-208336512,16,596000.0,121212000.0,123803000.0,125382000.0,1963330000.0,0.0,,1.0,1.71,5267362910,3085854213,51855360,
7,tinywasm,vtable_poly4,True,-126115384,15,633000.0,134760000.0,135857000.0,138967000.0,2030770000.0,0.0,,1.0,1.63,5201659026,3192311819,51855360,
7,tinywasm,vtable_poly6,True,579248763,14,1066000.0,145127000.0,145880000.0,147858000.0,2025860000.0,0.0,,1.0,1.66,5288624788,3184298958,51855360,
7,tinywasm,graphql_as,True,5,52,6581000.0,33188000.000000004,37458000.0,42021000.0,1950210000.0,0.0,,1.0,1.45,4439858565,3065655835,51855360,
7,tinywasm,graphql_porf,True,0,58,10141000.0,31946000.0,34126000.0,35170000.0,2005290000.0,0.0,,1.0,1.19,3745340869,3152256228,53592064,
7,tinywasm,sqlite3,False,,,,,,,,,,,,,,,N/A — the harness only has a WASI preview-1 + bench.* import shim for Pulley
7,tinywasm,factorial.scalar,True,-2102132736,16384,371000.0,1000.0,1000.0,1000.0,28040000.0,0.0,,0.841,1.59,75650460,47702967,53592064,
7,tinywasm,sieve.scalar,True,1229,1001,457000.0,1978000.0,1987000.0,2393000.0,2009410000.0,0.0,,1.0,2.04,6429085030,3158254202,53592064,
7,tinywasm,crc32.scalar,True,-1910355869,122,444000.0,15512000.0,16042000.000000002,17573000.0,1949190000.0,0.0,,1.0,1.88,5755740165,3063852434,53592064,
7,tinywasm,convolution.scalar,True,8190685,45,423000.0,41513000.0,42027000.0,43752000.0,1879250000.0,0.0,,1.0,1.89,5597201743,2954134529,53592064,
7,tinywasm,bulk_memory.scalar,True,8698902,62,484000.0,31454000.0,31895000.0,33799000.0,1960320000.0,0.0,,1.0,2.03,6249666242,3081560067,53592064,
7,tinywasm,tailcall_fsm,True,-1841735369,134,480000.0,14481000.0,14681000.0,17574000.0,1962340000.0,0.0,,1.0,1.97,6063647500,3084508119,53592064,
7,tinywasm,eh_parser_exnref,True,830008030,45,552000.0,43023000.0,43447000.0,44593000.0,1947150000.0,0.0,,1.0,1.64,5022160530,3060838480,53592064,
7,tinywasm,eh_parser_legacy,False,,,,,,,,,,,,,,,tinywasm::parse_bytes failed: error parsing module: legacy exceptions support is not enabled (at offset 0x171) at offset 369
7,tinywasm,gc_trees,True,-81253392,7,128000.0,260966999.99999997,261899000.0,264761000.00000003,1818550000.0,0.0,,1.0,1.51,4323512060,2858633484,53592064,
7,tinywasm,callref_dispatch,True,-750120562,35,423000.0,58019000.0,58529000.0,59685000.0,2036140000.0,0.0,,1.0,1.65,5283446923,3200370378,53592064,
7,tinywasm,callref_dispatch.indirect,True,-750120562,37,267000.0,54524000.0,54943000.0,61145000.0,2016360000.0,0.0,,1.0,1.65,5236971780,3169309552,53592064,
7,tinywasm,relaxed_dot,True,-551922832,287,580000.0,7410000.0,7609000.0,8435000.0,2175560000.0,0.0,,1.0,1.53,5236555413,3419662377,53592064,
7,tinywasm,relaxed_madd,True,-1435646925,925,578000.0,2121000.0,2140000.0,2545000.0,1989180000.0,0.0,,1.0,1.7,5316982776,3126568383,53592064,
7,tinywasm,mem64_chase,True,433527714,20,18478000.0,80174000.0,91710000.0,103288000.0,1832470000.0,0.0,,1.0,0.75,2153660899,2880600554,110952448,
7,tinywasm,mem64_chase.mem32,True,433527714,24,20861000.0,79549000.0,82013000.0,89976000.0,1955030000.0,0.0,,1.0,0.76,2327357896,3073213534,111230976,
7,tinywasm,multimem_transform,True,902712413,91,351000.0,18252000.0,18491000.0,19715000.0,1679040000.0,0.0,,1.0,2.12,5581873758,2639143868,111230976,
7,tinywasm,multimem_transform.single,True,902712413,111,318000.0,17333000.0,17558000.0,19318000.0,1944770000.0,0.0,,1.0,2.19,6702174132,3056762936,111230976,
7,tinywasm,extconst_init,True,-1152068691,1782,15393000.0,962000.0,1018000.0,1460000.0,1934050000.0,0.0,,1.0,1.9,5762544158,3040097345,111230976,
7,tinywasm,extconst_init.mvp,True,-1152068691,7612,5015000.0,255000.0,266000.0,402000.0,2317920000.0,0.0,,1.0,1.74,6321813118,3643348365,111230976,
8,tinywasm,fib,True,832040,5,2317000.0,329334000.0,332926000.0,334407000.0,1624670000.0,0.0,,0.999,1.88,4811420154,2553390386,30572544,
8,tinywasm,fib_tail,True,873876091,940,462000.0,2108000.0,2126000.0,2790000.0,2017010000.0,0.0,,1.0,2.09,6625392074,3170608880,31440896,
8,tinywasm,factorial,True,-2102132736,16384,755000.0,1000.0,2000.0,2000.0,28760000.0,0.0,,0.924,1.51,71113235,46987451,31932416,
8,tinywasm,sieve,True,1229,1067,592000.0,1850000.0,1855000.0,2199000.0,1955500000.0,0.0,,1.0,2.08,6529422316,3143919259,32260096,
8,tinywasm,crc32,True,-1910355869,125,523000.0,15406000.0,15974000.0,18083000.0,1989000000.0,0.0,,1.0,1.88,5865571844,3126460930,32325632,
8,tinywasm,matmul_simd,True,48907,176,657000.0,10915000.0,11110000.0,11762000.0,1942340000.0,0.0,,1.0,2.0,6112617559,3054763558,32735232,
8,tinywasm,matmul_fma,True,48907,218,508000.0,8508000.0,8651000.0,9371000.0,1885510000.0,0.0,,1.0,1.94,5750828988,2963976628,32931840,
8,tinywasm,convolution,True,8190685,111,513000.0,17379000.0,17697000.0,19203000.0,1958260000.0,0.0,,1.0,1.79,5514854768,3078041983,33112064,
8,tinywasm,audio_dsp,True,761667740,1,547000.0,3420855000.0,3420855000.0,3420855000.0,3385210000.0,0.0,,1.0,1.95,10375396834,5321425638,33439744,
8,tinywasm,bulk_memory,True,8698902,66,791000.0,29451000.0,29840000.0,30694000.0,1958040000.0,0.0,,1.0,2.03,6241648222,3077980820,33685504,
8,tinywasm,call_indirect,True,-9175573,33,793000.0,61312000.0,62246000.0,65309000.0,2040610000.0,0.0,,1.0,1.6,5123719863,3207773882,33947648,
8,tinywasm,xmrsplayer,True,1741175410,39,10720000.0,49708000.0,50291000.0,54205000.0,1950190000.0,0.0,,1.0,1.52,4650137473,3065646090,51855360,
8,tinywasm,vtable_mono,True,-318559695,19,629000.0,101619000.0,103017000.0,105448000.0,1950180000.0,0.0,,1.0,1.68,5164018651,3065636926,51855360,
8,tinywasm,vtable_bi,True,-208336512,16,617000.0,120639000.0,122077000.0,124405000.0,1938190000.0,0.0,,1.0,1.73,5257944791,3046536935,51855360,
8,tinywasm,vtable_poly4,True,-126115384,15,625000.0,131247000.00000001,133574999.99999999,137260000.0,1983780000.0,0.0,,1.0,1.66,5174333916,3118449932,51855360,
8,tinywasm,vtable_poly6,True,579248763,13,637000.0,150823000.0,151152000.0,152237000.0,1954110000.0,0.0,,1.0,1.6,4913392887,3071590536,51855360,
8,tinywasm,graphql_as,True,5,52,6311000.0,32835000.0,37203000.0,41980000.0,1943950000.0,0.0,,1.0,1.45,4444423335,3055791244,51855360,
8,tinywasm,graphql_porf,True,0,57,10307000.0,31117000.0,33593000.0,35229000.0,1930660000.0,0.0,,1.0,1.21,3666499594,3034948371,53592064,
8,tinywasm,sqlite3,False,,,,,,,,,,,,,,,N/A — the harness only has a WASI preview-1 + bench.* import shim for Pulley
8,tinywasm,factorial.scalar,True,-2102132736,16384,452000.0,1000.0,1000.0,1000.0,24680000.0,0.0,,0.795,1.71,73528131,42891356,53592064,
8,tinywasm,sieve.scalar,True,1229,982,454000.0,1978000.0,1983000.0,2401000.0,1968220000.0,0.0,,0.999,2.04,6297955438,3094068325,53592064,
8,tinywasm,crc32.scalar,True,-1910355869,111,447000.0,15376000.0,16029000.0,17303000.0,1773100000.0,0.0,,1.0,1.88,5242840455,2786969697,53592064,
8,tinywasm,convolution.scalar,True,8190685,46,542000.0,41547000.0,42055000.0,44311000.0,1923000000.0,0.0,,1.0,1.89,5717969692,3022910236,53592064,
8,tinywasm,bulk_memory.scalar,True,8698902,62,522000.0,31493000.0,31919000.0,35515000.0,1970560000.0,0.0,,1.0,2.02,6263592242,3097670322,53592064,
8,tinywasm,tailcall_fsm,True,-1841735369,132,493000.0,14469000.0,14743000.0,16015999.999999998,1941880000.0,0.0,,1.0,1.96,5982962625,3052173771,53592064,
8,tinywasm,eh_parser_exnref,True,830008030,43,577000.0,43147000.0,43657000.0,45433000.0,1870030000.0,0.0,,1.0,1.63,4795166313,2939627459,53592064,
8,tinywasm,eh_parser_legacy,False,,,,,,,,,,,,,,,tinywasm::parse_bytes failed: error parsing module: legacy exceptions support is not enabled (at offset 0x171) at offset 369
8,tinywasm,gc_trees,True,-81253392,7,144000.0,261762999.99999997,262784000.0,267954000.0,1816340000.0,0.0,,1.0,1.51,4309965812,2855168604,53592064,
8,tinywasm,callref_dispatch,True,-750120562,35,270000.0,55133000.0,55496000.0,60869000.0,1925740000.0,0.0,,1.0,1.74,5277410923,3026901685,53592064,
8,tinywasm,callref_dispatch.indirect,True,-750120562,37,274000.0,53144000.0,53472000.0,57253000.0,1960350000.0,0.0,,1.0,1.7,5235805525,3081409577,53592064,
8,tinywasm,relaxed_dot,True,-551922832,287,574000.0,6544000.0,6721000.0,7738000.0,1929600000.0,0.0,,1.0,1.73,5253976688,3033131076,53592064,
8,tinywasm,relaxed_madd,True,-1435646925,974,547000.0,2109000.0,2138000.0,2706000.0,2101520000.0,0.0,,1.0,1.7,5622840633,3307409352,53592064,
8,tinywasm,mem64_chase,True,433527714,22,18174000.0,87290000.0,94231000.0,99747000.0,2038870000.0,0.0,,1.0,0.74,2361524712,3205042044,111050752,
8,tinywasm,mem64_chase.mem32,True,433527714,24,18200000.0,71249000.0,82424000.0,94198000.0,1936400000.0,0.0,,1.0,0.77,2328643041,3043973681,111296512,
8,tinywasm,multimem_transform,True,902712413,107,304000.0,18289000.0,18525000.0,19543000.0,1977470000.0,0.0,,1.0,2.11,6571857799,3108299671,111296512,
8,tinywasm,multimem_transform.single,True,902712413,92,320000.0,17322000.0,17569000.0,18505000.0,1617030000.0,0.0,,1.0,2.19,5567146751,2541701909,111296512,
8,tinywasm,extconst_init,True,-1152068691,1740,15189000.0,964000.0,1016000.0,1353000.0,1903630000.0,0.0,,1.0,1.88,5633189899,2992207980,111296512,
8,tinywasm,extconst_init.mvp,True,-1152068691,7646,5038000.0,256000.0,268000.0,408000.0,2347240000.0,0.0,,1.0,1.73,6364828062,3689421022,111296512,
9,tinywasm,fib,True,832040,5,2948000.0,330667000.0,331428000.0,334631000.0,1623500000.0,0.0,,0.999,1.88,4808569631,2551952435,30588928,
9,tinywasm,fib_tail,True,873876091,943,479000.0,2084000.0,2131000.0,2772000.0,2035580000.0,0.0,,1.0,2.08,6663185994,3199773522,31424512,
9,tinywasm,factorial,True,-2102132736,16384,650000.0,1000.0,2000.0,2000.0,28920000.0,0.0,,0.919,1.46,68793222,47249805,31899648,
9,tinywasm,sieve,True,1229,1021,608000.0,1852000.0,1856000.0,2269000.0,1872550000.0,0.0,,1.0,2.08,6247709052,3009335109,32210944,
9,tinywasm,crc32,True,-1910355869,122,516000.0,15254000.0,16065999.999999998,17653000.0,1943420000.0,0.0,,1.0,1.87,5710446165,3054851509,32309248,
9,tinywasm,matmul_simd,True,48907,179,789000.0,10911000.0,11094000.0,13151000.0,1978270000.0,0.0,,1.0,2.01,6235852564,3109776030,32718848,
9,tinywasm,matmul_fma,True,48907,225,541000.0,8532000.0,8648000.0,9948000.0,1946500000.0,0.0,,1.0,1.94,5933373869,3059837551,32964608,
9,tinywasm,convolution,True,8190685,111,480000.0,17232000.0,17606000.0,18984000.0,1944270000.0,0.0,,1.0,1.8,5510525933,3055976312,33062912,
9,tinywasm,audio_dsp,True,761667740,1,495000.0,3261743000.0,3261743000.0,3261743000.0,3235320000.0,0.0,,1.0,2.04,10351475962,5073284945,33390592,
9,tinywasm,bulk_memory,True,8698902,67,561000.0,29382000.0,29758000.0,31974000.0,1981700000.0,0.0,,1.0,2.03,6337872956,3114951287,33636352,
9,tinywasm,call_indirect,True,-9175573,33,614000.0,59452000.0,59827000.0,64544000.0,1962770000.0,0.0,,1.0,1.66,5112375365,3085416056,33882112,
9,tinywasm,xmrsplayer,True,1523100340,40,10665000.0,49048000.0,49638000.0,51912000.0,1974330000.0,0.0,,1.0,1.54,4782325360,3103580824,51806208,
9,tinywasm,vtable_mono,True,-318559695,18,632000.0,102268000.0,103250000.0,104427000.0,1839280000.0,0.0,,1.0,1.69,4877695067,2891296554,51806208,
9,tinywasm,vtable_bi,True,-208336512,16,599000.0,120211000.0,122253000.0,124746000.0,1929260000.0,0.0,,1.0,1.73,5250575747,3032611706,51806208,
9,tinywasm,vtable_poly4,True,-126115384,15,802000.0,127568000.0,128426999.99999999,131836999.99999999,1918640000.0,0.0,,1.0,1.72,5195698657,3015999476,51806208,
9,tinywasm,vtable_poly6,True,579248763,14,628000.0,141505000.0,142780000.0,145592000.0,1984590000.0,0.0,,1.0,1.7,5288653338,3119285344,51806208,
9,tinywasm,graphql_as,True,5,51,6823000.0,32837000.000000004,37051000.0,42875000.0,1898380000.0,0.0,,1.0,1.46,4355190909,2984174475,51806208,
9,tinywasm,graphql_porf,True,0,58,10255000.0,31911000.0,33853000.0,34823000.0,1979840000.0,0.0,,1.0,1.2,3730672149,3112247184,53542912,
9,tinywasm,sqlite3,False,,,,,,,,,,,,,,,N/A — the harness only has a WASI preview-1 + bench.* import shim for Pulley
9,tinywasm,factorial.scalar,True,-2102132736,16384,339000.0,1000.0,1000.0,1000.0,32280000.0,0.0,,0.84,1.59,87302657,54836589,53542912,
9,tinywasm,sieve.scalar,True,1229,965,469000.0,1981000.0,1987000.0,2488000.0,1936500000.0,0.0,,0.999,2.03,6183453673,3039852628,53542912,
9,tinywasm,crc32.scalar,True,-1910355869,123,430000.0,15390000.0,15962000.0,17042000.0,1969260000.0,0.0,,1.0,1.88,5818354269,3095349788,53542912,
9,tinywasm,convolution.scalar,True,8190685,46,413000.0,41581000.0,42019000.0,44793000.0,1929780000.0,0.0,,1.0,1.89,5734549949,3033556230,53542912,
9,tinywasm,bulk_memory.scalar,True,8698902,61,517000.0,31410000.0,31901000.0,37267000.0,1930140000.0,0.0,,1.0,2.03,6148782520,3034128916,53542912,
9,tinywasm,tailcall_fsm,True,-1841735369,131,466000.0,14407000.0,14652000.0,16198000.0,1911230000.0,0.0,,1.0,1.97,5926068613,3004020042,53542912,
9,tinywasm,eh_parser_exnref,True,830008030,45,568000.0,43126000.0,43837000.0,50194000.0,1961460000.0,0.0,,1.0,1.63,5021225756,3083309457,53542912,
9,tinywasm,eh_parser_legacy,False,,,,,,,,,,,,,,,tinywasm::parse_bytes failed: error parsing module: legacy exceptions support is not enabled (at offset 0x171) at offset 369
9,tinywasm,gc_trees,True,-81253392,7,140000.0,260161999.99999997,261462000.0,264267000.0,1814970000.0,0.0,,1.0,1.52,4323884263,2853013779,53542912,
9,tinywasm,callref_dispatch,True,-750120562,35,281000.0,55241000.0,55640000.0,58847000.0,1931880000.0,0.0,,1.0,1.74,5275884892,3036252847,53542912,
9,tinywasm,callref_dispatch.indirect,True,-750120562,36,279000.0,52992000.0,53401000.0,82262000.0,1909110000.0,0.0,,1.0,1.7,5106929865,3000816534,53542912,
9,tinywasm,relaxed_dot,True,-551922832,288,572000.0,6550000.0,6705000.0,7231000.0,1930490000.0,0.0,,1.0,1.73,5261655152,3034430983,53542912,
9,tinywasm,relaxed_madd,True,-1435646925,942,568000.0,2124000.0,2152000.0,2667000.0,2030120000.0,0.0,,1.0,1.69,5401974140,3193727012,53542912,
9,tinywasm,mem64_chase,True,433527714,19,17693000.0,77550000.0,85811000.0,546896000.0,1455390000.0,0.0,,1.0,0.89,2035156910,2287835237,110919680,
9,tinywasm,mem64_chase.mem32,True,433527714,24,16633000.0,79464000.0,82797000.0,88230000.0,1962360000.0,0.0,,1.0,0.76,2333586949,3084777127,111165440,
9,tinywasm,multimem_transform,True,902712413,104,307000.0,18210000.0,18565000.0,19265000.0,1917100000.0,0.0,,1.0,2.12,6375334222,3013400321,111165440,
9,tinywasm,multimem_transform.single,True,902712413,109,334000.0,17313000.0,17568000.0,18895000.0,1907490000.0,0.0,,1.0,2.19,6572182047,2998259208,111165440,
9,tinywasm,extconst_init,True,-1152068691,1631,15477000.0,965000.0,1022000.0,1461000.0,1764620000.0,0.0,,1.0,1.9,5260287270,2773623141,111165440,
9,tinywasm,extconst_init.mvp,True,-1152068691,7283,5112000.0,256000.0,266000.0,386000.0,2227840000.0,0.0,,1.0,1.73,6063630615,3501813340,111165440,
1,wamr,fib,True,832040,9,2703000.0,208127000.0,210110000.0,224405000.0,1868300000.0,0.0,,0.998,1.59,4649579640,2925844676,37273600,
1,wamr,fib_tail,True,873876091,2171,2226000.0,907000.0,908000.0,1270000.0,1994130000.0,0.0,,1.0,1.58,4962222296,3134637105,38060032,
1,wamr,factorial,True,-2102132736,16384,2270000.0,1000.0,1000.0,1000.0,19040000.0,0.0,,0.874,1.34,42480957,31814096,38420480,
1,wamr,sieve,True,1229,2400,2599000.0,805000.0,811000.0,1079000.0,1952440000.0,0.0,,1.0,1.8,5603170358,3109656794,38715392,
1,wamr,crc32,True,-1910355869,366,2228000.0,5190000.0,5405000.0,6633000.0,2013520000.0,0.0,,1.0,1.54,4859664318,3164899894,38895616,
1,wamr,matmul_simd,True,48907,462,2643000.0,4227000.0,4262000.0,4789000.0,1969970000.0,0.0,,1.0,1.94,6026167587,3103052149,39174144,
1,wamr,matmul_fma,True,48907,631,2326000.0,3118000.0,3147000.0,3791000.0,1994540000.0,0.0,,1.0,1.97,6190899055,3135275164,39305216,
1,wamr,convolution,True,8190685,294,2253000.0,6284000.0,6415000.0,7007000.0,1885170000.0,0.0,,1.0,1.79,5293457061,2963124353,39665664,
1,wamr,audio_dsp,True,761667740,1,2041999.9999999998,1099881000.0,1099881000.0,1099881000.0,1088630000.0,0.0,,1.0,1.55,2647815683,1711289045,39895040,
1,wamr,bulk_memory,True,8698902,131,2179000.0,14862000.0,15230000.0,16446000.000000002,1979400000.0,0.0,,1.0,1.55,4837053315,3111213773,40255488,
1,wamr,call_indirect,True,-9175573,71,2105000.0,27363000.0,27640000.0,33485999.999999996,1953420000.0,0.0,,1.0,1.48,4535152237,3070680680,40402944,
1,wamr,xmrsplayer,True,846043454,81,14174000.0,24178000.0,24602000.0,27538000.0,1991870000.0,0.0,,1.0,1.26,3916566027,3118226515,56475648,
1,wamr,graphql_as,True,5,141,8816000.0,13442000.0,15191000.0,19493000.0,2312200000.0,0.0,,1.0,1.02,3724480544,3634704022,56475648,
1,wamr,graphql_porf,True,0,103,14765000.0,17381000.0,19294000.0,20078000.0,2081360000.0000002,0.0,,1.0,1.01,3309416826,3271826062,56475648,
1,wamr,vtable_mono,True,-318559695,40,2302000.0,48625000.0,49859000.0,51605000.0,1980050000.0,0.0,,1.0,1.57,4888084467,3112199953,56475648,
1,wamr,vtable_bi,True,-208336512,35,2436000.0,53058000.0,54077000.0,56151000.0,1873960000.0,0.0,,1.0,1.62,4766393940,2945538423,56475648,
1,wamr,vtable_poly4,True,-126115384,34,2290000.0,57788000.0,58623000.0,60014000.0,1973430000.0,0.0,,1.0,1.53,4756766325,3101974384,56475648,
1,wamr,vtable_poly6,True,579248763,30,2307000.0,64593000.0,66178000.0,68755000.0,1969490000.0,0.0,,1.0,1.4,4327153796,3095680612,56475648,
1,wamr,factorial.scalar,True,-2102132736,16384,2053000.0,1000.0,1000.0,1000.0,25550000.0,0.0,,0.997,1.25,50294874,40096162,56475648,
1,wamr,sieve.scalar,True,1229,2754,2138000.0,725000.0,726000.0,963000.0,2036090000.0,0.0,,1.0,1.63,5226158674,3200466901,56475648,
1,wamr,crc32.scalar,True,-1910355869,343,2258000.0,5235000.0,5366000.0,6951000.0,1871260000.0,0.0,,1.0,1.55,4561566334,2941164436,56475648,
1,wamr,convolution.scalar,True,8190685,134,2125000.0,14523000.0,14767000.0,15543000.0,1969090000.0,0.0,,1.0,1.49,4617147265,3095346420,56475648,
1,wamr,bulk_memory.scalar,True,8698902,126,2263000.0,15489000.0,15821000.0,16436000.0,1974840000.0,0.0,,1.0,1.52,4715154041,3104252126,56475648,
1,wamr,tailcall_fsm,True,-1841735369,149,2382000.0,12857000.0,13168000.0,15280000.0,1949890000.0,0.0,,1.0,1.96,5998771961,3064982768,56475648,
1,wamr,eh_parser_exnref,False,,,,,,,,,,,,,,,wasm_runtime_load failed: WASM module load failed: unsupported opcode 1f
1,wamr,eh_parser_legacy,True,830008030,87,2275000.0,21409000.0,21940000.0,22720000.0,1883030000.0,0.0,,1.0,1.5,4445120306,2960062830,56475648,
1,wamr,gc_trees,False,,,,,,,,,,,,,,,wasm_runtime_load failed: WASM module load failed: invalid type flag
1,wamr,callref_dispatch,False,,,,,,,,,,,,,,,wasm_runtime_load failed: WASM module load failed: incompatible import type
1,wamr,callref_dispatch.indirect,True,-750120562,73,95000.0,26536000.0,27086000.0,29934000.0,1965620000.0,0.0,,1.0,1.51,4672615375,3089587360,56475648,
1,wamr,relaxed_dot,True,-551922832,588,2307000.0,3262000.0,3341000.0,3748000.0,1968340000.0,0.0,,1.0,1.73,5337181892,3093813123,56475648,
1,wamr,relaxed_madd,True,-1435646925,3147,2452000.0,614000.0,697000.0,870000.0,2127929999.9999998,0.0,,0.999,1.69,5645190125,3345463529,56475648,
1,wamr,mem64_chase,False,,,,,,,,,,,,,,,wasm_runtime_load failed: WASM module load failed: invalid limits flags
1,wamr,mem64_chase.mem32,True,433527714,35,2191000.0,54292000.0,56987000.0,58800000.0,1972830000.0,0.0,,1.0,0.3,938735569,3100946924,115556352,
1,wamr,multimem_transform,False,,,,,,,,,,,,,,,wasm_runtime_load failed: WASM module load failed: multiple memories
1,wamr,multimem_transform.single,True,902712413,350,2021999.9999999998,5646000.0,5715000.0,6260000.0,2004420000.0,0.0,,1.0,1.63,5145645684,3150364723,115556352,
1,wamr,extconst_init,True,-1152068691,2372,8786000.0,767000.0,810000.0,1169000.0,2074110000.0000002,0.0,,1.0,1.56,5073434715,3260229271,115556352,
1,wamr,extconst_init.mvp,True,-1152068691,11644,3720000.0,150000.0,173000.0,265000.0,2292760000.0,0.0,,1.0,1.41,5069972953,3603834563,115556352,
1,wamr,sqlite3,False,,,,,,,,,,,,,,,N/A — the harness only has a WASI preview-1 + bench.* import shim for Pulley
10,wamr,fib,True,832040,8,4740000.0,209587000.0,210775000.0,224497000.0,1653170000.0,0.0,,0.998,1.59,4121624606,2599215776,37371904,
10,wamr,fib_tail,True,873876091,2176,2168000.0,907000.0,911000.0,1422000.0,2006670000.0,0.0,,1.0,1.58,4979174949,3147911614,38125568,
10,wamr,factorial,True,-2102132736,16384,2300000.0,1000.0,1000.0,1000.0,10770000.0,0.0,,0.993,1.42,23996543,16847337,38469632,
10,wamr,sieve,True,1229,2463,2333000.0,805000.0,821000.0,1063000.0,1997200000.0,0.0,,0.999,1.8,5743390715,3194646594,38780928,
10,wamr,crc32,True,-1910355869,353,2373000.0,5190000.0,5400000.0,6483000.0,1908320000.0,0.0,,1.0,1.56,4685362706,2999559900,38912000,
10,wamr,matmul_simd,True,48907,454,2375000.0,4227000.0,4278000.0,4699000.0,1945590000.0,0.0,,1.0,1.94,5931299438,3058288392,39206912,
10,wamr,matmul_fma,True,48907,632,2253000.0,3118000.0,3150000.0,3740000.0,2003390000.0,0.0,,1.0,1.97,6213606383,3149186050,39403520,
10,wamr,convolution,True,8190685,286,2187000.0,6284000.0,6454000.0,7017000.0,1839260000.0,0.0,,1.0,1.78,5147750041,2891010996,39698432,
10,wamr,audio_dsp,True,761667740,1,2235000.0,1096716000.0,1096716000.0,1096716000.0,1088560000.0,0.0,,1.0,1.55,2660095571,1711180891,39960576,
10,wamr,bulk_memory,True,8698902,130,2176000.0,14911000.0,15215000.0,16091999.999999998,1975330000.0,0.0,,1.0,1.55,4821459306,3104880302,40353792,
10,wamr,call_indirect,True,-9175573,71,2135000.0,27519000.0,27920000.0,28835000.0,1966820000.0,0.0,,1.0,1.47,4537658164,3091778078,40402944,
10,wamr,xmrsplayer,True,212325309,76,13979000.0,24661000.0,25192000.0,28458000.0,1898550000.0,0.0,,1.0,1.23,3670019927,2984253689,56541184,
10,wamr,graphql_as,True,5,146,10226000.0,13364000.0,15303000.0,19155000.0,2378040000.0,0.0,,1.0,1.04,3870531741,3738195832,56541184,
10,wamr,graphql_porf,True,0,110,14992000.0,17284000.0,18450000.0,19453000.0,2125420000.0,0.0,,1.0,1.05,3508026740,3341090845,56541184,
10,wamr,vtable_mono,True,-318559695,40,2573000.0,49021000.0,49881000.0,51526000.0,1980690000.0,0.0,,1.0,1.57,4893359286,3113337483,56541184,
10,wamr,vtable_bi,True,-208336512,37,2241000.0,52691000.0,53938000.0,56988000.0,1981010000.0,0.0,,1.0,1.62,5055109487,3113875081,56541184,
10,wamr,vtable_poly4,True,-126115384,34,2207000.0,57050000.0,57979000.0,59659000.0,1953840000.0,0.0,,1.0,1.55,4774843593,3071119541,56541184,
10,wamr,vtable_poly6,True,579248763,30,2215000.0,64543000.00000001,66120999.99999999,68422000.0,1964850000.0,0.0,,1.0,1.4,4332359383,3088437564,56541184,
10,wamr,factorial.scalar,True,-2102132736,16384,2081999.9999999998,1000.0,1000.0,1000.0,19490000.0,0.0,,0.962,1.3,40677035,31299973,56541184,
10,wamr,sieve.scalar,True,1229,2750,2249000.0,725000.0,738000.0,976000.0,2044610000.0,0.0,,1.0,1.62,5217699226,3213764522,56541184,
10,wamr,crc32.scalar,True,-1910355869,336,2122000.0,5234000.0,5329000.0,6834000.0,1808280000.0,0.0,,1.0,1.58,4484468627,2842177004,56541184,
10,wamr,convolution.scalar,True,8190685,132,2109000.0,14525000.0,14763000.0,16649999.999999998,1941150000.0,0.0,,1.0,1.49,4548641935,3051431086,56541184,
10,wamr,bulk_memory.scalar,True,8698902,121,2406000.0,15437000.0,15767000.0,16524000.0,1894810000.0,0.0,,1.0,1.52,4536168894,2978577205,56541184,
10,wamr,tailcall_fsm,True,-1841735369,150,2362000.0,12865000.0,13092000.0,13839000.0,1957080000.0,0.0,,1.0,1.96,6025525551,3076110744,56541184,
10,wamr,eh_parser_exnref,False,,,,,,,,,,,,,,,wasm_runtime_load failed: WASM module load failed: unsupported opcode 1f
10,wamr,eh_parser_legacy,True,830008030,90,2218000.0,21313000.0,21558000.0,23482000.0,1935730000.0,0.0,,1.0,1.51,4603447079,3042851819,56541184,
10,wamr,gc_trees,False,,,,,,,,,,,,,,,wasm_runtime_load failed: WASM module load failed: invalid type flag
10,wamr,callref_dispatch,False,,,,,,,,,,,,,,,wasm_runtime_load failed: WASM module load failed: incompatible import type
10,wamr,callref_dispatch.indirect,True,-750120562,74,110000.0,26205000.0,26525000.0,29919000.0,1957010000.0,0.0,,1.0,1.54,4744444706,3076098448,56541184,
10,wamr,relaxed_dot,True,-551922832,600,2429000.0,3261000.0,3338000.0,4291000.0,2006740000.0,0.0,,1.0,1.73,5451571765,3154144492,56541184,
10,wamr,relaxed_madd,True,-1435646925,3248,2302000.0,614000.0,697000.0,864000.0,2184300000.0,0.0,,0.999,1.7,5825302559,3434304885,56541184,
10,wamr,mem64_chase,False,,,,,,,,,,,,,,,wasm_runtime_load failed: WASM module load failed: invalid limits flags
10,wamr,mem64_chase.mem32,True,433527714,35,2009999.9999999998,54789000.0,57035000.0,58700000.0,1983030000.0,0.0,,1.0,0.3,945282818,3116832156,115621888,
10,wamr,multimem_transform,False,,,,,,,,,,,,,,,wasm_runtime_load failed: WASM module load failed: multiple memories
10,wamr,multimem_transform.single,True,902712413,307,2024000.0,5645000.0,5707000.0,6368000.0,1752830000.0,0.0,,1.0,1.63,4504242555,2755210694,115621888,
10,wamr,extconst_init,True,-1152068691,2378,8962000.0,753000.0,807000.0,1146000.0,2066030000.0000002,0.0,,1.0,1.56,5074649764,3247602467,115621888,
10,wamr,extconst_init.mvp,True,-1152068691,12266,3499000.0,151000.0,174000.0,270000.0,2424800000.0,0.0,,1.0,1.4,5331681540,3811528844,115621888,
10,wamr,sqlite3,False,,,,,,,,,,,,,,,N/A — the harness only has a WASI preview-1 + bench.* import shim for Pulley
2,wamr,fib,True,832040,9,2294000.0,208335000.0,212201000.0,222682000.0,1866760000.0,0.0,,0.999,1.59,4655798913,2935406636,37289984,
2,wamr,fib_tail,True,873876091,2182,2085999.9999999998,907000.0,908000.0,1271000.0,2011030000.0,0.0,,0.998,1.58,5010359856,3164578632,38060032,
2,wamr,factorial,True,-2102132736,16384,2248000.0,1000.0,1000.0,1000.0,16200000.0,0.0,,0.999,1.4,30531776,21879026,38420480,
2,wamr,sieve,True,1229,2412,2433000.0,810000.0,821000.0,1083000.0,1952710000.0,0.0,,1.0,1.79,5616100634,3138663199,38682624,
2,wamr,crc32,True,-1910355869,321,2177000.0,5191000.0,5367000.0,6196000.0,1729470000.0,0.0,,1.0,1.57,4274333463,2718540458,38813696,
2,wamr,matmul_simd,True,48907,470,2298000.0,4196000.0,4229000.0,4804000.0,1992790000.0,0.0,,1.0,1.96,6133249422,3132527350,39223296,
2,wamr,matmul_fma,True,48907,634,2334000.0,3108000.0,3143000.0,3598000.0,2006440000.0,0.0,,1.0,1.98,6237736387,3153985635,39305216,
2,wamr,convolution,True,8190685,283,2299000.0,6316000.0,6492000.0,7362000.0,1829610000.0,0.0,,1.0,1.77,5086826989,2875864894,39698432,
2,wamr,audio_dsp,True,761667740,1,2274000.0,1091320000.0,1091320000.0,1091320000.0,1093300000.0,0.0,,1.0,1.56,2673396239,1718630412,39895040,
2,wamr,bulk_memory,True,8698902,118,2280000.0,14844000.0,15097000.0,16390000.0,1776580000.0,0.0,,1.0,1.57,4371406391,2792472765,40255488,
2,wamr,call_indirect,True,-9175573,71,2271000.0,27352000.0,27617000.0,28732000.0,1950900000.0,0.0,,1.0,1.48,4538453543,3066738067,40304640,
2,wamr,xmrsplayer,True,1821690159,80,13650000.0,24763000.0,25222000.0,27207000.0,2015940000.0,0.0,,1.0,1.22,3880385532,3168722647,56508416,
2,wamr,graphql_as,True,5,136,8467000.0,13058000.0,14861000.0,18950000.0,2193800000.0,0.0,,1.0,1.04,3596478896,3448587526,56508416,
2,wamr,graphql_porf,True,0,112,14996000.0,17576000.0,19157000.0,20407000.0,2260370000.0,0.0,,1.0,1.02,3627099360,3553193520,56508416,
2,wamr,vtable_mono,True,-318559695,40,2274000.0,48953000.0,50200000.0,52897000.0,1993010000.0,0.0,,1.0,1.56,4887380896,3132826212,56508416,
2,wamr,vtable_bi,True,-208336512,36,2397000.0,53234000.0,54069000.0,54920000.0,1932540000.0,0.0,,1.0,1.62,4915011021,3037419927,56508416,
2,wamr,vtable_poly4,True,-126115384,33,2380000.0,58060000.0,58875000.0,62606000.0,1924840000.0,0.0,,1.0,1.53,4625180990,3025434597,56508416,
2,wamr,vtable_poly6,True,579248763,30,2421000.0,63766000.0,64894000.00000001,69112000.0,1936380000.0,0.0,,1.0,1.43,4345939311,3043722615,56508416,
2,wamr,factorial.scalar,True,-2102132736,16384,2155000.0,1000.0,1000.0,1000.0,15130000.0,0.0,,0.999,1.2,28553035,23794941,56508416,
2,wamr,sieve.scalar,True,1229,2741,2299000.0,725000.0,726000.0,998000.0,2022390000.0,0.0,,0.999,1.64,5202887376,3178873740,56508416,
2,wamr,crc32.scalar,True,-1910355869,366,2248000.0,5235000.0,5302000.0,6884000.0,1976930000.0,0.0,,1.0,1.58,4907311453,3107429828,56508416,
2,wamr,convolution.scalar,True,8190685,135,2141000.0,14513000.0,14758000.0,16911000.0,1991850000.0,0.0,,1.0,1.49,4670531721,3131022306,56508416,
2,wamr,bulk_memory.scalar,True,8698902,126,2219000.0,15395000.0,15634000.0,17192000.0,1959420000.0,0.0,,1.0,1.54,4729957741,3080122901,56508416,
2,wamr,tailcall_fsm,True,-1841735369,146,2477000.0,12977000.0,13228000.0,14193000.0,1916870000.0,0.0,,1.0,1.94,5850787380,3012987939,56508416,
2,wamr,eh_parser_exnref,False,,,,,,,,,,,,,,,wasm_runtime_load failed: WASM module load failed: unsupported opcode 1f
2,wamr,eh_parser_legacy,True,830008030,90,2361000.0,21316000.0,21642000.0,23773000.0,1941100000.0,0.0,,1.0,1.51,4615105130,3051353520,56508416,
2,wamr,gc_trees,False,,,,,,,,,,,,,,,wasm_runtime_load failed: WASM module load failed: invalid type flag
2,wamr,callref_dispatch,False,,,,,,,,,,,,,,,wasm_runtime_load failed: WASM module load failed: incompatible import type
2,wamr,callref_dispatch.indirect,True,-750120562,73,107000.0,26587000.0,27070000.0,29719000.0,1962540000.0,0.0,,1.0,1.51,4669140330,3084888971,56508416,
2,wamr,relaxed_dot,True,-551922832,595,3010000.0,3318000.0,3348000.0,3855000.0,2010510000.0,0.0,,1.0,1.72,5427370700,3160105697,56508416,
2,wamr,relaxed_madd,True,-1435646925,3018,2457000.0,614000.0,697000.0,885000.0,2043840000.0,0.0,,1.0,1.69,5413850975,3212437971,56508416,
2,wamr,mem64_chase,False,,,,,,,,,,,,,,,wasm_runtime_load failed: WASM module load failed: invalid limits flags
2,wamr,mem64_chase.mem32,True,433527714,35,2872000.0,55240000.0,57037000.0,57919000.0,1983200000.0,0.0,,1.0,0.3,945422627,3117074431,115671040,
2,wamr,multimem_transform,False,,,,,,,,,,,,,,,wasm_runtime_load failed: WASM module load failed: multiple memories
2,wamr,multimem_transform.single,True,902712413,337,2069999.9999999998,5645000.0,5705000.0,6590000.0,1922810000.0,0.0,,1.0,1.63,4940515528,3022279255,115671040,
2,wamr,extconst_init,True,-1152068691,2529,8823000.0,751000.0,786000.0,1171000.0,2158510000.0,0.0,,1.0,1.6,5396567142,3377654700,115671040,
2,wamr,extconst_init.mvp,True,-1152068691,12549,3491000.0,150000.0,174000.0,279000.0,2472760000.0,0.0,,1.0,1.4,5454124909,3886939314,115671040,
2,wamr,sqlite3,False,,,,,,,,,,,,,,,N/A — the harness only has a WASI preview-1 + bench.* import shim for Pulley
3,wamr,fib,True,832040,9,2455000.0,208858000.0,209900000.0,222826000.0,1857590000.0,0.0,,0.998,1.59,4639765893,2921091452,37273600,
3,wamr,fib_tail,True,873876091,2197,2315000.0,907000.0,908000.0,1335000.0,2017480000.0,0.0,,1.0,1.59,5026955701,3171345228,38060032,
3,wamr,factorial,True,-2102132736,16384,2200000.0,1000.0,1000.0,1000.0,11800000.0,0.0,,0.794,1.37,27779347,20313709,38453248,
3,wamr,sieve,True,1229,2429,2503000.0,809000.0,814000.0,1064000.0,1972820000.0,0.0,,1.0,1.8,5657328832,3141188519,38715392,
3,wamr,crc32,True,-1910355869,369,2255000.0,5190000.0,5343000.0,6169000.0,1982130000.0,0.0,,1.0,1.57,4905131539,3115685261,38846464,
3,wamr,matmul_simd,True,48907,451,2295000.0,4211000.0,4257000.0,4800000.0,1924120000.0,0.0,,1.0,1.95,5890967046,3024558346,39190528,
3,wamr,matmul_fma,True,48907,636,2338000.0,3108000.0,3134000.0,3617000.0,2010520000.0,0.0,,1.0,1.98,6259322122,3160470053,39337984,
3,wamr,convolution,True,8190685,302,2229000.0,6327000.0,6467000.0,7363000.0,1952530000.0,0.0,,1.0,1.77,5442118875,3068989949,39649280,
3,wamr,audio_dsp,True,761667740,1,2511000.0,1096581000.0,1096581000.0,1096581000.0,1079980000.0,0.0,,1.0,1.55,2635917879,1697701786,39845888,
3,wamr,bulk_memory,True,8698902,131,2275000.0,14890000.0,15102000.0,15905000.0,1968380000.0,0.0,,1.0,1.57,4845134781,3093865401,40255488,
3,wamr,call_indirect,True,-9175573,70,2170000.0,27374000.0,27643000.0,28960000.0,1925980000.0,0.0,,1.0,1.48,4474081804,3027584367,40386560,
3,wamr,xmrsplayer,True,-88237965,78,13679000.0,24517000.0,25025000.0,27577000.0,1932700000.0,0.0,,1.0,1.24,3755600336,3037973567,56459264,
3,wamr,graphql_as,True,5,145,8826000.0,13036000.0,14987000.0,19090000.0,2349520000.0,0.0,,1.0,1.04,3827226122,3693343504,56459264,
3,wamr,graphql_porf,True,0,106,15780000.0,17517000.0,19061000.0,21045000.0,2110730000.0,0.0,,1.0,1.02,3379392641,3317997861,56459264,
3,wamr,vtable_mono,True,-318559695,40,2450000.0,48730000.0,50191000.0,52862000.0,1997160000.0,0.0,,1.0,1.57,4916741700,3139306577,56459264,
3,wamr,vtable_bi,True,-208336512,37,2346000.0,53228000.0,53854000.0,54943000.0,1979060000.0,0.0,,1.0,1.62,5051163433,3110693588,56459264,
3,wamr,vtable_poly4,True,-126115384,34,2346000.0,58497000.0,59063000.0,61852000.0,1995460000.0,0.0,,1.0,1.52,4770529663,3136615048,56459264,
3,wamr,vtable_poly6,True,579248763,30,2317000.0,64244000.0,65955000.0,69766000.0,1965670000.0,0.0,,1.0,1.4,4333519656,3089795405,56459264,
3,wamr,factorial.scalar,True,-2102132736,16384,2118000.0,1000.0,1000.0,1000.0,15570000.0,0.0,,0.999,1.21,29569286,24489529,56459264,
3,wamr,sieve.scalar,True,1229,2753,2409000.0,725000.0,730000.0,982000.0,2029200000.0,0.0,,1.0,1.63,5210313914,3189493404,56459264,
3,wamr,crc32.scalar,True,-1910355869,357,2279000.0,5235000.0,5290000.0,6753000.0,1917360000.0,0.0,,1.0,1.58,4766285818,3013711952,56459264,
3,wamr,convolution.scalar,True,8190685,134,2139000.0,14534000.0,14776000.0,16073000.0,1974430000.0,0.0,,1.0,1.49,4626611422,3103737743,56459264,
3,wamr,bulk_memory.scalar,True,8698902,126,2285000.0,15428000.0,15632000.0,17825000.0,1966350000.0,0.0,,1.0,1.53,4743128056,3091045105,56459264,
3,wamr,tailcall_fsm,True,-1841735369,143,2487000.0,13671000.0,13914000.0,15216000.0,1981790000.0,0.0,,1.0,1.84,5739906490,3115061470,56459264,
3,wamr,eh_parser_exnref,False,,,,,,,,,,,,,,,wasm_runtime_load failed: WASM module load failed: unsupported opcode 1f
3,wamr,eh_parser_legacy,True,830008030,89,2267000.0,21581000.0,21923000.0,24747000.0,1943340000.0,0.0,,1.0,1.49,4556345009,3054853558,56459264,
3,wamr,gc_trees,False,,,,,,,,,,,,,,,wasm_runtime_load failed: WASM module load failed: invalid type flag
3,wamr,callref_dispatch,False,,,,,,,,,,,,,,,wasm_runtime_load failed: WASM module load failed: incompatible import type
3,wamr,callref_dispatch.indirect,True,-750120562,74,115000.0,26459000.0,27073000.0,28253000.0,1990360000.0,0.0,,1.0,1.51,4735106728,3128524572,56459264,
3,wamr,relaxed_dot,True,-551922832,570,2217000.0,3259000.0,3283000.0,3689000.0,1878630000.0,0.0,,1.0,1.75,5173584549,2952860731,56459264,
3,wamr,relaxed_madd,True,-1435646925,3231,2846000.0,614000.0,697000.0,918000.0,2158800000.0,0.0,,1.0,1.71,5794948378,3393288961,56459264,
3,wamr,mem64_chase,False,,,,,,,,,,,,,,,wasm_runtime_load failed: WASM module load failed: invalid limits flags
3,wamr,mem64_chase.mem32,True,433527714,35,2110000.0,55955000.0,57071000.0,58606000.0,1977900000.0,0.0,,1.0,0.3,941108765,3108912201,115572736,
3,wamr,multimem_transform,False,,,,,,,,,,,,,,,wasm_runtime_load failed: WASM module load failed: multiple memories
3,wamr,multimem_transform.single,True,902712413,323,1986000.0,5645000.0,5709000.0,6370000.0,1840630000.0,0.0,,1.0,1.63,4728786212,2893123192,115572736,
3,wamr,extconst_init,True,-1152068691,2320,8934000.0,771000.0,811000.0,1198000.0,2035330000.0,0.0,,1.0,1.55,4954677898,3199510894,115572736,
3,wamr,extconst_init.mvp,True,-1152068691,12367,3526000.0,150000.0,175000.0,285000.0,2460650000.0,0.0,,1.0,1.4,5396816773,3867713496,115572736,
3,wamr,sqlite3,False,,,,,,,,,,,,,,,N/A — the harness only has a WASI preview-1 + bench.* import shim for Pulley
4,wamr,fib,True,832040,9,2464000.0,208978000.0,210398000.0,215825000.0,1863840000.0,0.0,,0.999,1.59,4646772875,2930521155,37453824,
4,wamr,fib_tail,True,873876091,2104,2446000.0,907000.0,911000.0,1476000.0,1943110000.0,0.0,,1.0,1.58,4830669774,3054432512,38223872,
4,wamr,factorial,True,-2102132736,16384,3167000.0,1000.0,1000.0,1000.0,15530000.0,0.0,,0.995,1.43,34845902,24330686,38600704,
4,wamr,sieve,True,1229,2458,2246000.0,810000.0,811000.0,1060000.0,1962510000.0,0.0,,1.0,1.81,5723795124,3170139211,38862848,
4,wamr,crc32,True,-1910355869,352,2617000.0,5190000.0,5333000.0,6487000.0,1905610000.0,0.0,,1.0,1.56,4685459759,2995225579,38895616,
4,wamr,matmul_simd,True,48907,467,2468000.0,4200000.0,4236000.0,4716000.0,1986860000.0,0.0,,1.0,1.95,6103416215,3122940500,39206912,
4,wamr,matmul_fma,True,48907,639,2540000.0,3110000.0,3136000.0,3544000.0,2018330000.0,0.0,,1.0,1.98,6287679474,3172671345,39387136,
4,wamr,convolution,True,8190685,310,3698000.0,6278000.0,6426000.0,7058000.0,1990830000.0,0.0,,1.0,1.79,5586799285,3129195923,39763968,
4,wamr,audio_dsp,True,761667740,1,2515000.0,1098061000.0,1098061000.0,1098061000.0,1095420000.0,0.0,,1.0,1.55,2667330213,1721971743,39993344,
4,wamr,bulk_memory,True,8698902,130,2283000.0,14824000.0,15193000.0,16335999.999999998,1964630000.0,0.0,,1.0,1.55,4801534373,3088207848,40353792,
4,wamr,call_indirect,True,-9175573,71,2317000.0,27383000.0,27796000.0,29363000.0,1959900000.0,0.0,,1.0,1.47,4530179214,3080900328,40419328,
4,wamr,xmrsplayer,True,1821690159,80,14050000.0,24615000.0,25051000.0,28258000.0,1993660000.0,0.0,,1.0,1.23,3866137257,3133714404,56623104,
4,wamr,graphql_as,True,5,146,8317000.0,13243000.0,15289000.0,22557000.0,2410010000.0,0.0,,1.0,1.02,3870203268,3788443556,56623104,
4,wamr,graphql_porf,True,0,105,15045000.0,17429000.0,19016000.0,20099000.0,2092120000.0,0.0,,1.0,1.03,3387450932,3288726218,56623104,
4,wamr,vtable_mono,True,-318559695,39,2323000.0,48793000.0,50093000.0,51356000.0,1932060000.0,0.0,,1.0,1.57,4766113601,3036924944,56623104,
4,wamr,vtable_bi,True,-208336512,36,2384000.0,53328000.0,54052000.0,58218000.0,1930970000.0,0.0,,1.0,1.62,4916152648,3035133246,56623104,
4,wamr,vtable_poly4,True,-126115384,35,2355000.0,56840000.0,57959000.0,60032000.0,2016660000.0,0.0,,1.0,1.55,4908715521,3169846011,56623104,
4,wamr,vtable_poly6,True,579248763,30,2365000.0,64637000.0,66003000.0,67400000.0,1965820000.0,0.0,,1.0,1.4,4338647748,3089865412,56623104,
4,wamr,factorial.scalar,True,-2102132736,16384,2159000.0,1000.0,1000.0,1000.0,16649999.999999998,0.0,,0.996,1.2,31183569,26093309,56623104,
4,wamr,sieve.scalar,True,1229,2634,2271000.0,725000.0,730000.0,1024999.9999999999,1946220000.0,0.0,,1.0,1.63,4995409327,3059179169,56623104,
4,wamr,crc32.scalar,True,-1910355869,368,2249000.0,5235000.0,5304000.0,6805000.0,1982830000.0,0.0,,1.0,1.58,4927306912,3116563801,56623104,
4,wamr,convolution.scalar,True,8190685,127,2219000.0,14525000.0,14803000.0,16797000.0,1862990000.0,0.0,,1.0,1.49,4359530578,2928558951,56623104,
4,wamr,bulk_memory.scalar,True,8698902,126,2290000.0,15385000.0,15735000.0,17012000.0,1978380000.0,0.0,,1.0,1.52,4742333466,3109782553,56623104,
4,wamr,tailcall_fsm,True,-1841735369,146,2296000.0,12966000.0,13190000.0,14260000.0,1919630000.0,0.0,,1.0,1.94,5863598751,3017421138,56623104,
4,wamr,eh_parser_exnref,False,,,,,,,,,,,,,,,wasm_runtime_load failed: WASM module load failed: unsupported opcode 1f
4,wamr,eh_parser_legacy,True,830008030,91,2367000.0,21352000.0,21644000.0,22957000.0,1952840000.0,0.0,,1.0,1.51,4642900949,3069765086,56623104,
4,wamr,gc_trees,False,,,,,,,,,,,,,,,wasm_runtime_load failed: WASM module load failed: invalid type flag
4,wamr,callref_dispatch,False,,,,,,,,,,,,,,,wasm_runtime_load failed: WASM module load failed: incompatible import type
4,wamr,callref_dispatch.indirect,True,-750120562,74,109000.0,26187000.0,26536000.0,28273000.0,1944930000.0,0.0,,1.0,1.54,4720921615,3057189136,56623104,
4,wamr,relaxed_dot,True,-551922832,585,2288000.0,3262000.0,3332000.0,4131999.9999999995,1954240000.0,0.0,,1.0,1.73,5311973472,3071674630,56623104,
4,wamr,relaxed_madd,True,-1435646925,2856,2368000.0,614000.0,697000.0,893000.0,1926750000.0,0.0,,1.0,1.69,5117124572,3028467354,56623104,
4,wamr,mem64_chase,False,,,,,,,,,,,,,,,wasm_runtime_load failed: WASM module load failed: invalid limits flags
4,wamr,mem64_chase.mem32,True,433527714,34,2335000.0,54957000.0,57030000.0,58122000.0,1922030000.0,0.0,,1.0,0.3,916286620,3020894095,115769344,
4,wamr,multimem_transform,False,,,,,,,,,,,,,,,wasm_runtime_load failed: WASM module load failed: multiple memories
4,wamr,multimem_transform.single,True,902712413,313,1935000.0,5645000.0,5715000.0,6269000.0,1791160000.0,0.0,,1.0,1.63,4601233378,2815316847,115769344,
4,wamr,extconst_init,True,-1152068691,2256,8951000.0,780000.0,826000.0,1186000.0,2007200000.0,0.0,,1.0,1.53,4826790511,3155031330,115769344,
4,wamr,extconst_init.mvp,True,-1152068691,12654,3449000.0,150000.0,174000.0,281000.0,2511110000.0,0.0,,1.0,1.4,5517288595,3946973775,115769344,
4,wamr,sqlite3,False,,,,,,,,,,,,,,,N/A — the harness only has a WASI preview-1 + bench.* import shim for Pulley
5,wamr,fib,True,832040,9,3771000.0,208781000.0,211835000.0,218244000.0,1857980000.0,0.0,,0.998,1.59,4641869875,2922170745,37257216,
5,wamr,fib_tail,True,873876091,2198,2055000.0000000002,907000.0,908000.0,1302000.0,2023140000.0,0.0,,0.998,1.58,5038881693,3183553969,38043648,
5,wamr,factorial,True,-2102132736,16384,2159000.0,1000.0,1000.0,1000.0,29100000.0,0.0,,0.917,1.34,63815810,47514826,38436864,
5,wamr,sieve,True,1229,1811,2338000.0,804000.0,810000.0,1073000.0,1449320000.0,0.0,,0.999,1.8,4226099576,2342735940,38715392,
5,wamr,crc32,True,-1910355869,383,2198000.0,5191000.0,5314000.0,6499000.0,2062000000.0,0.0,,1.0,1.58,5107152356,3241052127,38944768,
5,wamr,matmul_simd,True,48907,468,2294000.0,4251000.0,4282000.0,4752000.0,2016250000.0,0.0,,1.0,1.93,6129775193,3169479258,39239680,
5,wamr,matmul_fma,True,48907,637,2412000.0,3114000.0,3143000.0,3701000.0,2026640000.0,0.0,,1.0,1.97,6276253925,3186779050,39485440,
5,wamr,convolution,True,8190685,311,2255000.0,6330000.0,6483000.0,7398000.0,2015140000.0,0.0,,1.0,1.77,5604684189,3167455963,39682048,
5,wamr,audio_dsp,True,761667740,1,2170000.0,1098893000.0,1098893000.0,1098893000.0,1089800000.0,0.0,,1.0,1.55,2656026605,1713136292,39911424,
5,wamr,bulk_memory,True,8698902,130,2126000.0,14894000.0,15164000.0,16616000.0,1956200000.0,0.0,,1.0,1.56,4795856452,3074764883,40288256,
5,wamr,call_indirect,True,-9175573,72,2212000.0,27400000.0,27940000.0,30116000.0,1999270000.0,0.0,,1.0,1.46,4603164233,3142784772,40353792,
5,wamr,xmrsplayer,True,846043454,81,13794000.0,24356000.0,24832000.0,26900000.0,2003950000.0,0.0,,1.0,1.24,3921104824,3149923943,56475648,
5,wamr,graphql_as,True,5,143,8476000.0,13089000.0,15106000.0,19128000.0,2336530000.0,0.0,,1.0,1.03,3784190721,3672928554,56475648,
5,wamr,graphql_porf,True,0,104,14718000.0,17537000.0,19049000.0,20168000.0,2075710000.0,0.0,,1.0,1.02,3339791929,3262957163,56475648,
5,wamr,vtable_mono,True,-318559695,37,2249000.0,52000000.0,53819000.0,55115000.0,1974470000.0,0.0,,1.0,1.46,4521991974,3103597405,56475648,
5,wamr,vtable_bi,True,-208336512,37,2326000.0,52795000.0,53809000.0,57506000.0,1975890000.0,0.0,,1.0,1.62,5045333836,3105796596,56475648,
5,wamr,vtable_poly4,True,-126115384,33,2326000.0,57859000.0,58749000.0,59754000.0,1932560000.0,0.0,,1.0,1.53,4643620539,3037641407,56475648,
5,wamr,vtable_poly6,True,579248763,30,2727000.0,63994000.0,65662000.00000001,70131000.0,1951900000.0,0.0,,1.0,1.41,4341239162,3068072064,56475648,
5,wamr,factorial.scalar,True,-2102132736,16384,2077999.9999999998,1000.0,1000.0,1000.0,17500000.0,0.0,,0.996,1.31,35884229,27443707,56475648,
5,wamr,sieve.scalar,True,1229,2733,2192000.0,725000.0,726000.0,989000.0,2021660000.0,0.0,,1.0,1.63,5189691542,3177798060,56475648,
5,wamr,crc32.scalar,True,-1910355869,367,2122000.0,5235000.0,5298000.0,6879000.0,1976200000.0,0.0,,1.0,1.58,4900487613,3106093345,56475648,
5,wamr,convolution.scalar,True,8190685,134,2303000.0,14511000.0,14741000.0,15775000.0,1974330000.0,0.0,,1.0,1.49,4621328684,3103578377,56475648,
5,wamr,bulk_memory.scalar,True,8698902,124,2221000.0,15454000.0,15696000.0,16425999.999999998,1938020000.0,0.0,,1.0,1.53,4656890404,3046350473,56475648,
5,wamr,tailcall_fsm,True,-1841735369,148,2385000.0,12850000.0,13065000.0,14476000.0,1933250000.0,0.0,,1.0,1.96,5958070023,3038743387,56475648,
5,wamr,eh_parser_exnref,False,,,,,,,,,,,,,,,wasm_runtime_load failed: WASM module load failed: unsupported opcode 1f
5,wamr,eh_parser_legacy,True,830008030,90,2237000.0,21338000.0,21595000.0,24255000.0,1938770000.0,0.0,,1.0,1.51,4605614016,3047682166,56475648,
5,wamr,gc_trees,False,,,,,,,,,,,,,,,wasm_runtime_load failed: WASM module load failed: invalid type flag
5,wamr,callref_dispatch,False,,,,,,,,,,,,,,,wasm_runtime_load failed: WASM module load failed: incompatible import type
5,wamr,callref_dispatch.indirect,True,-750120562,71,114000.0,26608000.0,27048000.0,28314000.0,1910110000.0,0.0,,1.0,1.51,4537544134,3002485146,56475648,
5,wamr,relaxed_dot,True,-551922832,605,2361000.0,3259000.0,3280000.0,3667000.0,1993960000.0,0.0,,1.0,1.75,5488324518,3134130325,56475648,
5,wamr,relaxed_madd,True,-1435646925,2826,2279000.0,614000.0,697000.0,879000.0,1910530000.0,0.0,,1.0,1.69,5078537519,3002935668,56475648,
5,wamr,mem64_chase,False,,,,,,,,,,,,,,,wasm_runtime_load failed: WASM module load failed: invalid limits flags
5,wamr,mem64_chase.mem32,True,433527714,34,2057000.0,54916000.0,57113000.0,64319000.0,1918040000.0,0.0,,1.0,0.3,915044243,3014630358,115687424,
5,wamr,multimem_transform,False,,,,,,,,,,,,,,,wasm_runtime_load failed: WASM module load failed: multiple memories
5,wamr,multimem_transform.single,True,902712413,348,1955000.0,5646000.0,5712000.0,6547000.0,1993690000.0,0.0,,1.0,1.63,5118875037,3133640654,115687424,
5,wamr,extconst_init,True,-1152068691,2406,8489000.0,781000.0,831000.0,1148000.0,2169190000.0,0.0,,1.0,1.51,5159876612,3409508341,115687424,
5,wamr,extconst_init.mvp,True,-1152068691,12695,3460000.0,149000.0,173000.0,265000.0,2506170000.0,0.0,,1.0,1.41,5515267175,3923696899,115687424,
5,wamr,sqlite3,False,,,,,,,,,,,,,,,N/A — the harness only has a WASI preview-1 + bench.* import shim for Pulley
6,wamr,fib,True,832040,9,2462000.0,209040000.0,210924000.0,222470000.0,1854030000.0,0.0,,0.999,1.59,4624535664,2915066384,37322752,
6,wamr,fib_tail,True,873876091,2181,2123000.0,907000.0,910000.0,1397000.0,2015150000.0,0.0,,1.0,1.58,5002505009,3161508645,38092800,
6,wamr,factorial,True,-2102132736,16384,2273000.0,1000.0,1000.0,1000.0,26930000.0,0.0,,0.997,1.28,49461879,38600968,38469632,
6,wamr,sieve,True,1229,2465,2225000.0,809000.0,812000.0,1104000.0,1982310000.0,0.0,,1.0,1.8,5750040754,3193018539,38715392,
6,wamr,crc32,True,-1910355869,374,2203000.0,5191000.0,5254000.0,6156000.0,1972850000.0,0.0,,1.0,1.6,4961896578,3100813040,38862848,
6,wamr,matmul_simd,True,48907,464,2319000.0,4195000.0,4226000.0,4891000.0,1965760000.0,0.0,,1.0,1.96,6051522555,3090114239,39190528,
6,wamr,matmul_fma,True,48907,626,2297000.0,3107000.0,3131000.0,3614000.0,1977360000.0,0.0,,1.0,1.98,6146099910,3097142140,39370752,
6,wamr,convolution,True,8190685,287,2276000.0,6287000.0,6513000.0,7256000.0,1859120000.0,0.0,,1.0,1.77,5159365472,2922355760,39682048,
6,wamr,audio_dsp,True,761667740,1,2827000.0,1098741000.0,1098741000.0,1098741000.0,1087890000.0,0.0,,1.0,1.55,2655552522,1710129786,39845888,
6,wamr,bulk_memory,True,8698902,130,2369000.0,14884000.0,15224000.0,16027999.999999998,1969260000.0,0.0,,1.0,1.56,4814055143,3095332331,40288256,
6,wamr,call_indirect,True,-9175573,70,2692000.0,27498000.0,27917000.0,29497000.0,1940360000.0,0.0,,1.0,1.47,4476006543,3050189912,40353792,
6,wamr,xmrsplayer,True,1258103818,82,14066000.0,23994000.0,24509000.0,27697000.0,2004360000.0,0.0,,1.0,1.26,3972532013,3150469176,56492032,
6,wamr,graphql_as,True,5,145,8486000.0,13190000.0,15168000.0,19012000.0,2364820000.0,0.0,,1.0,1.03,3836366141,3717423108,56492032,
6,wamr,graphql_porf,True,0,103,14929000.0,17776000.0,19285000.0,21092000.0,2089960000.0,0.0,,1.0,1.02,3338051661,3285358502,56492032,
6,wamr,vtable_mono,True,-318559695,40,2195000.0,49082000.0,50119000.0,51411000.0,1995050000.0,0.0,,1.0,1.56,4904458325,3135780805,56492032,
6,wamr,vtable_bi,True,-208336512,37,2342000.0,53016000.0,54091000.0,55578000.0,1990930000.0,0.0,,1.0,1.62,5059581685,3129392323,56492032,
6,wamr,vtable_poly4,True,-126115384,34,2338000.0,57922000.0,58486000.0,60032000.0,1975910000.0,0.0,,1.0,1.53,4764479415,3105762712,56492032,
6,wamr,vtable_poly6,True,579248763,30,2341000.0,64894000.00000001,66310000.0,68569000.0,1981020000.0,0.0,,1.0,1.39,4337322284,3113606724,56492032,
6,wamr,factorial.scalar,True,-2102132736,16384,2167000.0,1000.0,1000.0,1000.0,16660000.0,0.0,,0.996,1.34,34957783,26111477,56492032,
6,wamr,sieve.scalar,True,1229,2751,2324000.0,725000.0,732000.0,993000.0,2033270000.0,0.0,,1.0,1.63,5211691603,3196102806,56492032,
6,wamr,crc32.scalar,True,-1910355869,360,2229000.0,5235000.0,5302000.0,6888000.0,1944980000.0,0.0,,1.0,1.57,4809259812,3057128971,56492032,
6,wamr,convolution.scalar,True,8190685,132,2168000.0,14515000.0,14783000.0,16201000.0,1952720000.0,0.0,,1.0,1.49,4570859811,3069615764,56492032,
6,wamr,bulk_memory.scalar,True,8698902,123,2252000.0,15530000.0,15757000.0,16674000.0,1933060000.0,0.0,,1.0,1.52,4630114391,3038435243,56492032,
6,wamr,tailcall_fsm,True,-1841735369,147,2342000.0,12972000.0,13208000.0,14055000.0,1935910000.0,0.0,,1.0,1.94,5908707232,3042938384,56492032,
6,wamr,eh_parser_exnref,False,,,,,,,,,,,,,,,wasm_runtime_load failed: WASM module load failed: unsupported opcode 1f
6,wamr,eh_parser_legacy,True,830008030,89,2265000.0,21483000.0,21766000.0,23826000.0,1931630000.0,0.0,,1.0,1.5,4557436055,3036470760,56492032,
6,wamr,gc_trees,False,,,,,,,,,,,,,,,wasm_runtime_load failed: WASM module load failed: invalid type flag
6,wamr,callref_dispatch,False,,,,,,,,,,,,,,,wasm_runtime_load failed: WASM module load failed: incompatible import type
6,wamr,callref_dispatch.indirect,True,-750120562,74,112000.0,26217000.0,26505000.0,28078000.0,1951040000.0,0.0,,1.0,1.54,4737764051,3066768160,56492032,
6,wamr,relaxed_dot,True,-551922832,602,2350000.0,3258000.0,3281000.0,3710000.0,1981990000.0,0.0,,1.0,1.75,5457808026,3115288139,56492032,
6,wamr,relaxed_madd,True,-1435646925,2868,2335000.0,614000.0,696000.0,883000.0,1916020000.0,0.0,,1.0,1.71,5149287510,3011545185,56492032,
6,wamr,mem64_chase,False,,,,,,,,,,,,,,,wasm_runtime_load failed: WASM module load failed: invalid limits flags
6,wamr,mem64_chase.mem32,True,433527714,35,2229000.0,55595000.0,57118000.0,57602000.0,1982070000.0,0.0,,1.0,0.3,943659759,3115486809,115605504,
6,wamr,multimem_transform,False,,,,,,,,,,,,,,,wasm_runtime_load failed: WASM module load failed: multiple memories
6,wamr,multimem_transform.single,True,902712413,321,2055000.0000000002,5645000.0,5710000.0,7066000.0,1833420000.0,0.0,,1.0,1.63,4708825285,2881725363,115605504,
6,wamr,extconst_init,True,-1152068691,2363,9129000.0,753000.0,787000.0,1202000.0,2020060000.0,0.0,,1.0,1.59,5054973433,3175306035,115605504,
6,wamr,extconst_init.mvp,True,-1152068691,12254,3559000.0,150000.0,172000.0,283000.0,2422530000.0,0.0,,1.0,1.4,5335953720,3807921046,115605504,
6,wamr,sqlite3,False,,,,,,,,,,,,,,,N/A — the harness only has a WASI preview-1 + bench.* import shim for Pulley
7,wamr,fib,True,832040,9,2636000.0,208475000.0,210146000.0,223018000.0,1868330000.0,0.0,,0.998,1.59,4657449174,2938014784,37273600,
7,wamr,fib_tail,True,873876091,1896,2274000.0,907000.0,910000.0,1496000.0,1744390000.0,0.0,,1.0,1.58,4337106383,2742046683,38027264,
7,wamr,factorial,True,-2102132736,16384,2241000.0,1000.0,1000.0,1000.0,19110000.0,0.0,,0.868,1.38,44034220,31874703,38371328,
7,wamr,sieve,True,1229,2407,2332000.0,805000.0,810000.0,1118000.0,1955890000.0,0.0,,0.999,1.8,5618148233,3116763166,38682624,
7,wamr,crc32,True,-1910355869,382,2155000.0,5191000.0,5241000.0,6182000.0,2017940000.0,0.0,,1.0,1.6,5079713175,3171814354,38944768,
7,wamr,matmul_simd,True,48907,466,2520000.0,4224000.0,4258000.0,4907000.0,1988660000.0,0.0,,1.0,1.94,6073828939,3126017894,39288832,
7,wamr,matmul_fma,True,48907,631,2335000.0,3114000.0,3139000.0,3745000.0,1994220000.0,0.0,,1.0,1.98,6201640266,3134755388,39403520,
7,wamr,convolution,True,8190685,305,2526000.0,6270000.0,6557000.0,7297000.0,1997550000.0,0.0,,1.0,1.75,5509856534,3139717695,39714816,
7,wamr,audio_dsp,True,761667740,1,2256000.0,1096542000.0,1096542000.0,1096542000.0,1080190000.0,0.0,,1.0,1.55,2636036291,1698021591,39927808,
7,wamr,bulk_memory,True,8698902,124,2256000.0,15030000.0,15288000.0,15939000.0,1885920000.0,0.0,,1.0,1.55,4590423156,2964208268,40304640,
7,wamr,call_indirect,True,-9175573,72,2273000.0,27496000.0,27870000.0,30996000.0,1996780000.0,0.0,,1.0,1.47,4606419245,3138845325,40353792,
7,wamr,xmrsplayer,True,1821690159,80,13574000.0,23987000.0,24544000.0,27724000.0,1961540000.0,0.0,,1.0,1.26,3878393462,3083130677,56492032,
7,wamr,graphql_as,True,5,138,9298000.0,13208000.0,14457000.0,20840000.0,2249450000.0,0.0,,1.0,1.03,3645747521,3536079288,56492032,
7,wamr,graphql_porf,True,0,104,15415000.0,17562000.0,19187000.0,20151000.0,2090949999.9999998,0.0,,1.0,1.02,3346689719,3286921993,56492032,
7,wamr,vtable_mono,True,-318559695,40,2234000.0,48759000.0,50066000.0,53212000.0,1988230000.0,0.0,,1.0,1.57,4893661032,3125063863,56492032,
7,wamr,vtable_bi,True,-208336512,36,2317000.0,53164000.0,53870000.0,55547000.0,1923220000.0,0.0,,1.0,1.62,4903207941,3022966368,56492032,
7,wamr,vtable_poly4,True,-126115384,34,2325000.0,57947000.0,58564000.0,60317000.0,1980930000.0,0.0,,1.0,1.53,4769733592,3113786754,56492032,
7,wamr,vtable_poly6,True,579248763,29,2343000.0,65453999.99999999,66763000.00000001,68808000.0,1922560000.0,0.0,,1.0,1.39,4196270134,3021891584,56492032,
7,wamr,factorial.scalar,True,-2102132736,16384,2105000.0,1000.0,1000.0,1000.0,13840000.0,0.0,,0.995,1.28,27733962,21680001,56492032,
7,wamr,sieve.scalar,True,1229,2589,2171000.0,725000.0,727000.0,961000.0,1907340000.0,0.0,,1.0,1.63,4896805614,2997954874,56492032,
7,wamr,crc32.scalar,True,-1910355869,368,2210000.0,5236000.0,5313000.0,6907000.0,1978150000.0,0.0,,1.0,1.58,4909901963,3109467406,56492032,
7,wamr,convolution.scalar,True,8190685,134,2339000.0,14501000.0,14754000.0,15744000.0,1970920000.0,0.0,,1.0,1.49,4622088267,3098227927,56492032,
7,wamr,bulk_memory.scalar,True,8698902,124,2190000.0,15582000.0,15816000.0,17024000.0,1955920000.0,0.0,,1.0,1.52,4661828005,3074337773,56492032,
7,wamr,tailcall_fsm,True,-1841735369,130,2328000.0,12851000.0,13097000.0,15527000.0,1703120000.0,0.0,,1.0,1.95,5228032822,2676931776,56492032,
7,wamr,eh_parser_exnref,False,,,,,,,,,,,,,,,wasm_runtime_load failed: WASM module load failed: unsupported opcode 1f
7,wamr,eh_parser_legacy,True,830008030,88,2282000.0,21496000.0,21798000.0,22844000.0,1917240000.0,0.0,,1.0,1.5,4518133750,3013844885,56492032,
7,wamr,gc_trees,False,,,,,,,,,,,,,,,wasm_runtime_load failed: WASM module load failed: invalid type flag
7,wamr,callref_dispatch,False,,,,,,,,,,,,,,,wasm_runtime_load failed: WASM module load failed: incompatible import type
7,wamr,callref_dispatch.indirect,True,-750120562,75,367000.0,26221000.0,26499000.0,27530000.0,1977880000.0,0.0,,1.0,1.54,4799626905,3108904124,56492032,
7,wamr,relaxed_dot,True,-551922832,610,2222000.0,3258000.0,3281000.0,3861000.0,2019510000.0,0.0,,1.0,1.75,5556183788,3174428777,56492032,
7,wamr,relaxed_madd,True,-1435646925,2868,2238000.0,614000.0,697000.0,874000.0,1953320000.0,0.0,,1.0,1.68,5161686048,3070332517,56492032,
7,wamr,mem64_chase,False,,,,,,,,,,,,,,,wasm_runtime_load failed: WASM module load failed: invalid limits flags
7,wamr,mem64_chase.mem32,True,433527714,35,2197000.0,55259000.0,57032000.0,57916000.0,1981380000.0,0.0,,1.0,0.3,943471817,3114252897,115671040,
7,wamr,multimem_transform,False,,,,,,,,,,,,,,,wasm_runtime_load failed: WASM module load failed: multiple memories
7,wamr,multimem_transform.single,True,902712413,328,1897000.0,5646000.0,5711000.0,6256000.0,1877880000.0,0.0,,1.0,1.63,4821663677,2951539635,115671040,
7,wamr,extconst_init,True,-1152068691,2089,8798000.0,760000.0,794000.0,1186000.0,1780500000.0,0.0,,1.0,1.59,4458232744,2798829711,115671040,
7,wamr,extconst_init.mvp,True,-1152068691,10496,3493000.0,150000.0,174000.0,268000.0,2076909999.9999998,0.0,,1.0,1.4,4573459910,3264515156,115671040,
7,wamr,sqlite3,False,,,,,,,,,,,,,,,N/A — the harness only has a WASI preview-1 + bench.* import shim for Pulley
8,wamr,fib,True,832040,9,2377000.0,208678000.0,209106000.0,228630000.0,1857670000.0,0.0,,0.999,1.59,4640877327,2920821106,37322752,
8,wamr,fib_tail,True,873876091,2198,2378000.0,907000.0,915000.0,1548000.0,2025390000.0,0.0,,1.0,1.58,5036011204,3183762704,38125568,
8,wamr,factorial,True,-2102132736,16384,2174000.0,1000.0,1000.0,1000.0,20000000.0,0.0,,0.882,1.41,46772290,33163101,38502400,
8,wamr,sieve,True,1229,2320,2195000.0,810000.0,827000.0,7246000.0,1886530000.0,0.0,,1.0,1.78,5403223126,3037168945,38764544,
8,wamr,crc32,True,-1910355869,365,2225000.0,5190000.0,5435000.0,8980000.0,1976370000.0,0.0,,1.0,1.56,4860005921,3106613283,38912000,
8,wamr,matmul_simd,True,48907,468,2167000.0,4197000.0,4232000.0,4762000.0,1984910000.0,0.0,,1.0,1.96,6104227837,3121385623,39256064,
8,wamr,matmul_fma,True,48907,633,2204000.0,3110000.0,3140000.0,3659000.0,1996650000.0,0.0,,1.0,1.98,6217999938,3138607077,39354368,
8,wamr,convolution,True,8190685,305,2599000.0,6278000.0,6426000.0,7283000.0,1961020000.0,0.0,,1.0,1.78,5495488888,3082164880,39665664,
8,wamr,audio_dsp,True,761667740,1,2276000.0,1105058000.0,1105058000.0,1105058000.0,1095700000.0,0.0,,1.0,1.55,2664892837,1722414658,39895040,
8,wamr,bulk_memory,True,8698902,132,2327000.0,14870000.0,15229000.0,17534000.0,2003690000.0,0.0,,1.0,1.55,4894901219,3149462197,40255488,
8,wamr,call_indirect,True,-9175573,69,2153000.0,27577000.0,27940000.0,30184000.0,1914030000.0,0.0,,1.0,1.46,4407043845,3008798879,40419328,
8,wamr,xmrsplayer,True,846043454,81,13941000.0,24459000.0,24963000.0,26381000.0,2005140000.0,0.0,,1.0,1.24,3905000797,3151733724,56508416,
8,wamr,graphql_as,True,5,145,8473000.0,13349000.0,15066000.0,20141000.0,2380460000.0,0.0,,1.0,1.02,3831156616,3742016736,56508416,
8,wamr,graphql_porf,True,0,99,14546000.0,17307000.0,18970000.0,20683000.0,1959330000.0,0.0,,1.0,1.02,3153722416,3080016479,56508416,
8,wamr,vtable_mono,True,-318559695,39,2161000.0,49869000.0,51235000.0,52373000.0,1987020000.0,0.0,,1.0,1.53,4777418217,3123261059,56508416,
8,wamr,vtable_bi,True,-208336512,36,2383000.0,52911000.0,53962000.0,54919000.0,1936330000.0,0.0,,1.0,1.62,4931993721,3043564548,56508416,
8,wamr,vtable_poly4,True,-126115384,33,2154000.0,57005000.0,57906000.0,61551000.0,1901180000.0,0.0,,1.0,1.55,4640229505,2988297163,56508416,
8,wamr,vtable_poly6,True,579248763,30,2237000.0,65304000.0,66105000.00000001,67510000.0,1975980000.0,0.0,,1.0,1.4,4341399989,3105944919,56508416,
8,wamr,factorial.scalar,True,-2102132736,16384,1998000.0,1000.0,1000.0,1000.0,16670000.000000002,0.0,,0.999,1.22,32077087,26220135,56508416,
8,wamr,sieve.scalar,True,1229,2628,2311000.0,725000.0,733000.0,955000.0,1946930000.0,0.0,,1.0,1.63,4988129565,3060298327,56508416,
8,wamr,crc32.scalar,True,-1910355869,379,2171000.0,5235000.0,5304000.0,6888000.0,2024350000.0,0.0,,1.0,1.58,5037650586,3181884239,56508416,
8,wamr,convolution.scalar,True,8190685,135,2075000.0000000002,14531000.0,14783000.0,15793000.0,1991210000.0,0.0,,1.0,1.49,4664049943,3130105948,56508416,
8,wamr,bulk_memory.scalar,True,8698902,125,2295000.0,15361000.0,15666000.0,17342000.0,1949800000.0,0.0,,1.0,1.53,4692956302,3065026651,56508416,
8,wamr,tailcall_fsm,True,-1841735369,151,2181000.0,12964000.0,13216000.0,14014000.0,1992240000.0,0.0,,1.0,1.94,6078700180,3131413488,56508416,
8,wamr,eh_parser_exnref,False,,,,,,,,,,,,,,,wasm_runtime_load failed: WASM module load failed: unsupported opcode 1f
8,wamr,eh_parser_legacy,True,830008030,89,2180000.0,21324000.0,21622000.0,24390000.0,1916440000.0,0.0,,1.0,1.51,4545370491,3012590853,56508416,
8,wamr,gc_trees,False,,,,,,,,,,,,,,,wasm_runtime_load failed: WASM module load failed: invalid type flag
8,wamr,callref_dispatch,False,,,,,,,,,,,,,,,wasm_runtime_load failed: WASM module load failed: incompatible import type
8,wamr,callref_dispatch.indirect,True,-750120562,75,114000.0,26248000.0,26493000.0,28859000.0,1973180000.0,0.0,,1.0,1.54,4785588072,3101484045,56508416,
8,wamr,relaxed_dot,True,-551922832,564,2285000.0,3261000.0,3329000.0,4046999.9999999995,1882400000.0,0.0,,1.0,1.73,5120392229,2958751478,56508416,
8,wamr,relaxed_madd,True,-1435646925,2864,2290000.0,614000.0,697000.0,892000.0,1969430000.0,0.0,,1.0,1.66,5139375996,3095564151,56508416,
8,wamr,mem64_chase,False,,,,,,,,,,,,,,,wasm_runtime_load failed: WASM module load failed: invalid limits flags
8,wamr,mem64_chase.mem32,True,433527714,34,2400000.0,55763000.0,57065000.0,58570000.0,1922850000.0,0.0,,1.0,0.3,916148208,3022166226,115671040,
8,wamr,multimem_transform,False,,,,,,,,,,,,,,,wasm_runtime_load failed: WASM module load failed: multiple memories
8,wamr,multimem_transform.single,True,902712413,347,1966000.0,5644000.0,5712000.0,6175000.0,1990370000.0,0.0,,1.0,1.63,5105670143,3128190655,115671040,
8,wamr,extconst_init,True,-1152068691,2385,8752000.0,775000.0,819000.0,1129000.0,2106810000.0,0.0,,1.0,1.54,5099080615,3311719257,115671040,
8,wamr,extconst_init.mvp,True,-1152068691,11588,3589000.0,151000.0,174000.0,279000.0,2301720000.0,0.0,,1.0,1.4,5049952681,3617821223,115671040,
8,wamr,sqlite3,False,,,,,,,,,,,,,,,N/A — the harness only has a WASI preview-1 + bench.* import shim for Pulley
9,wamr,fib,True,832040,9,2699000.0,208052000.0,210972000.0,218053000.0,1862020000.0,0.0,,0.998,1.59,4650987921,2928193130,37322752,
9,wamr,fib_tail,True,873876091,2198,2089000.0,907000.0,909000.0,1438000.0,2034290000.0,0.0,,1.0,1.58,5048317814,3191579879,38109184,
9,wamr,factorial,True,-2102132736,16384,2279000.0,1000.0,1000.0,1000.0,24200000.0,0.0,,0.963,1.32,51180223,38864588,38486016,
9,wamr,sieve,True,1229,2400,2234000.0,805000.0,810000.0,1076000.0,1941240000.0,0.0,,1.0,1.8,5591959550,3103477480,38731776,
9,wamr,crc32,True,-1910355869,382,2453000.0,5190000.0,5240000.0,6091000.0,2014280000.0,0.0,,1.0,1.6,5077001506,3165979634,38862848,
9,wamr,matmul_simd,True,48907,427,2448000.0,4223000.0,4260000.0,5050000.0,1828920000.0,0.0,,1.0,1.94,5579834705,2874914919,39223296,
9,wamr,matmul_fma,True,48907,633,2584000.0,3114000.0,3137000.0,3577000.0,2001010000.0,0.0,,1.0,1.98,6228348454,3145460340,39436288,
9,wamr,convolution,True,8190685,303,2243000.0,6297000.0,6537000.0,6973000.0,1979330000.0,0.0,,1.0,1.76,5469315299,3111324258,39632896,
9,wamr,audio_dsp,True,761667740,1,2206000.0,1096230000.0,1096230000.0,1096230000.0,1091130000.0,0.0,,1.0,1.55,2661918200,1715223929,39878656,
9,wamr,bulk_memory,True,8698902,127,2323000.0,14899000.0,15237000.0,16209000.0,1924190000.0,0.0,,1.0,1.55,4692138798,3024566618,40255488,
9,wamr,call_indirect,True,-9175573,68,2532000.0,27529000.0,27866000.0,32030000.0,1882170000.0,0.0,,1.0,1.47,4341719196,2958692857,40402944,
9,wamr,xmrsplayer,True,1821690159,80,13916000.0,24350000.0,24844000.0,25901000.0,1976340000.0,0.0,,1.0,1.25,3867945382,3106380860,56508416,
9,wamr,graphql_as,True,5,146,8733000.0,13251000.0,15107000.0,19584000.0,2383250000.0,0.0,,1.0,1.03,3865975048,3746401304,56508416,
9,wamr,graphql_porf,True,0,104,15137000.0,17707000.0,19230000.0,19920000.0,2083610000.0000002,0.0,,1.0,1.02,3341517609,3275369314,56508416,
9,wamr,vtable_mono,True,-318559695,40,2303000.0,48241000.0,50123000.0,53357000.0,1979760000.0,0.0,,1.0,1.57,4887849324,3111837910,56508416,
9,wamr,vtable_bi,True,-208336512,36,2434000.0,52828000.0,53731000.0,55635000.0,1927610000.0,0.0,,1.0,1.63,4924059820,3029754027,56508416,
9,wamr,vtable_poly4,True,-126115384,34,2418000.0,57421000.0,58347000.0,65006000.0,1982040000.0,0.0,,1.0,1.54,4790361079,3115356098,56508416,
9,wamr,vtable_poly6,True,579248763,29,2355000.0,65611999.99999999,66657000.0,69053000.0,1926850000.0,0.0,,1.0,1.39,4196480117,3028698745,56508416,
9,wamr,factorial.scalar,True,-2102132736,16384,2119000.0,0.0,1000.0,1000.0,20080000.0,0.0,,0.997,1.21,38233778,31498011,56508416,
9,wamr,sieve.scalar,True,1229,2754,2254000.0,725000.0,726000.0,944000.0,2022890000.0,0.0,,1.0,1.64,5209217989,3179521876,56508416,
9,wamr,crc32.scalar,True,-1910355869,363,2224000.0,5234000.0,5288000.0,6887000.0,1951440000.0,0.0,,1.0,1.58,4851622258,3067446035,56508416,
9,wamr,convolution.scalar,True,8190685,134,2127000.0,14501000.0,14753000.0,15894000.0,1972270000.0,0.0,,1.0,1.49,4629076024,3100353100,56508416,
9,wamr,bulk_memory.scalar,True,8698902,125,2191000.0,15535000.0,15732000.0,16382000.000000002,1959450000.0,0.0,,1.0,1.52,4691349880,3080083457,56508416,
9,wamr,tailcall_fsm,True,-1841735369,143,2260000.0,13148000.0,13349000.0,15511000.0,1912830000.0,0.0,,1.0,1.91,5750047590,3006618033,56508416,
9,wamr,eh_parser_exnref,False,,,,,,,,,,,,,,,wasm_runtime_load failed: WASM module load failed: unsupported opcode 1f
9,wamr,eh_parser_legacy,True,830008030,90,2383000.0,21449000.0,21759000.0,24062000.0,1946110000.0,0.0,,1.0,1.5,4589322277,3059211206,56508416,
9,wamr,gc_trees,False,,,,,,,,,,,,,,,wasm_runtime_load failed: WASM module load failed: invalid type flag
9,wamr,callref_dispatch,False,,,,,,,,,,,,,,,wasm_runtime_load failed: WASM module load failed: incompatible import type
9,wamr,callref_dispatch.indirect,True,-750120562,74,112000.0,26137000.0,26491000.0,28724000.0,1949480000.0,0.0,,1.0,1.55,4736629000,3064316489,56508416,
9,wamr,relaxed_dot,True,-551922832,609,2321000.0,3258000.0,3279000.0,3883000.0,2020040000.0,0.0,,1.0,1.75,5557841052,3175255513,56508416,
9,wamr,relaxed_madd,True,-1435646925,2778,2321000.0,614000.0,697000.0,902000.0,1875130000.0,0.0,,1.0,1.69,4986581569,2947420731,56508416,
9,wamr,mem64_chase,False,,,,,,,,,,,,,,,wasm_runtime_load failed: WASM module load failed: invalid limits flags
9,wamr,mem64_chase.mem32,True,433527714,35,2105000.0,54877000.0,56995000.0,58644000.0,1983110000.0,0.0,,1.0,0.3,945261624,3116890667,115671040,
9,wamr,multimem_transform,False,,,,,,,,,,,,,,,wasm_runtime_load failed: WASM module load failed: multiple memories
9,wamr,multimem_transform.single,True,902712413,301,1963000.0,5644000.0,5702000.0,6405000.0,1717650000.0,0.0,,1.0,1.63,4412893860,2699785196,115671040,
9,wamr,extconst_init,True,-1152068691,2105,9582000.0,775000.0,808000.0,1198000.0,1827320000.0,0.0,,1.0,1.56,4494214402,2872422304,115671040,
9,wamr,extconst_init.mvp,True,-1152068691,12509,3471000.0,150000.0,174000.0,271000.0,2478430000.0,0.0,,1.0,1.4,5450414339,3895825819,115671040,
9,wamr,sqlite3,False,,,,,,,,,,,,,,,N/A — the harness only has a WASI preview-1 + bench.* import shim for Pulley
1,wasm3,fib,True,832040,11,754000.0,167094000.0,171485000.0,188108000.0,1855740000.0,0.0,,0.996,1.4,4077794380,2922226575,29704192,
1,wasm3,fib_tail,True,873876091,4094,261000.0,488000.0,488000.0,764000.0,2029690000.0,0.0,,0.998,1.99,6361493384,3193938355,30490624,
1,wasm3,factorial,False,,,,,,,,,,,,,,,wasm3 m3_FindFunction(factorial) failed: compiling function underran the stack
1,wasm3,sieve,False,,,,,,,,,,,,,,,wasm3 m3_FindFunction(sieve) failed: incorrect type on stack
1,wasm3,crc32,False,,,,,,,,,,,,,,,wasm3 m3_FindFunction(crc32) failed: compiling function underran the stack
1,wasm3,matmul_simd,False,,,,,,,,,,,,,,,wasm3 m3_FindFunction(matmul) failed: unknown type
1,wasm3,matmul_fma,False,,,,,,,,,,,,,,,wasm3 m3_FindFunction(matmul_fma) failed: unknown type
1,wasm3,convolution,False,,,,,,,,,,,,,,,wasm3 m3_FindFunction(convolve) failed: incorrect type on stack
1,wasm3,audio_dsp,True,761667740,2,264000.0,897133000.0,897436000.0,897436000.0,1781300000.0,0.0,,1.0,1.42,3988531213,2800139835,32702464,
1,wasm3,bulk_memory,False,,,,,,,,,,,,,,,wasm3 m3_FindFunction(bulk_memory) failed: unknown label
1,wasm3,call_indirect,True,-9175573,92,274000.0,20514000.0,20812000.0,21599000.0,1903140000.0,0.0,,1.0,1.36,4057955909,2991385326,33161216,
1,wasm3,xmrsplayer,True,-1890678103,103,2715000.0,18060000.0,18735000.0,20258000.0,1890830000.0,0.0,,1.0,0.91,2749118600,3011483757,51494912,
1,wasm3,graphql_as,True,5,128,2529000.0,13098000.0,14706000.0,16512000.0,1898670000.0,0.0,,1.0,0.84,2509333269,2984617818,51494912,
1,wasm3,graphql_porf,False,,,,,,,,,,,,,,,wasm3 m3_ParseModule failed: out of order Wasm section
1,wasm3,vtable_mono,True,-318559695,45,541000.0,42616000.0,44330000.0,45902000.0,1982020000.0,0.0,,1.0,1.35,4193886539,3115362156,51494912,
1,wasm3,vtable_bi,True,-208336512,43,427000.0,44665000.0,45736000.0,48449000.0,1954840000.0,0.0,,1.0,1.43,4407425255,3072556714,51494912,
1,wasm3,vtable_poly4,True,-126115384,39,309000.0,49644000.0,51099000.0,52791000.0,1982480000.0,0.0,,1.0,1.32,4099081402,3115922190,51494912,
1,wasm3,vtable_poly6,True,579248763,36,321000.0,55139000.0,56648000.0,60487000.0,2028800000.0,0.0,,1.0,1.23,3933308435,3188985456,51494912,
1,wasm3,factorial.scalar,True,-2102132736,16384,306000.0,0.0,1000.0,1000.0,9110000.0,0.0,,0.763,1.35,21636605,16002249,51494912,
1,wasm3,sieve.scalar,True,1229,4203,313000.0,429000.0,464000.0,639000.0,1956420000.0,0.0,,0.999,1.86,5720092221,3076522569,51494912,
1,wasm3,crc32.scalar,True,-1910355869,530,311000.0,3505000.0,3732000.0,4118000.0000000005,1962590000.0,0.0,,1.0,1.73,5326023416,3084730715,51494912,
1,wasm3,convolution.scalar,True,8190685,189,345000.0,10198000.0,10497000.0,11599000.0,1974030000.0,0.0,,1.0,1.72,5340833483,3103058611,51494912,
1,wasm3,bulk_memory.scalar,True,8698902,179,351000.0,11040000.0,11396000.0,12111000.0,2031820000.0,0.0,,1.0,1.56,4972829892,3193837892,51494912,
1,wasm3,tailcall_fsm,True,-1841735369,227,123000.0,8675000.0,8849000.0,9790000.0,2007950000.0,0.0,,1.0,1.26,3983761043,3156112261,51494912,
1,wasm3,eh_parser_exnref,False,,,,,,,,,,,,,,,wasm3 m3_ParseModule failed: out of order Wasm section
1,wasm3,eh_parser_legacy,False,,,,,,,,,,,,,,,wasm3 m3_ParseModule failed: out of order Wasm section
1,wasm3,gc_trees,False,,,,,,,,,,,,,,,wasm3 m3_ParseModule failed: malformed Wasm binary
1,wasm3,callref_dispatch,False,,,,,,,,,,,,,,,wasm3 m3_ParseModule failed: unknown value_type
1,wasm3,callref_dispatch.indirect,True,-750120562,85,64000.0,21477000.0,21744000.0,22859000.0,1840030000.0,0.0,,1.0,1.4,4059034334,2892462644,51494912,
1,wasm3,relaxed_dot,False,,,,,,,,,,,,,,,wasm3 m3_FindFunction(relaxed_dot) failed: unknown type
1,wasm3,relaxed_madd,False,,,,,,,,,,,,,,,wasm3 m3_FindFunction(relaxed_madd) failed: unknown type
1,wasm3,mem64_chase,False,,,,,,,,,,,,,,,wasm3 m3_ParseModule failed: malformed Wasm binary
1,wasm3,mem64_chase.mem32,True,433527714,37,17870000.0,52241000.0,53656000.0,55566000.0,1973820000.0,0.0,,1.0,0.3,926527874,3102634124,107462656,
1,wasm3,multimem_transform,False,,,,,,,,,,,,,,,wasm3 m3_ParseModule failed: only one memory per module is supported
1,wasm3,multimem_transform.single,True,902712413,517,134000.0,3810000.0,3845000.0,4319000.0,2003750000.0,0.0,,1.0,1.99,6257925327,3149514509,107462656,
1,wasm3,extconst_init,True,-1152068691,100,407000.0,19494000.0,19807000.0,23604000.0,1989110000.0,0.0,,1.0,1.86,5829195710,3126753012,107462656,
1,wasm3,extconst_init.mvp,True,-1152068691,190,158000.0,9956000.0,10192000.0,11917000.0,1950530000.0,0.0,,1.0,1.7,5202015230,3065746403,107462656,
1,wasm3,sqlite3,False,,,,,,,,,,,,,,,N/A — the harness only has a WASI preview-1 + bench.* import shim for Pulley
10,wasm3,fib,True,832040,11,752000.0,170351000.0,174922000.0,184040000.0,1887560000.0,0.0,,0.995,1.37,4077207484,2972531235,29851648,
10,wasm3,fib_tail,True,873876091,4086,256000.0,488000.0,488000.0,695000.0,2017290000.0,0.0,,0.998,1.99,6332063436,3174340535,30605312,
10,wasm3,factorial,False,,,,,,,,,,,,,,,wasm3 m3_FindFunction(factorial) failed: compiling function underran the stack
10,wasm3,sieve,False,,,,,,,,,,,,,,,wasm3 m3_FindFunction(sieve) failed: incorrect type on stack
10,wasm3,crc32,False,,,,,,,,,,,,,,,wasm3 m3_FindFunction(crc32) failed: compiling function underran the stack
10,wasm3,matmul_simd,False,,,,,,,,,,,,,,,wasm3 m3_FindFunction(matmul) failed: unknown type
10,wasm3,matmul_fma,False,,,,,,,,,,,,,,,wasm3 m3_FindFunction(matmul_fma) failed: unknown type
10,wasm3,convolution,False,,,,,,,,,,,,,,,wasm3 m3_FindFunction(convolve) failed: incorrect type on stack
10,wasm3,audio_dsp,True,761667740,2,273000.0,889012000.0,897381000.0,897381000.0,1773660000.0,0.0,,1.0,1.43,3977973823,2776478415,32849920,
10,wasm3,bulk_memory,False,,,,,,,,,,,,,,,wasm3 m3_FindFunction(bulk_memory) failed: unknown label
10,wasm3,call_indirect,True,-9175573,93,272000.0,20461000.0,20777000.0,21557000.0,1916640000.0,0.0,,1.0,1.36,4092108022,3012482439,33308672,
10,wasm3,xmrsplayer,True,-1708094182,106,3004000.0,17957000.0,18570000.0,19420000.0,1952050000.0,0.0,,1.0,0.92,2823193653,3068326532,51544064,
10,wasm3,graphql_as,True,5,132,2632000.0,13176000.0,14705000.0,17865000.0,1950240000.0,0.0,,1.0,0.84,2579982849,3065719152,51544064,
10,wasm3,graphql_porf,False,,,,,,,,,,,,,,,wasm3 m3_ParseModule failed: out of order Wasm section
10,wasm3,vtable_mono,True,-318559695,44,257000.0,42977000.0,44424000.0,46413000.0,1939900000.0,0.0,,1.0,1.35,4108793760,3049253995,51544064,
10,wasm3,vtable_bi,True,-208336512,43,302000.0,44986000.0,45748000.0,47790000.0,1946240000.0,0.0,,1.0,1.44,4391559549,3059125118,51544064,
10,wasm3,vtable_poly4,True,-126115384,39,334000.0,49763000.0,51054000.0,52718000.0,1972960000.0,0.0,,1.0,1.32,4090407131,3101204581,51544064,
10,wasm3,vtable_poly6,True,579248763,35,312000.0,55467000.0,56848000.0,60931000.0,1973450000.0,0.0,,1.0,1.23,3808186681,3101906651,51544064,
10,wasm3,factorial.scalar,True,-2102132736,16384,262000.0,0.0,1000.0,1000.0,18810000.0,0.0,,0.886,1.26,39224622,31185871,51544064,
10,wasm3,sieve.scalar,True,1229,4320,291000.0,429000.0,462000.0,663000.0,1990310000.0,0.0,,0.999,1.87,5860984707,3129930125,51544064,
10,wasm3,crc32.scalar,True,-1910355869,495,326000.0,3505000.0,3736000.0,4101000.0,1835040000.0,0.0,,1.0,1.73,4981963797,2884350206,51544064,
10,wasm3,convolution.scalar,True,8190685,191,313000.0,10214000.0,10457000.0,12237000.0,1987500000.0,0.0,,1.0,1.72,5387670594,3124240605,51544064,
10,wasm3,bulk_memory.scalar,True,8698902,160,372000.0,11052000.0,11362000.0,11952000.0,1809340000.0,0.0,,1.0,1.56,4436346365,2844230170,51544064,
10,wasm3,tailcall_fsm,True,-1841735369,220,285000.0,8698000.0,8832000.0,10237000.0,1936640000.0,0.0,,1.0,1.27,3851596353,3044095693,51544064,
10,wasm3,eh_parser_exnref,False,,,,,,,,,,,,,,,wasm3 m3_ParseModule failed: out of order Wasm section
10,wasm3,eh_parser_legacy,False,,,,,,,,,,,,,,,wasm3 m3_ParseModule failed: out of order Wasm section
10,wasm3,gc_trees,False,,,,,,,,,,,,,,,wasm3 m3_ParseModule failed: malformed Wasm binary
10,wasm3,callref_dispatch,False,,,,,,,,,,,,,,,wasm3 m3_ParseModule failed: unknown value_type
10,wasm3,callref_dispatch.indirect,True,-750120562,91,60000.0,21464000.0,21764000.0,23560000.0,1966430000.0,0.0,,1.0,1.41,4345220075,3091167298,51544064,
10,wasm3,relaxed_dot,False,,,,,,,,,,,,,,,wasm3 m3_FindFunction(relaxed_dot) failed: unknown type
10,wasm3,relaxed_madd,False,,,,,,,,,,,,,,,wasm3 m3_FindFunction(relaxed_madd) failed: unknown type
10,wasm3,mem64_chase,False,,,,,,,,,,,,,,,wasm3 m3_ParseModule failed: malformed Wasm binary
10,wasm3,mem64_chase.mem32,True,433527714,37,17326000.0,50838000.0,53748000.0,54764000.0,1961970000.0,0.0,,1.0,0.3,926910346,3083929615,107626496,
10,wasm3,multimem_transform,False,,,,,,,,,,,,,,,wasm3 m3_ParseModule failed: only one memory per module is supported
10,wasm3,multimem_transform.single,True,902712413,486,138000.0,3810000.0,3840000.0,4624000.0,1871110000.0,0.0,,0.999,1.99,5856796845,2941796374,107626496,
10,wasm3,extconst_init,True,-1152068691,99,406000.0,19448000.0,19744000.0,21368000.0,1961790000.0,0.0,,1.0,1.87,5773424804,3083543099,107626496,
10,wasm3,extconst_init.mvp,True,-1152068691,191,154000.0,9903000.0,10116000.0,12065000.0,1947070000.0,0.0,,1.0,1.7,5208075506,3060143096,107626496,
10,wasm3,sqlite3,False,,,,,,,,,,,,,,,N/A — the harness only has a WASI preview-1 + bench.* import shim for Pulley
2,wasm3,fib,True,832040,10,907000.0,178951000.0,182182000.0,188587000.0,1783550000.0,0.0,,0.995,1.32,3717161777,2809400905,29802496,
2,wasm3,fib_tail,True,873876091,4094,251000.0,488000.0,488000.0,775000.0,2027550000.0,0.0,,0.998,1.99,6356895998,3190631889,30588928,
2,wasm3,factorial,False,,,,,,,,,,,,,,,wasm3 m3_FindFunction(factorial) failed: compiling function underran the stack
2,wasm3,sieve,False,,,,,,,,,,,,,,,wasm3 m3_FindFunction(sieve) failed: incorrect type on stack
2,wasm3,crc32,False,,,,,,,,,,,,,,,wasm3 m3_FindFunction(crc32) failed: compiling function underran the stack
2,wasm3,matmul_simd,False,,,,,,,,,,,,,,,wasm3 m3_FindFunction(matmul) failed: unknown type
2,wasm3,matmul_fma,False,,,,,,,,,,,,,,,wasm3 m3_FindFunction(matmul_fma) failed: unknown type
2,wasm3,convolution,False,,,,,,,,,,,,,,,wasm3 m3_FindFunction(convolve) failed: incorrect type on stack
2,wasm3,audio_dsp,True,761667740,2,287000.0,717186000.0,722242000.0,722242000.0,1421210000.0,0.0,,1.0,1.79,3995995046,2234096295,32768000,
2,wasm3,bulk_memory,False,,,,,,,,,,,,,,,wasm3 m3_FindFunction(bulk_memory) failed: unknown label
2,wasm3,call_indirect,True,-9175573,97,275000.0,20007000.0,20228000.0,22794000.0,1955760000.0,0.0,,1.0,1.39,4288064524,3073888310,33292288,
2,wasm3,xmrsplayer,True,-1890678103,103,2656000.0,17899000.0,19007000.0,20116000.0,1929690000.0,0.0,,1.0,0.91,2748518715,3036842545,51527680,
2,wasm3,graphql_as,True,5,134,2674000.0,12869000.0,14556000.0,16395000.0,1958190000.0,0.0,,1.0,0.85,2622733012,3078191323,51527680,
2,wasm3,graphql_porf,False,,,,,,,,,,,,,,,wasm3 m3_ParseModule failed: out of order Wasm section
2,wasm3,vtable_mono,True,-318559695,45,264000.0,42999000.0,44252000.0,45457000.0,1966410000.0,0.0,,1.0,1.36,4189886523,3090734808,51527680,
2,wasm3,vtable_bi,True,-208336512,42,303000.0,45629000.0,46110000.0,47436000.0,1924930000.0,0.0,,1.0,1.42,4294287768,3025679187,51527680,
2,wasm3,vtable_poly4,True,-126115384,36,360000.0,53413000.0,55991000.0,58351000.0,2001390000.0,0.0,,1.0,1.2,3773975986,3145843834,51527680,
2,wasm3,vtable_poly6,True,579248763,34,315000.0,57234000.0,58720000.0,61292000.0,1977010000.0,0.0,,1.0,1.19,3698602157,3107365635,51527680,
2,wasm3,factorial.scalar,True,-2102132736,16384,255000.0,0.0,1000.0,1000.0,19850000.0,0.0,,0.891,1.24,40717750,32731870,51527680,
2,wasm3,sieve.scalar,True,1229,4357,308000.0,429000.0,464000.0,621000.0,2032930000.0,0.0,,0.999,1.86,5933590996,3196870815,51527680,
2,wasm3,crc32.scalar,True,-1910355869,567,405000.0,3505000.0,3739000.0,4312000.0,2108520000.0,0.0,,1.0,1.72,5710334040,3314139145,51527680,
2,wasm3,convolution.scalar,True,8190685,187,318000.0,10214000.0,10485000.0,11920000.0,1955330000.0,0.0,,1.0,1.72,5287008309,3073714597,51527680,
2,wasm3,bulk_memory.scalar,True,8698902,171,358000.0,11062000.0,11410000.0,13519000.0,1939150000.0,0.0,,1.0,1.56,4750460938,3048286790,51527680,
2,wasm3,tailcall_fsm,True,-1841735369,226,113000.0,8669000.0,8803000.0,9653000.0,1988590000.0,0.0,,1.0,1.27,3966857867,3125702296,51527680,
2,wasm3,eh_parser_exnref,False,,,,,,,,,,,,,,,wasm3 m3_ParseModule failed: out of order Wasm section
2,wasm3,eh_parser_legacy,False,,,,,,,,,,,,,,,wasm3 m3_ParseModule failed: out of order Wasm section
2,wasm3,gc_trees,False,,,,,,,,,,,,,,,wasm3 m3_ParseModule failed: malformed Wasm binary
2,wasm3,callref_dispatch,False,,,,,,,,,,,,,,,wasm3 m3_ParseModule failed: unknown value_type
2,wasm3,callref_dispatch.indirect,True,-750120562,90,66000.0,21524000.0,21817000.0,23312000.0,1951090000.0,0.0,,1.0,1.4,4296229053,3066999711,51527680,
2,wasm3,relaxed_dot,False,,,,,,,,,,,,,,,wasm3 m3_FindFunction(relaxed_dot) failed: unknown type
2,wasm3,relaxed_madd,False,,,,,,,,,,,,,,,wasm3 m3_FindFunction(relaxed_madd) failed: unknown type
2,wasm3,mem64_chase,False,,,,,,,,,,,,,,,wasm3 m3_ParseModule failed: malformed Wasm binary
2,wasm3,mem64_chase.mem32,True,433527714,36,17708000.0,52755000.0,53873000.0,56566000.0,1924280000.0,0.0,,1.0,0.3,902222947,3024707956,107560960,
2,wasm3,multimem_transform,False,,,,,,,,,,,,,,,wasm3 m3_ParseModule failed: only one memory per module is supported
2,wasm3,multimem_transform.single,True,902712413,524,140000.0,3810000.0,3840000.0,4327000.0,2027680000.0,0.0,,1.0,1.99,6343553463,3187045598,107560960,
2,wasm3,extconst_init,True,-1152068691,97,408000.0,19399000.0,19751000.0,21795000.0,1915130000.0,0.0,,1.0,1.87,5643086846,3010253274,107560960,
2,wasm3,extconst_init.mvp,True,-1152068691,191,166000.0,9912000.0,10129000.0,11921000.0,1946560000.0,0.0,,1.0,1.7,5206891427,3059525972,107560960,
2,wasm3,sqlite3,False,,,,,,,,,,,,,,,N/A — the harness only has a WASI preview-1 + bench.* import shim for Pulley
3,wasm3,fib,True,832040,12,655000.0,159581000.0,161468000.0,181897000.0,1907780000.0,0.0,,0.996,1.48,4435378774,3004379072,29786112,
3,wasm3,fib_tail,True,873876091,4093,269000.0,488000.0,488000.0,818000.0,2028630000.0,0.0,,0.998,1.99,6358913124,3192198531,30523392,
3,wasm3,factorial,False,,,,,,,,,,,,,,,wasm3 m3_FindFunction(factorial) failed: compiling function underran the stack
3,wasm3,sieve,False,,,,,,,,,,,,,,,wasm3 m3_FindFunction(sieve) failed: incorrect type on stack
3,wasm3,crc32,False,,,,,,,,,,,,,,,wasm3 m3_FindFunction(crc32) failed: compiling function underran the stack
3,wasm3,matmul_simd,False,,,,,,,,,,,,,,,wasm3 m3_FindFunction(matmul) failed: unknown type
3,wasm3,matmul_fma,False,,,,,,,,,,,,,,,wasm3 m3_FindFunction(matmul_fma) failed: unknown type
3,wasm3,convolution,False,,,,,,,,,,,,,,,wasm3 m3_FindFunction(convolve) failed: incorrect type on stack
3,wasm3,audio_dsp,True,761667740,2,288000.0,864526000.0,868045000.0,868045000.0,1707970000.0,0.0,,1.0,1.48,3986486366,2696102292,32800768,
3,wasm3,bulk_memory,False,,,,,,,,,,,,,,,wasm3 m3_FindFunction(bulk_memory) failed: unknown label
3,wasm3,call_indirect,True,-9175573,95,322000.0,20343000.0,20627000.0,22315000.0,1946050000.0,0.0,,1.0,1.37,4190502184,3058866964,33161216,
3,wasm3,xmrsplayer,True,-1708094182,106,2684000.0,17851000.0,18473000.0,19376000.0,1941380000.0,0.0,,1.0,0.93,2828157419,3051435558,51511296,
3,wasm3,graphql_as,True,5,134,2670000.0,13047000.0,14819000.0,17025000.0,1977090000.0,0.0,,1.0,0.84,2617383666,3107918790,51511296,
3,wasm3,graphql_porf,False,,,,,,,,,,,,,,,wasm3 m3_ParseModule failed: out of order Wasm section
3,wasm3,vtable_mono,True,-318559695,45,250000.0,42860000.0,44000000.0,46644000.0,1966260000.0,0.0,,1.0,1.36,4192045725,3090508444,51511296,
3,wasm3,vtable_bi,True,-208336512,41,315000.0,46406000.0,47558000.0,49815000.0,1931720000.0,0.0,,1.0,1.38,4192941768,3036282528,51511296,
3,wasm3,vtable_poly4,True,-126115384,38,341000.0,50082000.0,50987000.0,54383000.0,1919450000.0,0.0,,1.0,1.32,3979978367,3017142650,51511296,
3,wasm3,vtable_poly6,True,579248763,36,319000.0,54359000.0,55620000.0,57268000.0,1981480000.0,0.0,,1.0,1.26,3912314506,3114572940,51511296,
3,wasm3,factorial.scalar,True,-2102132736,16384,260000.0,0.0,1000.0,1000.0,20720000.0,0.0,,0.896,1.29,43805618,34077898,51511296,
3,wasm3,sieve.scalar,True,1229,4245,289000.0,429000.0,464000.0,648000.0,1980990000.0,0.0,,0.999,1.86,5783419927,3115388917,51511296,
3,wasm3,crc32.scalar,True,-1910355869,536,313000.0,3506000.0,3743000.0,4451000.0,2008980000.0,0.0,,1.0,1.71,5412349201,3157711319,51511296,
3,wasm3,convolution.scalar,True,8190685,169,313000.0,10214000.0,11305000.0,12555000.0,1893520000.0,0.0,,1.0,1.61,4782256080,2976559134,51511296,
3,wasm3,bulk_memory.scalar,True,8698902,173,369000.0,11103000.0,11381000.0,12525000.0,1956810000.0,0.0,,1.0,1.56,4794904929,3076041771,51511296,
3,wasm3,tailcall_fsm,True,-1841735369,226,117000.0,8668000.0,8825000.0,9839000.0,1984420000.0,0.0,,1.0,1.27,3951621395,3119060309,51511296,
3,wasm3,eh_parser_exnref,False,,,,,,,,,,,,,,,wasm3 m3_ParseModule failed: out of order Wasm section
3,wasm3,eh_parser_legacy,False,,,,,,,,,,,,,,,wasm3 m3_ParseModule failed: out of order Wasm section
3,wasm3,gc_trees,False,,,,,,,,,,,,,,,wasm3 m3_ParseModule failed: malformed Wasm binary
3,wasm3,callref_dispatch,False,,,,,,,,,,,,,,,wasm3 m3_ParseModule failed: unknown value_type
3,wasm3,callref_dispatch.indirect,True,-750120562,88,63000.0,21509000.0,21765000.0,23945000.0,1902930000.0,0.0,,1.0,1.41,4203441141,2991314159,51511296,
3,wasm3,relaxed_dot,False,,,,,,,,,,,,,,,wasm3 m3_FindFunction(relaxed_dot) failed: unknown type
3,wasm3,relaxed_madd,False,,,,,,,,,,,,,,,wasm3 m3_FindFunction(relaxed_madd) failed: unknown type
3,wasm3,mem64_chase,False,,,,,,,,,,,,,,,wasm3 m3_ParseModule failed: malformed Wasm binary
3,wasm3,mem64_chase.mem32,True,433527714,36,18607000.0,52221000.0,53729000.0,55373000.0,1913110000.0,0.0,,1.0,0.3,899907244,3007148133,107413504,
3,wasm3,multimem_transform,False,,,,,,,,,,,,,,,wasm3 m3_ParseModule failed: only one memory per module is supported
3,wasm3,multimem_transform.single,True,902712413,522,176000.0,3810000.0,3842000.0,4594000.0,2024140000.0,0.0,,0.999,1.99,6321216935,3182295390,107413504,
3,wasm3,extconst_init,True,-1152068691,99,410000.0,19386000.0,19784000.0,21780000.0,1960540000.0,0.0,,1.0,1.87,5766575399,3081900938,107413504,
3,wasm3,extconst_init.mvp,True,-1152068691,195,157000.0,9884000.0,10151000.0,11580000.0,1994140000.0,0.0,,1.0,1.7,5333405408,3134397515,107413504,
3,wasm3,sqlite3,False,,,,,,,,,,,,,,,N/A — the harness only has a WASI preview-1 + bench.* import shim for Pulley
4,wasm3,fib,True,832040,11,1756000.0,168152000.0,170850000.0,180678000.0,1852640000.0,0.0,,0.995,1.4,4073664490,2917769362,29835264,
4,wasm3,fib_tail,True,873876091,4016,253000.0,488000.0,488000.0,774000.0,1987800000.0,0.0,,0.998,1.99,6235818351,3128046477,30621696,
4,wasm3,factorial,False,,,,,,,,,,,,,,,wasm3 m3_FindFunction(factorial) failed: compiling function underran the stack
4,wasm3,sieve,False,,,,,,,,,,,,,,,wasm3 m3_FindFunction(sieve) failed: incorrect type on stack
4,wasm3,crc32,False,,,,,,,,,,,,,,,wasm3 m3_FindFunction(crc32) failed: compiling function underran the stack
4,wasm3,matmul_simd,False,,,,,,,,,,,,,,,wasm3 m3_FindFunction(matmul) failed: unknown type
4,wasm3,matmul_fma,False,,,,,,,,,,,,,,,wasm3 m3_FindFunction(matmul_fma) failed: unknown type
4,wasm3,convolution,False,,,,,,,,,,,,,,,wasm3 m3_FindFunction(convolve) failed: incorrect type on stack
4,wasm3,audio_dsp,True,761667740,2,264000.0,880051000.0,899652000.0,899652000.0,1763190000.0,0.0,,1.0,1.44,3993741052,2771655299,32817152,
4,wasm3,bulk_memory,False,,,,,,,,,,,,,,,wasm3 m3_FindFunction(bulk_memory) failed: unknown label
4,wasm3,call_indirect,True,-9175573,96,268000.0,20469000.0,20749000.0,28095000.0,1980640000.0,0.0,,1.0,1.36,4244154530,3113186929,33325056,
4,wasm3,xmrsplayer,True,-140358104,105,2672000.0,18383000.0,19046000.0,19941000.0,1978610000.0,0.0,,1.0,0.9,2804631355,3129192068,51560448,
4,wasm3,graphql_as,True,5,133,2637000.0,13305000.0,14777000.0,16681000.000000002,1974890000.0,0.0,,1.0,0.84,2600672855,3104462837,51560448,
4,wasm3,graphql_porf,False,,,,,,,,,,,,,,,wasm3 m3_ParseModule failed: out of order Wasm section
4,wasm3,vtable_mono,True,-318559695,39,262000.0,43594000.0,44586000.0,45906000.0,1731570000.0,0.0,,1.0,1.34,3645068106,2721626894,51560448,
4,wasm3,vtable_bi,True,-208336512,44,453000.0,45046000.0,45862000.0,47438000.0,2010390000.0,0.0,,1.0,1.43,4522593928,3160006945,51560448,
4,wasm3,vtable_poly4,True,-126115384,38,304000.0,49863000.0,51903000.0,53903000.0,1948500000.0,0.0,,1.0,1.31,3998790547,3062695066,51560448,
4,wasm3,vtable_poly6,True,579248763,35,496000.0,55997000.0,57845000.0,59461000.0,2001000000.0,0.0,,1.0,1.21,3807723321,3145211473,51560448,
4,wasm3,factorial.scalar,True,-2102132736,16384,278000.0,0.0,1000.0,1000.0,17510000.0,0.0,,0.877,1.27,36994526,29160524,51560448,
4,wasm3,sieve.scalar,True,1229,4295,284000.0,428000.0,464000.0,642000.0,1997720000.0,0.0,,0.999,1.86,5832149630,3141675155,51560448,
4,wasm3,crc32.scalar,True,-1910355869,529,314000.0,3505000.0,3738000.0,4548000.0,1971540000.0,0.0,,1.0,1.73,5346547275,3098947752,51560448,
4,wasm3,convolution.scalar,True,8190685,186,313000.0,10199000.0,10496000.0,12062000.0,1943300000.0,0.0,,1.0,1.72,5250475331,3054804536,51560448,
4,wasm3,bulk_memory.scalar,True,8698902,171,368000.0,11112000.0,11417000.0,11994000.0,1937390000.0,0.0,,1.0,1.55,4735314540,3045325069,51560448,
4,wasm3,tailcall_fsm,True,-1841735369,224,101000.0,8667000.0,8831000.0,9653000.0,1978920000.0,0.0,,1.0,1.27,3937196484,3110655605,51560448,
4,wasm3,eh_parser_exnref,False,,,,,,,,,,,,,,,wasm3 m3_ParseModule failed: out of order Wasm section
4,wasm3,eh_parser_legacy,False,,,,,,,,,,,,,,,wasm3 m3_ParseModule failed: out of order Wasm section
4,wasm3,gc_trees,False,,,,,,,,,,,,,,,wasm3 m3_ParseModule failed: malformed Wasm binary
4,wasm3,callref_dispatch,False,,,,,,,,,,,,,,,wasm3 m3_ParseModule failed: unknown value_type
4,wasm3,callref_dispatch.indirect,True,-750120562,90,66000.0,21820000.0,22040000.0,24567000.0,1980360000.0,0.0,,1.0,1.38,4310758153,3113059177,51560448,
4,wasm3,relaxed_dot,False,,,,,,,,,,,,,,,wasm3 m3_FindFunction(relaxed_dot) failed: unknown type
4,wasm3,relaxed_madd,False,,,,,,,,,,,,,,,wasm3 m3_FindFunction(relaxed_madd) failed: unknown type
4,wasm3,mem64_chase,False,,,,,,,,,,,,,,,wasm3 m3_ParseModule failed: malformed Wasm binary
4,wasm3,mem64_chase.mem32,True,433527714,37,18743000.0,52599000.0,53677000.0,54662000.0,1974500000.0,0.0,,1.0,0.3,927945280,3103625262,107560960,
4,wasm3,multimem_transform,False,,,,,,,,,,,,,,,wasm3 m3_ParseModule failed: only one memory per module is supported
4,wasm3,multimem_transform.single,True,902712413,521,128000.0,3810000.0,3846000.0,4444000.0,2014270000.0,0.0,,0.999,1.99,6289626367,3166709205,107560960,
4,wasm3,extconst_init,True,-1152068691,99,466000.0,19686000.0,19994000.0,22463000.0,1983560000.0,0.0,,1.0,1.85,5769704458,3117718188,107560960,
4,wasm3,extconst_init.mvp,True,-1152068691,194,159000.0,9895000.0,10174000.0,11856000.0,1988090000.0,0.0,,1.0,1.7,5300898214,3124671880,107560960,
4,wasm3,sqlite3,False,,,,,,,,,,,,,,,N/A — the harness only has a WASI preview-1 + bench.* import shim for Pulley
5,wasm3,fib,True,832040,10,937000.0,179841000.0,181613000.0,188934000.0,1786390000.0,0.0,,0.995,1.32,3711331198,2813403759,29851648,
5,wasm3,fib_tail,True,873876091,4092,252000.0,488000.0,488000.0,785000.0,2025310000.0,0.0,,0.998,1.99,6349178985,3186933963,30621696,
5,wasm3,factorial,False,,,,,,,,,,,,,,,wasm3 m3_FindFunction(factorial) failed: compiling function underran the stack
5,wasm3,sieve,False,,,,,,,,,,,,,,,wasm3 m3_FindFunction(sieve) failed: incorrect type on stack
5,wasm3,crc32,False,,,,,,,,,,,,,,,wasm3 m3_FindFunction(crc32) failed: compiling function underran the stack
5,wasm3,matmul_simd,False,,,,,,,,,,,,,,,wasm3 m3_FindFunction(matmul) failed: unknown type
5,wasm3,matmul_fma,False,,,,,,,,,,,,,,,wasm3 m3_FindFunction(matmul_fma) failed: unknown type
5,wasm3,convolution,False,,,,,,,,,,,,,,,wasm3 m3_FindFunction(convolve) failed: incorrect type on stack
5,wasm3,audio_dsp,True,761667740,2,266000.0,709978000.0,717148000.0,717148000.0,1421210000.0,0.0,,1.0,1.79,4002213640,2234100053,32833536,
5,wasm3,bulk_memory,False,,,,,,,,,,,,,,,wasm3 m3_FindFunction(bulk_memory) failed: unknown label
5,wasm3,call_indirect,True,-9175573,98,272000.0,19972000.0,20235000.0,23079000.0,1976140000.0,0.0,,1.0,1.39,4329400351,3105830453,33259520,
5,wasm3,xmrsplayer,True,1491921995,104,2683000.0,17853000.0,18980000.0,20094000.0,1920690000.0,0.0,,1.0,0.91,2760500312,3044339114,51527680,
5,wasm3,graphql_as,True,5,137,2655000.0,12821000.0,14576000.0,16770000.0,2004220000.0,0.0,,1.0,0.85,2681009379,3150577724,51527680,
5,wasm3,graphql_porf,False,,,,,,,,,,,,,,,wasm3 m3_ParseModule failed: out of order Wasm section
5,wasm3,vtable_mono,True,-318559695,44,289000.0,43117000.0,44126000.0,45113000.0,1932470000.0,0.0,,1.0,1.35,4113000740,3037452550,51527680,
5,wasm3,vtable_bi,True,-208336512,42,305000.0,45189000.0,46409000.0,48084000.0,1936940000.0,0.0,,1.0,1.41,4301346356,3044493813,51527680,
5,wasm3,vtable_poly4,True,-126115384,34,324000.0,54417000.0,56461000.0,57846000.0,1894180000.0,0.0,,1.0,1.2,3558533115,2977199040,51527680,
5,wasm3,vtable_poly6,True,579248763,35,318000.0,56669000.0,58126000.0,61035000.0,2017690000.0,0.0,,1.0,1.2,3818690555,3171364991,51527680,
5,wasm3,factorial.scalar,True,-2102132736,16384,263000.0,0.0,1000.0,1000.0,21690000.0,0.0,,0.902,1.24,44253938,35749321,51527680,
5,wasm3,sieve.scalar,True,1229,4326,340000.0,429000.0,462000.0,627000.0,2009390000.0,0.0,,0.998,1.86,5891279566,3160491644,51527680,
5,wasm3,crc32.scalar,True,-1910355869,532,321000.0,3505000.0,3732000.0,4123999.9999999995,1972690000.0,0.0,,1.0,1.73,5361034806,3100625967,51527680,
5,wasm3,convolution.scalar,True,8190685,188,373000.0,10200000.0,10482000.0,11712000.0,1965560000.0,0.0,,1.0,1.72,5311209630,3089769440,51527680,
5,wasm3,bulk_memory.scalar,True,8698902,174,357000.0,11075000.0,11382000.0,12696000.0,1968550000.0,0.0,,1.0,1.56,4821334645,3094317044,51527680,
5,wasm3,tailcall_fsm,True,-1841735369,223,112000.0,8669000.0,8818000.0,9619000.0,1964920000.0,0.0,,1.0,1.27,3914433502,3088554780,51527680,
5,wasm3,eh_parser_exnref,False,,,,,,,,,,,,,,,wasm3 m3_ParseModule failed: out of order Wasm section
5,wasm3,eh_parser_legacy,False,,,,,,,,,,,,,,,wasm3 m3_ParseModule failed: out of order Wasm section
5,wasm3,gc_trees,False,,,,,,,,,,,,,,,wasm3 m3_ParseModule failed: malformed Wasm binary
5,wasm3,callref_dispatch,False,,,,,,,,,,,,,,,wasm3 m3_ParseModule failed: unknown value_type
5,wasm3,callref_dispatch.indirect,True,-750120562,90,94000.0,21475000.0,21790000.0,23434000.0,1958450000.0,0.0,,1.0,1.4,4314033468,3078601593,51527680,
5,wasm3,relaxed_dot,False,,,,,,,,,,,,,,,wasm3 m3_FindFunction(relaxed_dot) failed: unknown type
5,wasm3,relaxed_madd,False,,,,,,,,,,,,,,,wasm3 m3_FindFunction(relaxed_madd) failed: unknown type
5,wasm3,mem64_chase,False,,,,,,,,,,,,,,,wasm3 m3_ParseModule failed: malformed Wasm binary
5,wasm3,mem64_chase.mem32,True,433527714,36,17611000.0,51995000.0,53922000.0,56071000.0,1922080000.0,0.0,,1.0,0.3,900580610,3021254100,107544576,
5,wasm3,multimem_transform,False,,,,,,,,,,,,,,,wasm3 m3_ParseModule failed: only one memory per module is supported
5,wasm3,multimem_transform.single,True,902712413,518,159000.0,3810000.0,3846000.0,4477000.0,1999110000.0,0.0,,0.999,1.99,6255339825,3142878045,107544576,
5,wasm3,extconst_init,True,-1152068691,90,407000.0,19578000.0,19894000.0,21729000.0,1793360000.0,0.0,,1.0,1.86,5242175539,2818888123,107544576,
5,wasm3,extconst_init.mvp,True,-1152068691,194,159000.0,10013000.0,10235000.0,11315000.0,2000700000.0,0.0,,1.0,1.69,5305018857,3144552044,107544576,
5,wasm3,sqlite3,False,,,,,,,,,,,,,,,N/A — the harness only has a WASI preview-1 + bench.* import shim for Pulley
6,wasm3,fib,True,832040,11,790000.0,169037000.0,173566000.0,181463000.0,1862020000.0,0.0,,0.995,1.39,4075483547,2932646160,29786112,
6,wasm3,fib_tail,True,873876091,3696,256000.0,488000.0,488000.0,758000.0,1831250000.0,0.0,,0.998,1.99,5744919355,2882027358,30539776,
6,wasm3,factorial,False,,,,,,,,,,,,,,,wasm3 m3_FindFunction(factorial) failed: compiling function underran the stack
6,wasm3,sieve,False,,,,,,,,,,,,,,,wasm3 m3_FindFunction(sieve) failed: incorrect type on stack
6,wasm3,crc32,False,,,,,,,,,,,,,,,wasm3 m3_FindFunction(crc32) failed: compiling function underran the stack
6,wasm3,matmul_simd,False,,,,,,,,,,,,,,,wasm3 m3_FindFunction(matmul) failed: unknown type
6,wasm3,matmul_fma,False,,,,,,,,,,,,,,,wasm3 m3_FindFunction(matmul_fma) failed: unknown type
6,wasm3,convolution,False,,,,,,,,,,,,,,,wasm3 m3_FindFunction(convolve) failed: incorrect type on stack
6,wasm3,audio_dsp,True,761667740,2,290000.0,887363000.0,892603000.0,892603000.0,1764290000.0,0.0,,1.0,1.44,3996591382,2773411823,32800768,
6,wasm3,bulk_memory,False,,,,,,,,,,,,,,,wasm3 m3_FindFunction(bulk_memory) failed: unknown label
6,wasm3,call_indirect,True,-9175573,94,271000.0,20530000.0,20826000.0,26472000.0,1941230000.0,0.0,,1.0,1.36,4143055202,3051128212,33325056,
6,wasm3,xmrsplayer,True,965040704,108,2884000.0,18068000.0,18622000.0,19924000.0,2002620000.0,0.0,,1.0,0.92,2886163515,3153485690,51544064,
6,wasm3,graphql_as,True,5,133,2636000.0,13100000.0,14731000.0,16652000.000000002,1964040000.0,0.0,,1.0,0.84,2601651898,3087388866,51544064,
6,wasm3,graphql_porf,False,,,,,,,,,,,,,,,wasm3 m3_ParseModule failed: out of order Wasm section
6,wasm3,vtable_mono,True,-318559695,45,308000.0,43278000.0,44325000.0,45624000.0,1978930000.0,0.0,,1.0,1.35,4188689018,3110522213,51544064,
6,wasm3,vtable_bi,True,-208336512,43,306000.0,44934000.0,45772000.0,47172000.0,1962820000.0,0.0,,1.0,1.43,4422713286,3085221329,51544064,
6,wasm3,vtable_poly4,True,-126115384,39,310000.0,49823000.0,51478000.0,59415000.0,1998630000.0,0.0,,1.0,1.31,4105043508,3141600305,51544064,
6,wasm3,vtable_poly6,True,579248763,34,544000.0,54949000.0,57699000.0,59274000.0,1935650000.0,0.0,,1.0,1.21,3692139180,3042485129,51544064,
6,wasm3,factorial.scalar,True,-2102132736,16384,254000.0,0.0,1000.0,1000.0,22160000.0,0.0,,0.903,1.27,46000299,36337008,51544064,
6,wasm3,sieve.scalar,True,1229,4327,291000.0,429000.0,462000.0,647000.0,2008130000.0,0.0,,0.999,1.86,5887173005,3158151658,51544064,
6,wasm3,crc32.scalar,True,-1910355869,543,390000.0,3505000.0,3738000.0,4122000.0,2017540000.0,0.0,,1.0,1.72,5465518878,3171145211,51544064,
6,wasm3,convolution.scalar,True,8190685,189,336000.0,10196000.0,10480000.0,11012000.0,1975850000.0,0.0,,1.0,1.72,5345024012,3105977206,51544064,
6,wasm3,bulk_memory.scalar,True,8698902,175,366000.0,11041000.0,11400000.0,13157000.0,1978430000.0,0.0,,1.0,1.56,4842555708,3110030802,51544064,
6,wasm3,tailcall_fsm,True,-1841735369,224,118000.0,8698000.0,8851000.0,9487000.0,1978440000.0,0.0,,1.0,1.26,3920856812,3109736813,51544064,
6,wasm3,eh_parser_exnref,False,,,,,,,,,,,,,,,wasm3 m3_ParseModule failed: out of order Wasm section
6,wasm3,eh_parser_legacy,False,,,,,,,,,,,,,,,wasm3 m3_ParseModule failed: out of order Wasm section
6,wasm3,gc_trees,False,,,,,,,,,,,,,,,wasm3 m3_ParseModule failed: malformed Wasm binary
6,wasm3,callref_dispatch,False,,,,,,,,,,,,,,,wasm3 m3_ParseModule failed: unknown value_type
6,wasm3,callref_dispatch.indirect,True,-750120562,90,62000.0,21444000.0,21746000.0,23732000.0,1949140000.0,0.0,,1.0,1.4,4300588372,3063959377,51544064,
6,wasm3,relaxed_dot,False,,,,,,,,,,,,,,,wasm3 m3_FindFunction(relaxed_dot) failed: unknown type
6,wasm3,relaxed_madd,False,,,,,,,,,,,,,,,wasm3 m3_FindFunction(relaxed_madd) failed: unknown type
6,wasm3,mem64_chase,False,,,,,,,,,,,,,,,wasm3 m3_ParseModule failed: malformed Wasm binary
6,wasm3,mem64_chase.mem32,True,433527714,36,18256000.0,51926000.0,53658000.0,54566000.0,1912060000.0,0.0,,1.0,0.3,900369556,3005302623,107462656,
6,wasm3,multimem_transform,False,,,,,,,,,,,,,,,wasm3 m3_ParseModule failed: only one memory per module is supported
6,wasm3,multimem_transform.single,True,902712413,519,130000.0,3810000.0,3846000.0,4474000.0,2004540000.0,0.0,,0.999,1.99,6263949638,3151368395,107462656,
6,wasm3,extconst_init,True,-1152068691,98,410000.0,19443000.0,19779000.0,23839000.0,1949980000.0,0.0,,1.0,1.87,5733051085,3064992492,107462656,
6,wasm3,extconst_init.mvp,True,-1152068691,193,159000.0,9885000.0,10129000.0,11088000.0,1972980000.0,0.0,,1.0,1.7,5281106791,3101101115,107462656,
6,wasm3,sqlite3,False,,,,,,,,,,,,,,,N/A — the harness only has a WASI preview-1 + bench.* import shim for Pulley
7,wasm3,fib,True,832040,11,1418000.0,165489000.0,170390000.0,177660000.0,1842390000.0,0.0,,0.996,1.4,4065528846,2900946765,29868032,
7,wasm3,fib_tail,True,873876091,4066,255000.0,488000.0,488000.0,762000.0,2020770000.0,0.0,,0.998,1.99,6335545711,3179863138,30670848,
7,wasm3,factorial,False,,,,,,,,,,,,,,,wasm3 m3_FindFunction(factorial) failed: compiling function underran the stack
7,wasm3,sieve,False,,,,,,,,,,,,,,,wasm3 m3_FindFunction(sieve) failed: incorrect type on stack
7,wasm3,crc32,False,,,,,,,,,,,,,,,wasm3 m3_FindFunction(crc32) failed: compiling function underran the stack
7,wasm3,matmul_simd,False,,,,,,,,,,,,,,,wasm3 m3_FindFunction(matmul) failed: unknown type
7,wasm3,matmul_fma,False,,,,,,,,,,,,,,,wasm3 m3_FindFunction(matmul_fma) failed: unknown type
7,wasm3,convolution,False,,,,,,,,,,,,,,,wasm3 m3_FindFunction(convolve) failed: incorrect type on stack
7,wasm3,audio_dsp,True,761667740,2,268000.0,882306000.0,886182000.0,886182000.0,1750740000.0,0.0,,1.0,1.44,3975620308,2752117912,32833536,
7,wasm3,bulk_memory,False,,,,,,,,,,,,,,,wasm3 m3_FindFunction(bulk_memory) failed: unknown label
7,wasm3,call_indirect,True,-9175573,94,283000.0,20444000.0,20678000.0,21435000.0,1931290000.0,0.0,,1.0,1.36,4141361401,3035566344,33292288,
7,wasm3,xmrsplayer,True,-140358104,105,2788000.0,18675000.0,19180000.0,20801000.0,1985590000.0,0.0,,1.0,0.89,2787319445,3134243796,51527680,
7,wasm3,graphql_as,True,5,134,2654000.0,13169000.0,14739000.0,16573000.0,1980090000.0,0.0,,1.0,0.84,2615934768,3112650753,51527680,
7,wasm3,graphql_porf,False,,,,,,,,,,,,,,,wasm3 m3_ParseModule failed: out of order Wasm section
7,wasm3,vtable_mono,True,-318559695,44,263000.0,42919000.0,44430000.0,47361000.0,1934810000.0,0.0,,1.0,1.34,4086131631,3041086241,51527680,
7,wasm3,vtable_bi,True,-208336512,42,314000.0,44787000.0,45996000.0,48411000.0,1912560000.0,0.0,,1.0,1.43,4305138136,3006074336,51527680,
7,wasm3,vtable_poly4,True,-126115384,38,323000.0,49974000.0,51125000.0,53207000.0,1935450000.0,0.0,,1.0,1.31,3993152462,3042160892,51527680,
7,wasm3,vtable_poly6,True,579248763,34,319000.0,55653000.0,57529000.0,60236000.0,1940520000.0,0.0,,1.0,1.21,3701999540,3050181608,51527680,
7,wasm3,factorial.scalar,True,-2102132736,16384,257000.0,0.0,1000.0,1000.0,20140000.0,0.0,,0.893,1.38,28408461,20652133,51527680,
7,wasm3,sieve.scalar,True,1229,4627,300000.0,428000.0,461000.0,624000.0,2150110000.0,0.0,,0.999,1.86,6295105427,3381005684,51527680,
7,wasm3,crc32.scalar,True,-1910355869,533,316000.0,3504000.0,3735000.0,4395000.0,1982310000.0,0.0,,1.0,1.73,5376756368,3115832773,51527680,
7,wasm3,convolution.scalar,True,8190685,187,318000.0,10212000.0,10469000.0,11173000.0,1947400000.0,0.0,,1.0,1.72,5268027971,3061166075,51527680,
7,wasm3,bulk_memory.scalar,True,8698902,173,378000.0,11090000.0,11386000.0,11991000.0,1964170000.0,0.0,,1.0,1.56,4811169173,3087384725,51527680,
7,wasm3,tailcall_fsm,True,-1841735369,223,114000.0,8666000.0,8897000.0,10468000.0,1973090000.0,0.0,,1.0,1.26,3900840769,3101359090,51527680,
7,wasm3,eh_parser_exnref,False,,,,,,,,,,,,,,,wasm3 m3_ParseModule failed: out of order Wasm section
7,wasm3,eh_parser_legacy,False,,,,,,,,,,,,,,,wasm3 m3_ParseModule failed: out of order Wasm section
7,wasm3,gc_trees,False,,,,,,,,,,,,,,,wasm3 m3_ParseModule failed: malformed Wasm binary
7,wasm3,callref_dispatch,False,,,,,,,,,,,,,,,wasm3 m3_ParseModule failed: unknown value_type
7,wasm3,callref_dispatch.indirect,True,-750120562,89,83000.0,21783000.0,22041000.0,25504000.0,1952520000.0,0.0,,1.0,1.38,4242327768,3069297515,51527680,
7,wasm3,relaxed_dot,False,,,,,,,,,,,,,,,wasm3 m3_FindFunction(relaxed_dot) failed: unknown type
7,wasm3,relaxed_madd,False,,,,,,,,,,,,,,,wasm3 m3_FindFunction(relaxed_madd) failed: unknown type
7,wasm3,mem64_chase,False,,,,,,,,,,,,,,,wasm3 m3_ParseModule failed: malformed Wasm binary
7,wasm3,mem64_chase.mem32,True,433527714,37,18526000.0,51620000.0,53581000.0,55952000.0,1970310000.0,0.0,,1.0,0.3,926356895,3097001895,107560960,
7,wasm3,multimem_transform,False,,,,,,,,,,,,,,,wasm3 m3_ParseModule failed: only one memory per module is supported
7,wasm3,multimem_transform.single,True,902712413,518,139000.0,3810000.0,3848000.0,4716000.0,2006320000.0,0.0,,1.0,1.99,6264560515,3153566101,107560960,
7,wasm3,extconst_init,True,-1152068691,99,405000.0,19421000.0,19785000.0,22928000.0,1962770000.0,0.0,,1.0,1.87,5769814095,3085064630,107560960,
7,wasm3,extconst_init.mvp,True,-1152068691,194,161000.0,9874000.0,10141000.0,11602000.0,1979590000.0,0.0,,1.0,1.7,5290718058,3111506749,107560960,
7,wasm3,sqlite3,False,,,,,,,,,,,,,,,N/A — the harness only has a WASI preview-1 + bench.* import shim for Pulley
8,wasm3,fib,True,832040,10,679000.0,178668000.0,180805000.0,191076000.0,1780570000.0,0.0,,0.995,1.32,3705024551,2804714284,29704192,
8,wasm3,fib_tail,True,873876091,3795,282000.0,488000.0,488000.0,788000.0,1878660000.0,0.0,,0.998,1.99,5891485494,2956515791,30457856,
8,wasm3,factorial,False,,,,,,,,,,,,,,,wasm3 m3_FindFunction(factorial) failed: compiling function underran the stack
8,wasm3,sieve,False,,,,,,,,,,,,,,,wasm3 m3_FindFunction(sieve) failed: incorrect type on stack
8,wasm3,crc32,False,,,,,,,,,,,,,,,wasm3 m3_FindFunction(crc32) failed: compiling function underran the stack
8,wasm3,matmul_simd,False,,,,,,,,,,,,,,,wasm3 m3_FindFunction(matmul) failed: unknown type
8,wasm3,matmul_fma,False,,,,,,,,,,,,,,,wasm3 m3_FindFunction(matmul_fma) failed: unknown type
8,wasm3,convolution,False,,,,,,,,,,,,,,,wasm3 m3_FindFunction(convolve) failed: incorrect type on stack
8,wasm3,audio_dsp,True,761667740,2,290000.0,712151000.0,714811000.0,714811000.0,1386130000.0,0.0,,1.0,1.8,3984032528,2216594768,32735232,
8,wasm3,bulk_memory,False,,,,,,,,,,,,,,,wasm3 m3_FindFunction(bulk_memory) failed: unknown label
8,wasm3,call_indirect,True,-9175573,97,280000.0,20011000.0,20305000.0,21570000.0,1955240000.0,0.0,,1.0,1.39,4284727907,3073323134,33128448,
8,wasm3,xmrsplayer,True,-1890678103,103,2684000.0,17934000.0,18954000.0,19902000.0,1915730000.0,0.0,,1.0,0.91,2731008187,3011257411,51462144,
8,wasm3,graphql_as,True,5,137,2675000.0,12887000.0,14555000.0,16283000.000000002,2004550000.0,0.0,,1.0,0.85,2682209307,3151099007,51462144,
8,wasm3,graphql_porf,False,,,,,,,,,,,,,,,wasm3 m3_ParseModule failed: out of order Wasm section
8,wasm3,vtable_mono,True,-318559695,44,324000.0,42630000.0,44072000.0,46771000.0,1927340000.0,0.0,,1.0,1.36,4112259590,3029370413,51462144,
8,wasm3,vtable_bi,True,-208336512,42,317000.0,45034000.0,46190000.0,47908000.0,1924560000.0,0.0,,1.0,1.42,4293235396,3025077190,51462144,
8,wasm3,vtable_poly4,True,-126115384,34,324000.0,52747000.0,56081000.0,57773000.0,1878180000.0,0.0,,1.0,1.21,3562026367,2952163925,51462144,
8,wasm3,vtable_poly6,True,579248763,34,325000.0,56447000.0,57871000.0,61060000.0,1958060000.0,0.0,,1.0,1.2,3704675406,3077769807,51462144,
8,wasm3,factorial.scalar,True,-2102132736,16384,269000.0,0.0,1000.0,1000.0,18820000.0,0.0,,0.884,1.26,39257295,31120306,51462144,
8,wasm3,sieve.scalar,True,1229,4359,315000.0,429000.0,462000.0,645000.0,2025080000.0,0.0,,0.999,1.86,5931013059,3184765304,51462144,
8,wasm3,crc32.scalar,True,-1910355869,533,331000.0,3505000.0,3734000.0,4292000.0,1982350000.0,0.0,,1.0,1.73,5386360606,3115862558,51462144,
8,wasm3,convolution.scalar,True,8190685,190,317000.0,10206000.0,10477000.0,11661000.0,1982480000.0,0.0,,1.0,1.72,5363606093,3116372811,51462144,
8,wasm3,bulk_memory.scalar,True,8698902,176,364000.0,11141000.0,11394000.0,11964000.0,1990140000.0,0.0,,1.0,1.56,4875077942,3128444618,51462144,
8,wasm3,tailcall_fsm,True,-1841735369,223,113000.0,8669000.0,8832000.0,10024000.0,1959320000.0,0.0,,1.0,1.27,3902191617,3079715347,51462144,
8,wasm3,eh_parser_exnref,False,,,,,,,,,,,,,,,wasm3 m3_ParseModule failed: out of order Wasm section
8,wasm3,eh_parser_legacy,False,,,,,,,,,,,,,,,wasm3 m3_ParseModule failed: out of order Wasm section
8,wasm3,gc_trees,False,,,,,,,,,,,,,,,wasm3 m3_ParseModule failed: malformed Wasm binary
8,wasm3,callref_dispatch,False,,,,,,,,,,,,,,,wasm3 m3_ParseModule failed: unknown value_type
8,wasm3,callref_dispatch.indirect,True,-750120562,88,59000.0,21516000.0,21869000.0,22537000.0,1912030000.0,0.0,,1.0,1.4,4204248063,3005592150,51462144,
8,wasm3,relaxed_dot,False,,,,,,,,,,,,,,,wasm3 m3_FindFunction(relaxed_dot) failed: unknown type
8,wasm3,relaxed_madd,False,,,,,,,,,,,,,,,wasm3 m3_FindFunction(relaxed_madd) failed: unknown type
8,wasm3,mem64_chase,False,,,,,,,,,,,,,,,wasm3 m3_ParseModule failed: malformed Wasm binary
8,wasm3,mem64_chase.mem32,True,433527714,36,17869000.0,53032000.0,53983000.0,55838000.0,1928870000.0,0.0,,1.0,0.3,903133466,3031867875,107413504,
8,wasm3,multimem_transform,False,,,,,,,,,,,,,,,wasm3 m3_ParseModule failed: only one memory per module is supported
8,wasm3,multimem_transform.single,True,902712413,517,141000.0,3810000.0,3843000.0,4354000.0,1999320000.0,0.0,,0.999,1.99,6248496998,3143464590,107413504,
8,wasm3,extconst_init,True,-1152068691,98,407000.0,19530000.0,19802000.0,22297000.0,1944220000.0,0.0,,1.0,1.87,5715970553,3056261572,107413504,
8,wasm3,extconst_init.mvp,True,-1152068691,190,160000.0,9868000.0,10142000.0,11011000.0,1944560000.0,0.0,,1.0,1.7,5205025673,3056648636,107413504,
8,wasm3,sqlite3,False,,,,,,,,,,,,,,,N/A — the harness only has a WASI preview-1 + bench.* import shim for Pulley
9,wasm3,fib,True,832040,11,710000.0,178278000.0,181103000.0,187276000.0,1951450000.0,0.0,,0.996,1.32,4070554887,3072693022,29818880,
9,wasm3,fib_tail,True,873876091,3638,206000.0,488000.0,488000.0,779000.0,1798100000.0,0.0,,0.998,1.99,5641098196,2829717189,30605312,
9,wasm3,factorial,False,,,,,,,,,,,,,,,wasm3 m3_FindFunction(factorial) failed: compiling function underran the stack
9,wasm3,sieve,False,,,,,,,,,,,,,,,wasm3 m3_FindFunction(sieve) failed: incorrect type on stack
9,wasm3,crc32,False,,,,,,,,,,,,,,,wasm3 m3_FindFunction(crc32) failed: compiling function underran the stack
9,wasm3,matmul_simd,False,,,,,,,,,,,,,,,wasm3 m3_FindFunction(matmul) failed: unknown type
9,wasm3,matmul_fma,False,,,,,,,,,,,,,,,wasm3 m3_FindFunction(matmul_fma) failed: unknown type
9,wasm3,convolution,False,,,,,,,,,,,,,,,wasm3 m3_FindFunction(convolve) failed: incorrect type on stack
9,wasm3,audio_dsp,True,761667740,2,267000.0,714284000.0,719779000.0,719779000.0,1377880000.0,0.0,,1.0,1.78,3987034880,2234261754,32800768,
9,wasm3,bulk_memory,False,,,,,,,,,,,,,,,wasm3 m3_FindFunction(bulk_memory) failed: unknown label
9,wasm3,call_indirect,True,-9175573,97,307000.0,19875000.0,20136000.0,21429000.0,1942760000.0,0.0,,1.0,1.4,4286812781,3053462117,33161216,
9,wasm3,xmrsplayer,True,1765170662,100,2658000.0,18244000.0,19383000.0,20466000.0,1915790000.0,0.0,,1.0,0.89,2666489285,3011429913,51445760,
9,wasm3,graphql_as,True,5,134,2649000.0,12891000.0,14526000.0,16402999.999999998,1956730000.0,0.0,,1.0,0.85,2620101110,3075928274,51445760,
9,wasm3,graphql_porf,False,,,,,,,,,,,,,,,wasm3 m3_ParseModule failed: out of order Wasm section
9,wasm3,vtable_mono,True,-318559695,45,272000.0,43129000.0,44062000.0,45892000.0,1965510000.0,0.0,,1.0,1.36,4186674706,3089536594,51445760,
9,wasm3,vtable_bi,True,-208336512,41,352000.0,45020000.0,46248000.0,48325000.0,1875620000.0,0.0,,1.0,1.42,4196740385,2948119441,51445760,
9,wasm3,vtable_poly4,True,-126115384,36,306000.0,53434000.0,54697000.0,58273000.0,1954690000.0,0.0,,1.0,1.23,3782925917,3072588858,51445760,
9,wasm3,vtable_poly6,True,579248763,36,337000.0,53012000.0,53881000.0,55446000.0,1924320000.0,0.0,,1.0,1.29,3913329508,3024720842,51445760,
9,wasm3,factorial.scalar,True,-2102132736,16384,260000.0,0.0,1000.0,1000.0,16730000.0,0.0,,0.869,1.28,35707505,27838673,51445760,
9,wasm3,sieve.scalar,True,1229,4278,290000.0,429000.0,462000.0,633000.0,1987540000.0,0.0,,0.999,1.86,5825792822,3125859122,51445760,
9,wasm3,crc32.scalar,True,-1910355869,531,307000.0,3505000.0,3739000.0,4117000.0,1979260000.0,0.0,,1.0,1.72,5358764568,3111035386,51445760,
9,wasm3,convolution.scalar,True,8190685,185,317000.0,10198000.0,10540000.0,12235000.0,1933580000.0,0.0,,1.0,1.72,5215671198,3039535756,51445760,
9,wasm3,bulk_memory.scalar,True,8698902,176,353000.0,11084000.0,11390000.0,12110000.0,1999120000.0,0.0,,1.0,1.56,4892091660,3142393864,51445760,
9,wasm3,tailcall_fsm,True,-1841735369,222,123000.0,8670000.0,8815000.0,10066000.0,1957060000.0,0.0,,1.0,1.27,3896300174,3076164016,51445760,
9,wasm3,eh_parser_exnref,False,,,,,,,,,,,,,,,wasm3 m3_ParseModule failed: out of order Wasm section
9,wasm3,eh_parser_legacy,False,,,,,,,,,,,,,,,wasm3 m3_ParseModule failed: out of order Wasm section
9,wasm3,gc_trees,False,,,,,,,,,,,,,,,wasm3 m3_ParseModule failed: malformed Wasm binary
9,wasm3,callref_dispatch,False,,,,,,,,,,,,,,,wasm3 m3_ParseModule failed: unknown value_type
9,wasm3,callref_dispatch.indirect,True,-750120562,91,58000.0,21544000.0,21722000.0,23836000.0,1966560000.0,0.0,,1.0,1.4,4341854187,3091384584,51445760,
9,wasm3,relaxed_dot,False,,,,,,,,,,,,,,,wasm3 m3_FindFunction(relaxed_dot) failed: unknown type
9,wasm3,relaxed_madd,False,,,,,,,,,,,,,,,wasm3 m3_FindFunction(relaxed_madd) failed: unknown type
9,wasm3,mem64_chase,False,,,,,,,,,,,,,,,wasm3 m3_ParseModule failed: malformed Wasm binary
9,wasm3,mem64_chase.mem32,True,433527714,36,18080000.0,52485000.0,54093000.0,57007000.0,1929250000.0,0.0,,1.0,0.3,901483576,3032529309,107511808,
9,wasm3,multimem_transform,False,,,,,,,,,,,,,,,wasm3 m3_ParseModule failed: only one memory per module is supported
9,wasm3,multimem_transform.single,True,902712413,522,138000.0,3810000.0,3846000.0,5168000.0,2025800000.0,0.0,,1.0,1.99,6327214647,3184213104,107511808,
9,wasm3,extconst_init,True,-1152068691,97,412000.0,19503000.0,19833000.0,22336000.0,1930280000.0,0.0,,1.0,1.86,5654361779,3034161996,107511808,
9,wasm3,extconst_init.mvp,True,-1152068691,194,165000.0,9907000.0,10166000.0,11608000.0,1981690000.0,0.0,,1.0,1.7,5292892882,3114658612,107511808,
9,wasm3,sqlite3,False,,,,,,,,,,,,,,,N/A — the harness only has a WASI preview-1 + bench.* import shim for Pulley
1,wasmedge,fib,True,832040,1,2352000.0,1062123000.0,1062123000.0,1062123000.0,1054030000.0,0.0,,1.0,1.68,2779392522,1656907583,30998528,
1,wasmedge,fib_tail,True,873876091,225,977000.0,7937000.0,8113000.0,8892000.0,1782770000.0,0.0,,1.0,1.9,5424505578,2851390248,31670272,
1,wasmedge,factorial,True,-2102132736,16384,831000.0,18000.0,18000.0,34000.0,316840000.0,0.0,,0.993,0.97,485278035,499747601,31965184,
1,wasmedge,sieve,True,1229,293,974000.0,6683000.0,6816000.0,7654000.0,2007450000.0,0.0,,1.0,1.66,5223610083,3155361609,32145408,
1,wasmedge,crc32,True,-1910355869,38,978000.0,50004000.0,52188000.0,54894000.0,1964920000.0,0.0,,1.0,1.62,5013660180,3088455758,32505856,
1,wasmedge,matmul_simd,True,48907,59,1002000.0,33103000.0,33439999.999999996,34501000.0,1966930000.0,0.0,,1.0,1.68,5189348500,3092403234,32915456,
1,wasmedge,matmul_fma,True,48907,73,930000.0,26234000.0,26703000.0,30153000.0,1953930000.0,0.0,,1.0,1.53,4690095559,3071379186,33079296,
1,wasmedge,convolution,True,8190685,48,840000.0,40002000.0,40468000.0,42555000.0,1924340000.0,0.0,,1.0,1.81,5483039331,3024675067,33374208,
1,wasmedge,audio_dsp,True,761667740,1,864000.0,11741884000.0,11741884000.0,11741884000.0,11637360000.0,0.0,,1.0,1.39,25372976211,18293478354,33652736,
1,wasmedge,bulk_memory,True,8698902,14,847000.0,133902999.99999999,134579000.0,135572000.0,1877470000.0,0.0,,1.0,1.55,4576056466,2951313777,33898496,
1,wasmedge,call_indirect,True,-9175573,12,976000.0,162560000.0,163960000.0,166356000.0,1951710000.0,0.0,,1.0,1.49,4581110982,3068027486,34078720,
1,wasmedge,xmrsplayer,True,-1447255750,12,18727000.0,158470000.0,159405000.0,161045000.0,1905960000.0,0.0,,1.0,1.36,4074013603,2996066615,52396032,
1,wasmedge,graphql_as,True,5,20,16853000.0,85730000.0,97194000.0,113117000.0,1961640000.0,0.0,,1.0,1.38,4242976818,3083610689,52396032,
1,wasmedge,graphql_porf,True,0,24,13581000.0,76705000.0,80286000.0,82777000.0,1931060000.0,0.0,,1.0,1.27,3855961504,3035328731,52396032,
1,wasmedge,vtable_mono,True,-318559695,8,1096000.0,222094000.0,222860000.0,224029000.0,1770840000.0,0.0,,1.0,1.54,4294382407,2785480559,52396032,
1,wasmedge,vtable_bi,True,-208336512,6,1116000.0,309869000.0,310810000.0,313788000.0,1848080000.0,0.0,,1.0,1.53,4456019182,2905095738,52396032,
1,wasmedge,vtable_poly4,True,-126115384,5,1585000.0,335115000.0,335408000.0,336266000.0,1672370000.0,0.0,,1.0,1.46,3832774357,2628914826,52396032,
1,wasmedge,vtable_poly6,True,579248763,5,1328000.0,364036000.0,365192000.0,368977000.0,1818310000.0,0.0,,1.0,1.44,4127023669,2858323465,52396032,
1,wasmedge,factorial.scalar,True,-2102132736,16384,799000.0,19000.0,20000.0,36000.0,346420000.0,0.0,,0.994,1.04,568051011,546226846,52396032,
1,wasmedge,sieve.scalar,True,1229,283,1087000.0,6935000.0,7210000.0,8106999.999999999,2049530000.0000002,0.0,,1.0,1.63,5257482210,3221609009,52396032,
1,wasmedge,crc32.scalar,True,-1910355869,38,764000.0,48402000.0,51642000.0,54761000.0,1938560000.0,0.0,,1.0,1.66,5044156597,3046988040,52396032,
1,wasmedge,convolution.scalar,True,8190685,20,1124000.0,95407000.0,97270000.0,98531000.0,1926360000.0,0.0,,1.0,1.8,5459346359,3028168086,52396032,
1,wasmedge,bulk_memory.scalar,True,8698902,14,861000.0,133523000.0,134460000.0,140253000.0,1864710000.0,0.0,,1.0,1.64,4795006204,2931270856,52396032,
1,wasmedge,tailcall_fsm,True,-1841735369,27,915000.0,68146000.0,69155000.0,76457000.0,1859750000.0,0.0,,1.0,1.54,4505757655,2923190853,52396032,
1,wasmedge,eh_parser_exnref,True,830008030,21,1537000.0,91263000.0,92446000.0,95998000.0,1926700000.0,0.0,,1.0,1.67,5072650385,3028704137,52396032,
1,wasmedge,eh_parser_legacy,False,,,,,,,,,,,,,,,"WasmEdge VMLoadWasmFromBytes: illegal opcode | loading failed: illegal opcode, Code: 0x117 |     Bytecode offset: 0x00000171 |     At AST node: instruction |     At AST node: expression |     At AST node: code segment |     At AST node: code section |     At AST node: module"
1,wasmedge,gc_trees,True,-81253392,6,499000.0,294453000.0,296985000.0,302699000.0,1757690000.0,0.0,,1.0,1.58,4378859524,2763005952,154566656,
1,wasmedge,callref_dispatch,True,-750120562,11,790000.0,168697000.0,170619000.0,171722000.0,1862960000.0,0.0,,1.0,1.56,4573526533,2928284262,154566656,
1,wasmedge,callref_dispatch.indirect,True,-750120562,12,734000.0,163952000.0,165398000.0,170803000.0,1970660000.0,0.0,,1.0,1.56,4840038360,3097516276,154566656,
1,wasmedge,relaxed_dot,True,-551922832,199,986000.0,9704000.0,9867000.0,11092000.0,1959750000.0,0.0,,1.0,1.87,5758920547,3080343225,154566656,
1,wasmedge,relaxed_madd,True,-1435646925,355,909000.0,5436000.0,5529000.0,5911000.0,1956820000.0,0.0,,1.0,1.46,4476593427,3075695721,154566656,
1,wasmedge,mem64_chase,True,433527714,9,19063000.0,194792000.0,215698000.0,231759000.0,1885590000.0,0.0,,1.0,1.09,3236206214,2963950687,214171648,
1,wasmedge,mem64_chase.mem32,True,433527714,10,695000.0,181916000.0,192566000.0,217437000.0,1924310000.0,0.0,,1.0,1.04,3158251541,3024946338,214269952,
1,wasmedge,multimem_transform,True,902712413,27,813000.0,72130000.0,73900000.0,76328000.0,1980550000.0,0.0,,1.0,1.56,4847542522,3113358479,214269952,
1,wasmedge,multimem_transform.single,True,902712413,26,704000.0,72007000.0,74190000.0,79095000.0,1920510000.0,0.0,,1.0,1.55,4676238265,3018730252,214269952,
1,wasmedge,extconst_init,True,-1152068691,100,21352000.0,18855000.0,19338000.0,22170000.0,1971460000.0,0.0,,1.0,1.16,3580878016,3099078042,214269952,
1,wasmedge,extconst_init.mvp,True,-1152068691,110,8119999.999999999,17673000.0,18065000.0,21540000.0,2034610000.0,0.0,,1.0,1.15,3673431195,3198088159,214269952,
1,wasmedge,sqlite3,False,,,,,,,,,,,,,,,N/A — the harness only has a WASI preview-1 + bench.* import shim for Pulley
10,wasmedge,fib,True,832040,1,2373000.0,1058897999.9999999,1058897999.9999999,1058897999.9999999,1045180000.0000001,0.0,,1.0,1.68,2756501764,1642930161,30965760,
10,wasmedge,fib_tail,True,873876091,235,1129000.0,7974000.0,8135999.999999999,8754000.0,1876810000.0,0.0,,1.0,1.9,5671601820,2982249433,31621120,
10,wasmedge,factorial,True,-2102132736,16384,792000.0,18000.0,18000.0,35000.0,326170000.0,0.0,,0.992,0.97,501390330,514285424,31981568,
10,wasmedge,sieve,True,1229,288,947000.0,6683000.0,6840000.0,7741000.0,1963520000.0,0.0,,1.0,1.66,5111833637,3086391565,32227328,
10,wasmedge,crc32,True,-1910355869,37,782000.0,49430000.0,52589000.0,59238000.0,1923580000.0,0.0,,1.0,1.61,4879452754,3023476678,32604160,
10,wasmedge,matmul_simd,True,48907,58,973000.0,33147000.0,33420000.0,34324000.0,1910620000.0,0.0,,1.0,1.68,5080951020,3026985594,32980992,
10,wasmedge,matmul_fma,True,48907,72,951000.0,26024000.0,26724000.0,27745000.0,1909510000.0,0.0,,1.0,1.53,4593340612,3001419900,33095680,
10,wasmedge,convolution,True,8190685,49,829000.0,40077000.0,40683000.0,44267000.0,1980220000.0,0.0,,1.0,1.81,5619670782,3112462283,33406976,
10,wasmedge,audio_dsp,True,761667740,1,877000.0,11774277000.0,11774277000.0,11774277000.0,11672930000.0,0.0,,1.0,1.38,25373362138,18349464573,33669120,
10,wasmedge,bulk_memory,True,8698902,14,823000.0,133945000.0,134750000.0,174468000.0,1869320000.0,0.0,,1.0,1.55,4552345034,2938515825,33914880,
10,wasmedge,call_indirect,True,-9175573,12,985000.0,163038000.0,164470000.0,167483000.0,1960720000.0,0.0,,1.0,1.49,4589008474,3082182206,34111488,
10,wasmedge,xmrsplayer,True,-1447255750,12,19620000.0,159209000.0,159452000.0,162455000.0,1903220000.0,0.0,,1.0,1.36,4054802801,2991802678,52477952,
10,wasmedge,graphql_as,True,5,19,16440000.000000002,85960000.0,96864000.0,111468000.0,1864760000.0,0.0,,1.0,1.38,4039740752,2931333647,52477952,
10,wasmedge,graphql_porf,True,0,25,14521000.0,75402000.0,79812000.0,81964000.0,2008760000.0,0.0,,1.0,1.27,4015090834,3157516677,52477952,
10,wasmedge,vtable_mono,True,-318559695,8,1257000.0,221639000.0,222601000.0,225672000.0,1770310000.0,0.0,,1.0,1.54,4298411011,2786559785,52477952,
10,wasmedge,vtable_bi,True,-208336512,6,1175000.0,309187000.0,310636000.0,311379000.0,1856390000.0,0.0,,1.0,1.53,4477325082,2918176760,52477952,
10,wasmedge,vtable_poly4,True,-126115384,5,1129000.0,335047000.0,335564000.0,337426000.0,1662430000.0,0.0,,1.0,1.46,3808445845,2613289293,52477952,
10,wasmedge,vtable_poly6,True,579248763,5,1090000.0,364201000.0,365243000.0,369766000.0,1818130000.0,0.0,,1.0,1.44,4123031349,2858042054,52477952,
10,wasmedge,factorial.scalar,True,-2102132736,16384,864000.0,19000.0,20000.0,38000.0,343700000.0,0.0,,0.994,1.04,564753965,541997130,52477952,
10,wasmedge,sieve.scalar,True,1229,286,970000.0,6934000.0,7089000.0,8054000.0,2032850000.0,0.0,,1.0,1.66,5298729152,3195410082,52477952,
10,wasmedge,crc32.scalar,True,-1910355869,37,1030000.0,48462000.0,51958000.0,53930000.0,1899870000.0,0.0,,1.0,1.65,4915505814,2986190431,52477952,
10,wasmedge,convolution.scalar,True,8190685,20,734000.0,95855000.0,96675000.0,100034000.0,1925760000.0,0.0,,1.0,1.8,5461432185,3027224294,52477952,
10,wasmedge,bulk_memory.scalar,True,8698902,14,886000.0,133128999.99999999,133628999.99999999,135372000.0,1860910000.0,0.0,,1.0,1.64,4798956571,2925282474,52477952,
10,wasmedge,tailcall_fsm,True,-1841735369,28,960000.0,67786000.0,69584000.0,73548000.0,1934790000.0,0.0,,1.0,1.54,4672628947,3041281021,52477952,
10,wasmedge,eh_parser_exnref,True,830008030,21,1555000.0,91532000.0,92325000.0,94001000.0,1920500000.0,0.0,,1.0,1.67,5051999561,3018955026,52477952,
10,wasmedge,eh_parser_legacy,False,,,,,,,,,,,,,,,"WasmEdge VMLoadWasmFromBytes: illegal opcode | loading failed: illegal opcode, Code: 0x117 |     Bytecode offset: 0x00000171 |     At AST node: instruction |     At AST node: expression |     At AST node: code segment |     At AST node: code section |     At AST node: module"
10,wasmedge,gc_trees,True,-81253392,6,493000.0,296196000.0,298686000.0,299867000.0,1776180000.0,0.0,,1.0,1.58,4416491390,2792076674,154468352,
10,wasmedge,callref_dispatch,True,-750120562,11,1022000.0,167907000.0,169794000.0,177482000.0,1844540000.0,0.0,,1.0,1.58,4571075685,2899280357,154468352,
10,wasmedge,callref_dispatch.indirect,True,-750120562,12,733000.0,164218000.0,167463000.0,172316000.0,1999610000.0,0.0,,1.0,1.55,4867424923,3143035744,154468352,
10,wasmedge,relaxed_dot,True,-551922832,188,1044000.0,9702000.0,9931000.0,11502000.0,1849580000.0,0.0,,1.0,1.87,5424544622,2907012209,154468352,
10,wasmedge,relaxed_madd,True,-1435646925,356,899000.0,5427000.0,5521000.0,6649000.0,1969040000.0,0.0,,1.0,1.45,4498879837,3095061582,154468352,
10,wasmedge,mem64_chase,True,433527714,8,18884000.0,239743000.0,240608000.0,243541000.0,1907370000.0,0.0,,1.0,0.96,2879828942,2998194925,214138880,
10,wasmedge,mem64_chase.mem32,True,433527714,9,564000.0,214405000.0,219440000.0,223724000.0,1949870000.0,0.0,,1.0,0.93,2846022091,3065131010,214335488,
10,wasmedge,multimem_transform,True,902712413,26,742000.0,70473000.0,74164000.0,75918000.0,1908800000.0,0.0,,1.0,1.56,4667059147,3000564736,214335488,
10,wasmedge,multimem_transform.single,True,902712413,26,762000.0,72379000.0,73970000.0,78376000.0,1910060000.0,0.0,,1.0,1.56,4672730564,3002191965,214335488,
10,wasmedge,extconst_init,True,-1152068691,101,21621000.0,18948000.0,19343000.0,20396000.0,1992840000.0,0.0,,1.0,1.15,3610018510,3132683507,214335488,
10,wasmedge,extconst_init.mvp,True,-1152068691,109,8182000.0,17805000.0,18120000.0,19155000.0,2013650000.0,0.0,,1.0,1.15,3626880007,3165055112,214335488,
10,wasmedge,sqlite3,False,,,,,,,,,,,,,,,N/A — the harness only has a WASI preview-1 + bench.* import shim for Pulley
2,wasmedge,fib,True,832040,1,2778000.0,1058982000.0,1058982000.0,1058982000.0,1041819999.9999999,0.0,,1.0,1.68,2749992443,1637711815,31014912,
2,wasmedge,fib_tail,True,873876091,243,931000.0,7930000.0,8101000.000000001,8703000.0,1956620000.0,0.0,,1.0,1.9,5866417782,3080848340,31686656,
2,wasmedge,factorial,True,-2102132736,16384,841000.0,18000.0,18000.0,34000.0,322640000.0,0.0,,0.993,0.95,485457275,508860504,32079872,
2,wasmedge,sieve,True,1229,294,1036999.9999999999,6659000.0,6839000.0,7849000.0,2015730000.0,0.0,,1.0,1.65,5241891921,3168450820,32260096,
2,wasmedge,crc32,True,-1910355869,37,778000.0,49907000.0,52428000.0,55109000.0,1919730000.0,0.0,,1.0,1.61,4868638979,3017208236,32653312,
2,wasmedge,matmul_simd,True,48907,59,981000.0,33189000.0,33438000.000000004,35507000.0,1939230000.0,0.0,,1.0,1.68,5165195376,3079063019,32980992,
2,wasmedge,matmul_fma,True,48907,74,999000.0,26277000.0,26802000.0,30392000.0,1974520000.0,0.0,,1.0,1.53,4740339520,3103564371,33144832,
2,wasmedge,convolution,True,8190685,49,880000.0,39953000.0,40469000.0,42805000.0,1969410000.0,0.0,,1.0,1.81,5611021369,3095583640,33439744,
2,wasmedge,audio_dsp,True,761667740,1,882000.0,11766160000.0,11766160000.0,11766160000.0,11655500000.0,0.0,,1.0,1.38,25369784203,18321952117,33751040,
2,wasmedge,bulk_memory,True,8698902,14,952000.0,131757000.0,132901000.00000001,137845000.0,1850690000.0,0.0,,1.0,1.57,4565032295,2909222310,33964032,
2,wasmedge,call_indirect,True,-9175573,12,1131000.0,163333000.0,164509000.0,166243000.0,1953210000.0,0.0,,1.0,1.49,4570189201,3070383915,34144256,
2,wasmedge,xmrsplayer,True,-1447255750,12,19636000.0,159249000.0,160836000.0,162724000.0,1909960000.0,0.0,,1.0,1.35,4062301838,3002394204,52477952,
2,wasmedge,graphql_as,True,5,19,16059000.000000002,86182000.0,98896000.0,112426000.0,1857280000.0,0.0,,1.0,1.38,4033725107,2919548792,52477952,
2,wasmedge,graphql_porf,True,0,24,13542000.0,75489000.0,80009000.0,81268000.0,1931970000.0,0.0,,1.0,1.27,3860194475,3036811532,52477952,
2,wasmedge,vtable_mono,True,-318559695,8,1069000.0,222431000.0,223160000.0,225604000.0,1765130000.0,0.0,,1.0,1.54,4283859533,2778712936,52477952,
2,wasmedge,vtable_bi,True,-208336512,6,1103000.0,308797000.0,310186000.0,310268000.0,1844000000.0,0.0,,1.0,1.54,4453858465,2898706246,52477952,
2,wasmedge,vtable_poly4,True,-126115384,5,1117000.0,335112000.0,336930000.0,337488000.0,1667850000.0,0.0,,1.0,1.46,3821194468,2621813250,52477952,
2,wasmedge,vtable_poly6,True,579248763,5,1464000.0,364418000.0,365529000.0,367749000.0,1818990000.0,0.0,,1.0,1.44,4125861097,2859389307,52477952,
2,wasmedge,factorial.scalar,True,-2102132736,16384,892000.0,19000.0,20000.0,39000.0,348810000.0,0.0,,0.993,1.04,571904168,550114762,52477952,
2,wasmedge,sieve.scalar,True,1229,277,850000.0,6929000.0,7106000.0,9308000.0,1972100000.0,0.0,,1.0,1.66,5132808011,3099901852,52477952,
2,wasmedge,crc32.scalar,True,-1910355869,37,769000.0,49700000.0,51630000.0,54331000.0,1904310000.0,0.0,,1.0,1.64,4920407377,2993245961,52477952,
2,wasmedge,convolution.scalar,True,8190685,20,745000.0,95615000.0,97038000.0,98176000.0,1927710000.0,0.0,,1.0,1.8,5468964343,3030262577,52477952,
2,wasmedge,bulk_memory.scalar,True,8698902,14,869000.0,132721000.0,133489000.0,134829000.0,1855730000.0,0.0,,1.0,1.64,4792183362,2917157066,52477952,
2,wasmedge,tailcall_fsm,True,-1841735369,27,905000.0,69209000.0,70501000.0,72241000.0,1897210000.0,0.0,,1.0,1.51,4517145922,2982086454,52477952,
2,wasmedge,eh_parser_exnref,True,830008030,21,1168000.0,91685000.0,92542000.0,94161000.0,1928810000.0,0.0,,1.0,1.67,5071606378,3031987446,52477952,
2,wasmedge,eh_parser_legacy,False,,,,,,,,,,,,,,,"WasmEdge VMLoadWasmFromBytes: illegal opcode | loading failed: illegal opcode, Code: 0x117 |     Bytecode offset: 0x00000171 |     At AST node: instruction |     At AST node: expression |     At AST node: code segment |     At AST node: code section |     At AST node: module"
2,wasmedge,gc_trees,True,-81253392,6,549000.0,298221000.0,299822000.0,302951000.0,1786030000.0,0.0,,1.0,1.57,4405333668,2807554426,154370048,
2,wasmedge,callref_dispatch,True,-750120562,11,755000.0,168701000.0,170162000.0,172217000.0,1854780000.0,0.0,,1.0,1.57,4572993756,2915419186,154370048,
2,wasmedge,callref_dispatch.indirect,True,-750120562,12,751000.0,163658000.0,165955000.0,167805000.0,1973650000.0,0.0,,1.0,1.56,4852165845,3102370911,154370048,
2,wasmedge,relaxed_dot,True,-551922832,201,922000.0,9716000.0,9902000.0,11017000.0,1979750000.0,0.0,,1.0,1.87,5808572466,3111836156,154370048,
2,wasmedge,relaxed_madd,True,-1435646925,362,921000.0,5523000.0,5614000.0,6292000.0,2039130000.0,0.0,,1.0,1.43,4585694119,3205179061,154370048,
2,wasmedge,mem64_chase,True,433527714,8,18802000.0,240775000.0,245009000.0,246272000.0,1934420000.0,0.0,,1.0,0.95,2881606395,3040810561,214089728,
2,wasmedge,mem64_chase.mem32,True,433527714,9,736000.0,216322000.0,220636000.0,222201000.0,1959620000.0,0.0,,1.0,0.93,2856211129,3080440728,214335488,
2,wasmedge,multimem_transform,True,902712413,27,749000.0,72375000.0,74127000.0,78762000.0,1988330000.0,0.0,,1.0,1.55,4840900699,3125335356,214335488,
2,wasmedge,multimem_transform.single,True,902712413,27,717000.0,70932000.0,74376000.0,75767000.0,1984870000.0,0.0,,1.0,1.55,4838734715,3120029080,214335488,
2,wasmedge,extconst_init,True,-1152068691,100,21024000.0,18966000.0,19379000.0,22980000.0,1977730000.0,0.0,,1.0,1.15,3578519407,3108623372,214335488,
2,wasmedge,extconst_init.mvp,True,-1152068691,103,9905000.0,17748000.0,18024000.0,18768000.0,1897420000.0,0.0,,1.0,1.15,3430941668,2982417744,214335488,
2,wasmedge,sqlite3,False,,,,,,,,,,,,,,,N/A — the harness only has a WASI preview-1 + bench.* import shim for Pulley
3,wasmedge,fib,True,832040,1,2508000.0,1060517000.0,1060517000.0,1060517000.0,1048730000.0,0.0,,1.0,1.68,2769054254,1648517089,31014912,
3,wasmedge,fib_tail,True,873876091,237,1323000.0,7948000.0,8114000.000000001,8815000.0,1887450000.0,0.0,,1.0,1.9,5726220568,3009689897,31703040,
3,wasmedge,factorial,True,-2102132736,16384,856000.0,18000.0,18000.0,35000.0,311710000.0,0.0,,0.992,0.98,503307601,512250473,31948800,
3,wasmedge,sieve,True,1229,291,898000.0,6655000.0,6834000.0,7950000.0,1986190000.0,0.0,,1.0,1.66,5170361201,3122044354,32276480,
3,wasmedge,crc32,True,-1910355869,37,742000.0,50160000.0,52207000.0,56069000.0,1920170000.0,0.0,,1.0,1.62,4878067368,3018175923,32653312,
3,wasmedge,matmul_simd,True,48907,58,987000.0,33165000.0,33482000.0,35762000.0,1925700000.0,0.0,,1.0,1.68,5079550707,3027673373,32948224,
3,wasmedge,matmul_fma,True,48907,72,963000.0,26264000.0,26743000.0,27890000.0,1907830000.0,0.0,,1.0,1.53,4590660493,2998916748,33128448,
3,wasmedge,convolution,True,8190685,49,858000.0,39785000.0,40701000.0,42856000.0,1980710000.0,0.0,,1.0,1.81,5625308471,3113322159,33456128,
3,wasmedge,audio_dsp,True,761667740,1,889000.0,11814007000.0,11814007000.0,11814007000.0,11674290000.0,0.0,,1.0,1.38,25378452952,18351556266,33718272,
3,wasmedge,bulk_memory,True,8698902,14,792000.0,133543000.0,134666000.0,138688000.0,1868440000.0,0.0,,1.0,1.55,4562274404,2937126086,33964032,
3,wasmedge,call_indirect,True,-9175573,11,969000.0,163687000.0,164498000.0,166636000.0,1800640000.0,0.0,,1.0,1.49,4211371446,2830536550,34127872,
3,wasmedge,xmrsplayer,True,-1447255750,12,19641000.0,159679000.0,160875000.0,161894000.0,1906490000.0,0.0,,1.0,1.35,4049781595,2996949510,52461568,
3,wasmedge,graphql_as,True,5,20,16840000.0,85525000.0,97688000.0,110592000.0,1958780000.0,0.0,,1.0,1.38,4249597436,3079136210,52461568,
3,wasmedge,graphql_porf,True,0,25,14011000.0,75439000.0,80272000.0,81580000.0,2021030000.0,0.0,,1.0,1.27,4030746575,3176761925,52461568,
3,wasmedge,vtable_mono,True,-318559695,8,1072000.0,222360000.0,223141000.0,225394000.0,1765030000.0,0.0,,1.0,1.54,4278879375,2775278233,52461568,
3,wasmedge,vtable_bi,True,-208336512,6,1203000.0,310332000.0,311537000.0,312388000.0,1848700000.0,0.0,,1.0,1.53,4458104171,2906093103,52461568,
3,wasmedge,vtable_poly4,True,-126115384,5,1102000.0,335351000.0,337145000.0,338999000.0,1671790000.0,0.0,,1.0,1.46,3826477733,2628007062,52461568,
3,wasmedge,vtable_poly6,True,579248763,5,1238000.0,365090000.0,367382000.0,370386000.0,1813420000.0,0.0,,1.0,1.44,4105319833,2850615624,52461568,
3,wasmedge,factorial.scalar,True,-2102132736,16384,839000.0,19000.0,20000.0,36000.0,349280000.0,0.0,,0.994,1.04,572664062,550634899,52461568,
3,wasmedge,sieve.scalar,True,1229,280,858000.0,6939000.0,7107000.0,8321000.0,1988290000.0,0.0,,1.0,1.66,5178570209,3125462514,52461568,
3,wasmedge,crc32.scalar,True,-1910355869,38,846000.0,49749000.0,52264000.0,57347000.0,1958360000.0,0.0,,1.0,1.64,5045216269,3078129264,52461568,
3,wasmedge,convolution.scalar,True,8190685,17,864000.0,96761000.0,98303000.0,113474000.0,1710970000.0,0.0,,1.0,1.73,4664856767,2689592073,52461568,
3,wasmedge,bulk_memory.scalar,True,8698902,14,884000.0,132984000.00000001,134073000.00000001,136214000.0,1864780000.0,0.0,,1.0,1.64,4809860046,2931338961,52461568,
3,wasmedge,tailcall_fsm,True,-1841735369,28,964000.0,68052000.0,69242000.0,75311000.0,1926390000.0,0.0,,1.0,1.55,4679028894,3027995509,52461568,
3,wasmedge,eh_parser_exnref,True,830008030,21,1176000.0,91596000.0,92546000.0,94335000.0,1924290000.0,0.0,,1.0,1.67,5064545595,3024928461,52461568,
3,wasmedge,eh_parser_legacy,False,,,,,,,,,,,,,,,"WasmEdge VMLoadWasmFromBytes: illegal opcode | loading failed: illegal opcode, Code: 0x117 |     Bytecode offset: 0x00000171 |     At AST node: instruction |     At AST node: expression |     At AST node: code segment |     At AST node: code section |     At AST node: module"
3,wasmedge,gc_trees,True,-81253392,6,585000.0,296285000.0,298634000.0,302555000.0,1772880000.0,0.0,,1.0,1.58,4398050774,2786921257,154550272,
3,wasmedge,callref_dispatch,True,-750120562,11,1022999.9999999999,169485000.0,171561000.0,174250000.0,1862760000.0,0.0,,1.0,1.56,4565456459,2927906227,154550272,
3,wasmedge,callref_dispatch.indirect,True,-750120562,12,891000.0,165058000.0,168649000.0,169176000.0,2001680000.0,0.0,,1.0,1.54,4849400652,3146312962,154550272,
3,wasmedge,relaxed_dot,True,-551922832,202,1128000.0,9712000.0,9889000.0,10870000.0,1992610000.0,0.0,,1.0,1.86,5838774948,3131991153,154550272,
3,wasmedge,relaxed_madd,True,-1435646925,349,1141000.0,5439000.0,5517000.0,7222000.0,1935850000.0,0.0,,1.0,1.45,4420702650,3042800969,154550272,
3,wasmedge,mem64_chase,True,433527714,8,18809000.0,239188000.0,243863000.0,245347000.0,1926030000.0,0.0,,1.0,0.95,2890544813,3027630578,214302720,
3,wasmedge,mem64_chase.mem32,True,433527714,9,585000.0,213655000.0,218274000.0,221995000.0,1944460000.0,0.0,,1.0,0.93,2849412460,3056631588,214532096,
3,wasmedge,multimem_transform,True,902712413,27,709000.0,72105000.0,74095000.0,76992000.0,1988620000.0,0.0,,1.0,1.55,4855959029,3125785535,214532096,
3,wasmedge,multimem_transform.single,True,902712413,26,685000.0,71928000.0,74388000.0,77021000.0,1906120000.0,0.0,,1.0,1.55,4645152596,2996178256,214532096,
3,wasmedge,extconst_init,True,-1152068691,99,21477000.0,18830000.0,19469000.0,21779000.0,1964840000.0,0.0,,1.0,1.15,3541439194,3088438170,214532096,
3,wasmedge,extconst_init.mvp,True,-1152068691,107,8900000.0,17696000.0,18128000.0,19466000.0,1982800000.0,0.0,,1.0,1.15,3570864454,3116564577,214532096,
3,wasmedge,sqlite3,False,,,,,,,,,,,,,,,N/A — the harness only has a WASI preview-1 + bench.* import shim for Pulley
4,wasmedge,fib,True,832040,1,3357000.0,1059328000.0,1059328000.0,1059328000.0,1046740000.0,0.0,,1.0,1.68,2759544427,1645388287,30949376,
4,wasmedge,fib_tail,True,873876091,241,827000.0,7948000.0,8100000.0,9169000.0,1939320000.0,0.0,,1.0,1.9,5829048480,3063724688,31588352,
4,wasmedge,factorial,True,-2102132736,16384,836000.0,18000.0,18000.0,35000.0,318430000.0,0.0,,0.992,0.97,492883791,509803243,31948800,
4,wasmedge,sieve,True,1229,286,918000.0,6668000.0,6849000.0,8183000.0,1964370000.0,0.0,,1.0,1.64,5076710419,3087668965,32210944,
4,wasmedge,crc32,True,-1910355869,37,778000.0,49419000.0,52444000.0,55429000.0,1924460000.0,0.0,,1.0,1.61,4869749188,3025029971,32604160,
4,wasmedge,matmul_simd,True,48907,56,1026000.0,33094000.0,33406999.999999996,35828000.0,1841660000.0,0.0,,1.0,1.68,4902785770,2919751922,32915456,
4,wasmedge,matmul_fma,True,48907,74,969000.0,26257000.0,26753000.0,28350000.0,1973540000.0,0.0,,1.0,1.53,4735799491,3102210434,33062912,
4,wasmedge,convolution,True,8190685,47,932000.0,39976000.0,40432000.0,42260000.0,1894990000.0,0.0,,1.0,1.81,5392515208,2978554920,33439744,
4,wasmedge,audio_dsp,True,761667740,1,887000.0,11791810000.0,11791810000.0,11791810000.0,11698120000.0,0.0,,1.0,1.38,25378408208,18389079653,33685504,
4,wasmedge,bulk_memory,True,8698902,14,904000.0,133347000.00000001,134169999.99999999,137622000.0,1866330000.0,0.0,,1.0,1.55,4559674629,2933810252,33931264,
4,wasmedge,call_indirect,True,-9175573,12,1121000.0,162647000.0,164356000.0,166026000.0,1953440000.0,0.0,,1.0,1.49,4578568343,3070751285,34095104,
4,wasmedge,xmrsplayer,True,-1447255750,12,19643000.0,159053000.0,160017000.0,163088000.0,1909840000.0,0.0,,1.0,1.35,4064397501,3002206252,52396032,
4,wasmedge,graphql_as,True,5,20,16484000.000000002,85056000.0,96876000.0,111396000.0,1956670000.0,0.0,,1.0,1.38,4255067889,3075797073,52396032,
4,wasmedge,graphql_porf,True,0,24,13816000.0,76351000.0,80517000.0,81919000.0,1940290000.0,0.0,,1.0,1.27,3860788606,3049941181,52396032,
4,wasmedge,vtable_mono,True,-318559695,8,1124000.0,221697000.0,224676000.0,230977000.0,1775130000.0,0.0,,1.0,1.54,4291750440,2793308242,52396032,
4,wasmedge,vtable_bi,True,-208336512,6,1124000.0,309833000.0,310829000.0,312246000.0,1845910000.0,0.0,,1.0,1.53,4447889542,2901711657,52396032,
4,wasmedge,vtable_poly4,True,-126115384,5,1265000.0,335616000.0,337037000.0,338152000.0,1663010000.0,0.0,,1.0,1.45,3800982201,2614181294,52396032,
4,wasmedge,vtable_poly6,True,579248763,5,1097000.0,366376000.0,367149000.0,370756000.0,1822960000.0,0.0,,1.0,1.44,4115999576,2865639029,52396032,
4,wasmedge,factorial.scalar,True,-2102132736,16384,834000.0,19000.0,20000.0,37000.0,350930000.0,0.0,,0.994,1.04,574987961,553234433,52396032,
4,wasmedge,sieve.scalar,True,1229,284,882000.0,6946000.0,7125000.0,8702000.0,2036010000.0,0.0,,1.0,1.65,5281232874,3200359400,52396032,
4,wasmedge,crc32.scalar,True,-1910355869,37,771000.0,50096000.0,52766000.0,55715000.0,1934450000.0,0.0,,1.0,1.62,4915173026,3040584266,52396032,
4,wasmedge,convolution.scalar,True,8190685,20,747000.0,96298000.0,97237000.0,102061000.0,1937290000.0,0.0,,1.0,1.8,5469481515,3045351008,52396032,
4,wasmedge,bulk_memory.scalar,True,8698902,14,1006999.9999999999,133204000.00000001,133948000.00000001,134428000.0,1852260000.0,0.0,,1.0,1.64,4773532018,2911688239,52396032,
4,wasmedge,tailcall_fsm,True,-1841735369,28,904000.0,68167000.0,69441000.0,70831000.0,1927230000.0,0.0,,1.0,1.54,4667165809,3029172206,52396032,
4,wasmedge,eh_parser_exnref,True,830008030,20,1334000.0,91698000.0,92514000.0,96726000.0,1842670000.0,0.0,,1.0,1.67,4844079467,2896618020,52396032,
4,wasmedge,eh_parser_legacy,False,,,,,,,,,,,,,,,"WasmEdge VMLoadWasmFromBytes: illegal opcode | loading failed: illegal opcode, Code: 0x117 |     Bytecode offset: 0x00000171 |     At AST node: instruction |     At AST node: expression |     At AST node: code segment |     At AST node: code section |     At AST node: module"
4,wasmedge,gc_trees,True,-81253392,6,485000.0,297426000.0,298223000.0,299171000.0,1777030000.0,0.0,,1.0,1.58,4415245155,2793423820,154468352,
4,wasmedge,callref_dispatch,True,-750120562,11,1198000.0,168925000.0,171066000.0,173073000.0,1866340000.0,0.0,,1.0,1.56,4576460122,2933515578,154468352,
4,wasmedge,callref_dispatch.indirect,True,-750120562,12,740000.0,165776000.0,167746000.0,170110000.0,1991830000.0,0.0,,1.0,1.55,4845429201,3130948503,154468352,
4,wasmedge,relaxed_dot,True,-551922832,203,1111000.0,9708000.0,9888000.0,10708000.0,2008340000.0,0.0,,1.0,1.87,5892735950,3156537341,154468352,
4,wasmedge,relaxed_madd,True,-1435646925,358,966000.0,5435000.0,5507000.0,6322000.0,1982650000.0,0.0,,1.0,1.46,4533870264,3112925846,154468352,
4,wasmedge,mem64_chase,True,433527714,8,19118000.0,240089000.0,243147000.0,245791000.0,1918680000.0,0.0,,1.0,0.95,2874132618,3015961324,214155264,
4,wasmedge,mem64_chase.mem32,True,433527714,9,704000.0,216875000.0,220134000.0,223046000.0,1960230000.0,0.0,,1.0,0.92,2849573826,3081423464,214335488,
4,wasmedge,multimem_transform,True,902712413,28,750000.0,71948000.0,72836000.0,76403000.0,2034050000.0,0.0,,1.0,1.57,5017095817,3197427659,214335488,
4,wasmedge,multimem_transform.single,True,902712413,26,693000.0,70035000.0,73581000.0,76201000.0,1892190000.0,0.0,,1.0,1.56,4651888102,2974327758,214335488,
4,wasmedge,extconst_init,True,-1152068691,102,21641000.0,18969000.0,19372000.0,21823000.0,2012130000.0,0.0,,1.0,1.15,3644989197,3162986282,214335488,
4,wasmedge,extconst_init.mvp,True,-1152068691,109,8318000.0,17722000.0,18183000.0,20438000.0,2026170000.0,0.0,,1.0,1.14,3643644837,3184670728,214335488,
4,wasmedge,sqlite3,False,,,,,,,,,,,,,,,N/A — the harness only has a WASI preview-1 + bench.* import shim for Pulley
5,wasmedge,fib,True,832040,1,2399000.0,1060079000.0,1060079000.0,1060079000.0,1045400000.0000001,0.0,,1.0,1.68,2755816602,1643281656,30982144,
5,wasmedge,fib_tail,True,873876091,236,1036000.0,7971000.0,8128000.0,8988000.0,1893310000.0,0.0,,1.0,1.9,5696406970,2997142400,31637504,
5,wasmedge,factorial,True,-2102132736,16384,858000.0,18000.0,18000.0,36000.0,316550000.0,0.0,,0.992,0.96,479789760,499308788,31948800,
5,wasmedge,sieve,True,1229,279,836000.0,6686000.0,6837000.0,7686000.0,1911460000.0,0.0,,1.0,1.65,4970081383,3004437944,32227328,
5,wasmedge,crc32,True,-1910355869,37,824000.0,49005000.0,52057000.0,55175000.0,1912880000.0,0.0,,1.0,1.62,4872385821,3006724127,32604160,
5,wasmedge,matmul_simd,True,48907,57,1010000.0,33075000.000000004,33470999.999999996,37445000.0,1892610000.0,0.0,,1.0,1.68,4996210517,2978594995,32948224,
5,wasmedge,matmul_fma,True,48907,74,938000.0,26290000.0,26655000.0,27733000.0,1957040000.0,0.0,,1.0,1.54,4721910283,3076016273,33128448,
5,wasmedge,convolution,True,8190685,49,888000.0,40038000.0,40725000.0,57203000.0,1982890000.0,0.0,,1.0,1.81,5636522171,3116715978,33423360,
5,wasmedge,audio_dsp,True,761667740,1,893000.0,11813798000.0,11813798000.0,11813798000.0,11707300000.0,0.0,,1.0,1.38,25380948390,18403421339,33701888,
5,wasmedge,bulk_memory,True,8698902,14,908000.0,133693999.99999999,134565000.0,136716000.0,1865030000.0,0.0,,1.0,1.55,4542530908,2931766835,33964032,
5,wasmedge,call_indirect,True,-9175573,11,1038999.9999999999,162760000.0,163752000.0,165674000.0,1792240000.0,0.0,,1.0,1.49,4205376701,2817350034,34144256,
5,wasmedge,xmrsplayer,True,-1447255750,12,18925000.0,158938000.0,159728000.0,161634000.0,1900170000.0,0.0,,1.0,1.36,4053172763,2987018813,52412416,
5,wasmedge,graphql_as,True,5,20,16392000.0,85013000.0,97510000.0,110293000.0,1959080000.0,0.0,,1.0,1.38,4255251668,3079587517,52412416,
5,wasmedge,graphql_porf,True,0,24,13833000.0,77806000.0,79854000.0,81431000.0,1932890000.0,0.0,,1.0,1.27,3862635143,3038243466,52412416,
5,wasmedge,vtable_mono,True,-318559695,8,1105000.0,222080000.0,222985000.0,223407000.0,1763190000.0,0.0,,1.0,1.54,4285478978,2778484462,52412416,
5,wasmedge,vtable_bi,True,-208336512,6,1553000.0,309847000.0,310406000.0,311153000.0,1854730000.0,0.0,,1.0,1.53,4474393603,2915576250,52412416,
5,wasmedge,vtable_poly4,True,-126115384,5,1356000.0,335144000.0,336412000.0,336954000.0,1668680000.0,0.0,,1.0,1.46,3825763024,2623122507,52412416,
5,wasmedge,vtable_poly6,True,579248763,5,1166000.0,366038000.0,366344000.0,369009000.0,1827570000.0,0.0,,1.0,1.44,4126166210,2872882566,52412416,
5,wasmedge,factorial.scalar,True,-2102132736,16384,846000.0,19000.0,20000.0,37000.0,349520000.0,0.0,,0.994,1.04,570779900,551021422,52412416,
5,wasmedge,sieve.scalar,True,1229,263,824000.0,6956000.0,7244000.0,8170000.0,1907050000.0,0.0,,1.0,1.62,4869217734,2997753895,52412416,
5,wasmedge,crc32.scalar,True,-1910355869,37,767000.0,49988000.0,52386000.0,55255000.0,1911970000.0,0.0,,1.0,1.63,4913297633,3005234388,52412416,
5,wasmedge,convolution.scalar,True,8190685,20,820000.0,96148000.0,97538000.0,100681000.0,1933610000.0,0.0,,1.0,1.8,5461397135,3039524924,52412416,
5,wasmedge,bulk_memory.scalar,True,8698902,15,911000.0,132942000.0,133783999.99999999,135145000.0,2000390000.0,0.0,,1.0,1.64,5159316288,3144551576,52412416,
5,wasmedge,tailcall_fsm,True,-1841735369,28,1014999.9999999999,67957000.0,69965000.0,71922000.0,1946650000.0,0.0,,1.0,1.53,4682262683,3059766909,52412416,
5,wasmedge,eh_parser_exnref,True,830008030,21,1378000.0,91466000.0,91946000.0,93111000.0,1920550000.0,0.0,,1.0,1.68,5072062126,3019046393,52412416,
5,wasmedge,eh_parser_legacy,False,,,,,,,,,,,,,,,"WasmEdge VMLoadWasmFromBytes: illegal opcode | loading failed: illegal opcode, Code: 0x117 |     Bytecode offset: 0x00000171 |     At AST node: instruction |     At AST node: expression |     At AST node: code segment |     At AST node: code section |     At AST node: module"
5,wasmedge,gc_trees,True,-81253392,6,504000.0,296717000.0,298173000.0,300717000.0,1778810000.0,0.0,,1.0,1.58,4413528290,2796205083,154451968,
5,wasmedge,callref_dispatch,True,-750120562,11,667000.0,169509000.0,171150000.0,173216000.0,1875730000.0,0.0,,1.0,1.56,4586539099,2948309496,154451968,
5,wasmedge,callref_dispatch.indirect,True,-750120562,12,838000.0,162543000.0,167475000.0,178013000.0,1987820000.0,0.0,,1.0,1.55,4849553917,3124593169,154451968,
5,wasmedge,relaxed_dot,True,-551922832,200,981000.0,9713000.0,9903000.0,11362000.0,1972680000.0,0.0,,1.0,1.87,5784742775,3100511037,154451968,
5,wasmedge,relaxed_madd,True,-1435646925,359,922000.0,5435000.0,5509000.0,6106000.0,1992880000.0,0.0,,1.0,1.45,4550795232,3132597894,154451968,
5,wasmedge,mem64_chase,True,433527714,8,18808000.0,238681000.0,241704000.0,266991000.0,1899060000.0,0.0,,1.0,0.96,2876538448,2985055172,214122496,
5,wasmedge,mem64_chase.mem32,True,433527714,9,882000.0,212283000.0,215934000.0,220342000.0,1923140000.0,0.0,,1.0,0.94,2843129170,3023116736,214302720,
5,wasmedge,multimem_transform,True,902712413,27,729000.0,71547000.0,74082000.0,76176000.0,1986750000.0,0.0,,1.0,1.55,4847637311,3123107050,214302720,
5,wasmedge,multimem_transform.single,True,902712413,27,694000.0,71022000.0,73430000.0,75952000.0,1975570000.0,0.0,,1.0,1.56,4850363853,3105271973,214302720,
5,wasmedge,extconst_init,True,-1152068691,98,21157000.0,18997000.0,19412000.0,22321000.0,1937900000.0,0.0,,1.0,1.15,3506031951,3046317005,214302720,
5,wasmedge,extconst_init.mvp,True,-1152068691,102,8570000.0,17868000.0,18189000.0,19719000.0,1896640000.0,0.0,,1.0,1.14,3397453469,2981153529,214302720,
5,wasmedge,sqlite3,False,,,,,,,,,,,,,,,N/A — the harness only has a WASI preview-1 + bench.* import shim for Pulley
6,wasmedge,fib,True,832040,1,2431000.0,1068819000.0,1068819000.0,1068819000.0,1049250000.0,0.0,,1.0,1.68,2770670337,1649334592,30998528,
6,wasmedge,fib_tail,True,873876091,245,821000.0,7926000.0,8117000.000000001,9751000.0,1962230000.0,0.0,,1.0,1.9,5929009171,3115318265,31670272,
6,wasmedge,factorial,True,-2102132736,16384,784000.0,18000.0,18000.0,35000.0,306830000.0,0.0,,0.992,0.97,480678653,495432224,31916032,
6,wasmedge,sieve,True,1229,272,892000.0,6668000.0,6849000.0,7850000.0,1857660000.0,0.0,,1.0,1.65,4837103644,2932398411,32194560,
6,wasmedge,crc32,True,-1910355869,37,770000.0,49874000.0,52819000.0,59289000.0,1925560000.0,0.0,,1.0,1.61,4874576346,3026587896,32505856,
6,wasmedge,matmul_simd,True,48907,59,1014000.0,33089000.0,33497999.999999996,37545000.0,1964960000.0,0.0,,1.0,1.67,5170051244,3088858196,32931840,
6,wasmedge,matmul_fma,True,48907,73,963000.0,26202000.0,26617000.0,29131000.0,1934150000.0,0.0,,1.0,1.54,4669334406,3040310285,33112064,
6,wasmedge,convolution,True,8190685,48,924000.0,39903000.0,40548000.0,44333000.0,1928760000.0,0.0,,1.0,1.81,5482183302,3031666453,33406976,
6,wasmedge,audio_dsp,True,761667740,1,882000.0,11765975000.0,11765975000.0,11765975000.0,11668690000.0,0.0,,1.0,1.38,25377196899,18342812936,33669120,
6,wasmedge,bulk_memory,True,8698902,14,809000.0,132864000.0,133764999.99999999,134565000.0,1856680000.0,0.0,,1.0,1.56,4544375279,2918647230,33898496,
6,wasmedge,call_indirect,True,-9175573,12,1002000.0,162180000.0,163985000.0,164898000.0,1953860000.0,0.0,,1.0,1.49,4588218509,3071378535,34062336,
6,wasmedge,xmrsplayer,True,-1447255750,12,18598000.0,159231000.0,160134000.0,161056000.0,1911830000.0,0.0,,1.0,1.36,4072905719,3005340088,52396032,
6,wasmedge,graphql_as,True,5,20,16390000.0,85433000.0,97497000.0,110730000.0,1961880000.0,0.0,,1.0,1.38,4252755018,3084015367,52396032,
6,wasmedge,graphql_porf,True,0,25,13691000.0,77366000.0,79943000.0,81627000.0,2019400000.0,0.0,,1.0,1.27,4034667951,3174289137,52396032,
6,wasmedge,vtable_mono,True,-318559695,8,1016000.0,221309000.0,222731000.0,225254000.0,1766960000.0,0.0,,1.0,1.54,4289324728,2778697052,52396032,
6,wasmedge,vtable_bi,True,-208336512,6,1118000.0,310052000.0,310845000.0,311656000.0,1853920000.0,0.0,,1.0,1.53,4465961385,2914276150,52396032,
6,wasmedge,vtable_poly4,True,-126115384,5,1094000.0,336178000.0,337084000.0,340441000.0,1671760000.0,0.0,,1.0,1.45,3821859113,2627965176,52396032,
6,wasmedge,vtable_poly6,True,579248763,5,1181000.0,364845000.0,365419000.0,366896000.0,1806370000.0,0.0,,1.0,1.44,4097783005,2839562557,52396032,
6,wasmedge,factorial.scalar,True,-2102132736,16384,812000.0,19000.0,20000.0,37000.0,345990000.0,0.0,,0.993,1.05,570157487,545501496,52396032,
6,wasmedge,sieve.scalar,True,1229,269,806000.0,6954000.0,7131000.0,8053000.000000001,1927860000.0,0.0,,1.0,1.65,4998386906,3030321596,52396032,
6,wasmedge,crc32.scalar,True,-1910355869,37,768000.0,49649000.0,52333000.0,54001000.0,1914120000.0,0.0,,1.0,1.63,4897775838,3008653036,52396032,
6,wasmedge,convolution.scalar,True,8190685,20,790000.0,95359000.0,97418000.0,99835000.0,1938150000.0,0.0,,1.0,1.8,5486964281,3046711757,52396032,
6,wasmedge,bulk_memory.scalar,True,8698902,14,853000.0,132808000.0,133529000.0,135290000.0,1852760000.0,0.0,,1.0,1.64,4779190318,2912481589,52396032,
6,wasmedge,tailcall_fsm,True,-1841735369,28,1084000.0,68378000.0,69423000.0,72605000.0,1938100000.0,0.0,,1.0,1.53,4674275258,3046345917,52396032,
6,wasmedge,eh_parser_exnref,True,830008030,21,1241000.0,91321000.0,92367000.0,94197000.0,1926720000.0,0.0,,1.0,1.67,5071436786,3028755643,52396032,
6,wasmedge,eh_parser_legacy,False,,,,,,,,,,,,,,,"WasmEdge VMLoadWasmFromBytes: illegal opcode | loading failed: illegal opcode, Code: 0x117 |     Bytecode offset: 0x00000171 |     At AST node: instruction |     At AST node: expression |     At AST node: code segment |     At AST node: code section |     At AST node: module"
6,wasmedge,gc_trees,True,-81253392,6,498000.0,297708000.0,300820000.0,301300000.0,1783240000.0,0.0,,1.0,1.57,4403808747,2803168962,154402816,
6,wasmedge,callref_dispatch,True,-750120562,11,822000.0,167316000.0,170038000.0,173991000.0,1847560000.0,0.0,,1.0,1.57,4564682399,2903969350,154402816,
6,wasmedge,callref_dispatch.indirect,True,-750120562,11,769000.0,163974000.0,166839000.0,168208000.0,1811490000.0,0.0,,1.0,1.56,4428453921,2847328294,154402816,
6,wasmedge,relaxed_dot,True,-551922832,195,978000.0,9709000.0,9894000.0,11129000.0,1925380000.0,0.0,,1.0,1.87,5650655248,3026016331,154402816,
6,wasmedge,relaxed_madd,True,-1435646925,361,957000.0,5441000.0,5529000.0,5954000.0,1992060000.0,0.0,,1.0,1.45,4552850262,3131218034,154402816,
6,wasmedge,mem64_chase,True,433527714,8,18454000.0,238699000.0,242639000.0,245791000.0,1923520000.0,0.0,,1.0,0.95,2886685132,3023564160,214040576,
6,wasmedge,mem64_chase.mem32,True,433527714,9,698000.0,217518000.0,220343000.0,221705000.0,1961840000.0,0.0,,1.0,0.93,2853346003,3083914899,214237184,
6,wasmedge,multimem_transform,True,902712413,26,826000.0,71822000.0,74370000.0,87638000.0,1902840000.0,0.0,,1.0,1.55,4638736350,2991204805,214237184,
6,wasmedge,multimem_transform.single,True,902712413,27,725000.0,71978000.0,74480000.0,76533000.0,1993660000.0,0.0,,1.0,1.55,4860115594,3133712621,214237184,
6,wasmedge,extconst_init,True,-1152068691,101,21417000.0,19023000.0,19436000.0,21931000.0,2000370000.0,0.0,,1.0,1.15,3612198546,3144496408,214237184,
6,wasmedge,extconst_init.mvp,True,-1152068691,110,10011000.0,17714000.0,18147000.0,20133000.0,2037130000.0,0.0,,1.0,1.15,3666504767,3201899198,214237184,
6,wasmedge,sqlite3,False,,,,,,,,,,,,,,,N/A — the harness only has a WASI preview-1 + bench.* import shim for Pulley
7,wasmedge,fib,True,832040,1,2412000.0,1078313000.0,1078313000.0,1078313000.0,1047380000.0000001,0.0,,1.0,1.68,2758670753,1646391690,31014912,
7,wasmedge,fib_tail,True,873876091,245,1090000.0,7976000.0,8129000.0,9758000.0,1961990000.0,0.0,,1.0,1.9,5937411244,3126146136,31670272,
7,wasmedge,factorial,True,-2102132736,16384,870000.0,18000.0,18000.0,36000.0,317000000.0,0.0,,0.993,0.96,479493242,500004364,32014336,
7,wasmedge,sieve,True,1229,269,848000.0,6679000.0,6862000.0,8584000.0,1852840000.0,0.0,,1.0,1.65,4796244485,2912337368,32276480,
7,wasmedge,crc32,True,-1910355869,37,975000.0,50324000.0,51932000.0,61425000.0,1912180000.0,0.0,,1.0,1.62,4881506184,3005579448,32669696,
7,wasmedge,matmul_simd,True,48907,59,975000.0,33189000.0,33455000.0,39143000.0,1965790000.0,0.0,,1.0,1.68,5187109809,3092647960,32980992,
7,wasmedge,matmul_fma,True,48907,74,958000.0,26105000.0,26995000.0,59258000.0,1980550000.0,0.0,,1.0,1.53,4749753463,3113029584,33095680,
7,wasmedge,convolution,True,8190685,46,1002000.0,40105000.0,41026000.0,50278000.0,1855830000.0,0.0,,1.0,1.8,5254090489,2917183807,33423360,
7,wasmedge,audio_dsp,True,761667740,1,912000.0,11754776000.0,11754776000.0,11754776000.0,11658770000.0,0.0,,1.0,1.38,25369643419,18327224399,33685504,
7,wasmedge,bulk_memory,True,8698902,14,844000.0,133276000.00000001,134118000.0,138482000.0,1876380000.0,0.0,,1.0,1.55,4556727919,2933938984,33964032,
7,wasmedge,call_indirect,True,-9175573,12,992000.0,163339000.0,164537000.0,168216000.0,1961770000.0,0.0,,1.0,1.49,4591256963,3083813343,34160640,
7,wasmedge,xmrsplayer,True,-1447255750,12,19042000.0,158917000.0,159358000.0,161101000.0,1893290000.0,0.0,,1.0,1.36,4049978558,2976190755,52428800,
7,wasmedge,graphql_as,True,5,20,16388000.000000002,85572000.0,98687000.0,110793000.0,1961040000.0,0.0,,1.0,1.38,4251226204,3082699245,52428800,
7,wasmedge,graphql_porf,True,0,25,14544000.0,75728000.0,80171000.0,82568000.0,2008650000.0,0.0,,1.0,1.27,4016538470,3157417065,52428800,
7,wasmedge,vtable_mono,True,-318559695,8,1061000.0,222149000.0,223537000.0,229304000.0,1779990000.0,0.0,,1.0,1.54,4303958788,2799123192,52428800,
7,wasmedge,vtable_bi,True,-208336512,6,1160000.0,309438000.0,311426000.0,315690000.0,1847010000.0,0.0,,1.0,1.53,4456534071,2903445559,52428800,
7,wasmedge,vtable_poly4,True,-126115384,5,1110000.0,334867000.0,336332000.0,337760000.0,1669880000.0,0.0,,1.0,1.46,3829570561,2625000023,52428800,
7,wasmedge,vtable_poly6,True,579248763,5,1079000.0,365223000.0,365913000.0,372076000.0,1821150000.0,0.0,,1.0,1.44,4130018793,2862778378,52428800,
7,wasmedge,factorial.scalar,True,-2102132736,16384,781000.0,19000.0,20000.0,35000.0,338750000.0,0.0,,0.993,1.05,561429047,534073508,52428800,
7,wasmedge,sieve.scalar,True,1229,281,962000.0,6957000.0,7127000.0,8026999.999999999,2017800000.0,0.0,,1.0,1.65,5221641156,3171795499,52428800,
7,wasmedge,crc32.scalar,True,-1910355869,37,772000.0,49036000.0,51937000.0,71336000.0,1909400000.0,0.0,,1.0,1.64,4910288717,3001103353,52428800,
7,wasmedge,convolution.scalar,True,8190685,20,754000.0,95918000.0,97340000.0,99482000.0,1934470000.0,0.0,,1.0,1.8,5477262625,3040928046,52428800,
7,wasmedge,bulk_memory.scalar,True,8698902,14,845000.0,133125000.0,133669000.00000001,135931000.0,1858740000.0,0.0,,1.0,1.64,4786220317,2921885691,52428800,
7,wasmedge,tailcall_fsm,True,-1841735369,28,884000.0,67958000.0,69613000.0,72328000.0,1940430000.0,0.0,,1.0,1.53,4681798349,3050191615,52428800,
7,wasmedge,eh_parser_exnref,True,830008030,21,1489000.0,91104000.0,92674000.0,96684000.0,1929740000.0,0.0,,1.0,1.68,5081479347,3033499870,52428800,
7,wasmedge,eh_parser_legacy,False,,,,,,,,,,,,,,,"WasmEdge VMLoadWasmFromBytes: illegal opcode | loading failed: illegal opcode, Code: 0x117 |     Bytecode offset: 0x00000171 |     At AST node: instruction |     At AST node: expression |     At AST node: code segment |     At AST node: code section |     At AST node: module"
7,wasmedge,gc_trees,True,-81253392,6,523000.0,296365000.0,297316000.0,302674000.0,1766970000.0,0.0,,1.0,1.58,4391044834,2777626088,154550272,
7,wasmedge,callref_dispatch,True,-750120562,11,643000.0,165938000.0,169784000.0,171900000.0,1844770000.0,0.0,,1.0,1.58,4571076575,2899698608,154550272,
7,wasmedge,callref_dispatch.indirect,True,-750120562,12,713000.0,164181000.0,166131000.0,167523000.0,1971390000.0,0.0,,1.0,1.56,4842713471,3098637705,154550272,
7,wasmedge,relaxed_dot,True,-551922832,198,934000.0,9709000.0,9893000.0,10596000.0,1952790000.0,0.0,,1.0,1.87,5728513728,3069380039,154550272,
7,wasmedge,relaxed_madd,True,-1435646925,362,937000.0,5426000.0,5503000.0,6844000.0,2009540000.0,0.0,,1.0,1.45,4593905409,3158799799,154550272,
7,wasmedge,mem64_chase,True,433527714,8,19059000.0,235730000.0,242491000.0,244491000.0,1906980000.0,0.0,,1.0,0.96,2885950109,2997575297,214171648,
7,wasmedge,mem64_chase.mem32,True,433527714,9,587000.0,215353000.0,219520000.0,220807000.0,1958000000.0,0.0,,1.0,0.93,2856621995,3077918880,214368256,
7,wasmedge,multimem_transform,True,902712413,26,751000.0,71340000.0,73811000.0,75642000.0,1904120000.0,0.0,,1.0,1.56,4666568283,2993218324,214368256,
7,wasmedge,multimem_transform.single,True,902712413,27,685000.0,72346000.0,74122000.0,77487000.0,1981600000.0,0.0,,1.0,1.55,4833387860,3114841830,214368256,
7,wasmedge,extconst_init,True,-1152068691,101,21622000.0,18928000.0,19277000.0,20206000.0,1985050000.0,0.0,,1.0,1.15,3602534737,3120434214,214368256,
7,wasmedge,extconst_init.mvp,True,-1152068691,109,8169000.000000001,17735000.0,18066000.0,19786000.0,2012440000.0,0.0,,1.0,1.15,3625811966,3163178848,214368256,
7,wasmedge,sqlite3,False,,,,,,,,,,,,,,,N/A — the harness only has a WASI preview-1 + bench.* import shim for Pulley
8,wasmedge,fib,True,832040,1,2398000.0,1058232000.0,1058232000.0,1058232000.0,1047079999.9999999,0.0,,1.0,1.68,2761622057,1645931299,30998528,
8,wasmedge,fib_tail,True,873876091,222,839000.0,7959000.0,8090999.999999999,8623000.0,1793360000.0,0.0,,1.0,1.9,5366041709,2819112028,31670272,
8,wasmedge,factorial,True,-2102132736,16384,865000.0,18000.0,18000.0,36000.0,318220000.0,0.0,,0.992,0.97,484996084,501814368,31997952,
8,wasmedge,sieve,True,1229,284,846000.0,6680000.0,6835000.0,7785000.0,1931020000.0,0.0,,1.0,1.66,5049985774,3049847501,32292864,
8,wasmedge,crc32,True,-1910355869,37,794000.0,49999000.0,52419000.0,54458000.0,1910450000.0,0.0,,1.0,1.62,4857050555,3002701058,32604160,
8,wasmedge,matmul_simd,True,48907,58,1268000.0,33208000.0,33518000.0,35286000.0,1934880000.0,0.0,,1.0,1.68,5097635152,3042248556,32964608,
8,wasmedge,matmul_fma,True,48907,73,1067000.0,26282000.0,26731000.0,28275000.0,1944540000.0,0.0,,1.0,1.53,4673444097,3056489017,33128448,
8,wasmedge,convolution,True,8190685,48,943000.0,40072000.0,40546000.0,41527000.0,1933760000.0,0.0,,1.0,1.81,5495392623,3039549478,33439744,
8,wasmedge,audio_dsp,True,761667740,1,942000.0,11789668000.0,11789668000.0,11789668000.0,11686640000.0,0.0,,1.0,1.38,25374897553,18370992533,33718272,
8,wasmedge,bulk_memory,True,8698902,14,835000.0,133163000.00000001,134591000.0,135968000.0,1865100000.0,0.0,,1.0,1.55,4558666297,2931882023,33964032,
8,wasmedge,call_indirect,True,-9175573,12,1174000.0,163468000.0,164869000.0,169331000.0,1955690000.0,0.0,,1.0,1.49,4579722624,3074294509,34095104,
8,wasmedge,xmrsplayer,True,-1447255750,12,19090000.0,160059000.0,161595000.0,164438000.0,1921960000.0,0.0,,1.0,1.35,4073527085,3021227510,52445184,
8,wasmedge,graphql_as,True,5,20,15983000.0,85044000.0,97568000.0,110283000.0,1959210000.0,0.0,,1.0,1.38,4249289834,3079860220,52445184,
8,wasmedge,graphql_porf,True,0,24,14120000.0,77335000.0,80151000.0,81521000.0,1948010000.0,0.0,,1.0,1.27,3877296193,3061847151,52445184,
8,wasmedge,vtable_mono,True,-318559695,8,1006999.9999999999,221914000.0,223579000.0,225163000.0,1757920000.0,0.0,,1.0,1.54,4279492644,2774613035,52445184,
8,wasmedge,vtable_bi,True,-208336512,6,1082000.0,310342000.0,310555000.0,311057000.0,1852710000.0,0.0,,1.0,1.53,4469801437,2912380435,52445184,
8,wasmedge,vtable_poly4,True,-126115384,5,1086000.0,336026000.0,336606000.0,338555000.0,1674950000.0,0.0,,1.0,1.45,3825041155,2632974334,52445184,
8,wasmedge,vtable_poly6,True,579248763,5,1066000.0,364686000.0,366970000.0,368537000.0,1808170000.0,0.0,,1.0,1.44,4101927522,2842390606,52445184,
8,wasmedge,factorial.scalar,True,-2102132736,16384,803000.0,19000.0,20000.0,37000.0,342910000.0,0.0,,0.993,1.04,562562533,540702578,52445184,
8,wasmedge,sieve.scalar,True,1229,282,996000.0,6951000.0,7118000.0,8696000.0,2016250000.0,0.0,,1.0,1.65,5244957377,3169227342,52445184,
8,wasmedge,crc32.scalar,True,-1910355869,38,662000.0,50170000.0,52208000.0,54518000.0,1967310000.0,0.0,,1.0,1.63,5051994106,3092336984,52445184,
8,wasmedge,convolution.scalar,True,8190685,20,760000.0,96005000.0,97349000.0,99260000.0,1936710000.0,0.0,,1.0,1.8,5473152196,3044427972,52445184,
8,wasmedge,bulk_memory.scalar,True,8698902,14,863000.0,132806999.99999999,133744000.0,136015000.0,1856680000.0,0.0,,1.0,1.64,4785138581,2918658301,52445184,
8,wasmedge,tailcall_fsm,True,-1841735369,27,899000.0,68022000.0,69635000.0,71545000.0,1864130000.0,0.0,,1.0,1.54,4507636714,2930069539,52445184,
8,wasmedge,eh_parser_exnref,True,830008030,21,1433000.0,92044000.0,92712000.0,94831000.0,1931330000.0,0.0,,1.0,1.67,5060503410,3035972205,52445184,
8,wasmedge,eh_parser_legacy,False,,,,,,,,,,,,,,,"WasmEdge VMLoadWasmFromBytes: illegal opcode | loading failed: illegal opcode, Code: 0x117 |     Bytecode offset: 0x00000171 |     At AST node: instruction |     At AST node: expression |     At AST node: code segment |     At AST node: code section |     At AST node: module"
8,wasmedge,gc_trees,True,-81253392,6,487000.0,298162000.0,300589000.0,302398000.0,1780060000.0,0.0,,1.0,1.57,4394433000,2798199163,154402816,
8,wasmedge,callref_dispatch,True,-750120562,11,663000.0,168280000.0,170547000.0,176278000.0,1863550000.0,0.0,,1.0,1.56,4583446661,2929329035,154402816,
8,wasmedge,callref_dispatch.indirect,True,-750120562,11,746000.0,165249000.0,166934000.0,168457000.0,1822230000.0,0.0,,1.0,1.55,4440728488,2864228590,154402816,
8,wasmedge,relaxed_dot,True,-551922832,199,933000.0,9715000.0,9888000.0,10945000.0,1956310000.0,0.0,,1.0,1.87,5743042404,3074914436,154402816,
8,wasmedge,relaxed_madd,True,-1435646925,350,939000.0,5437000.0,5520000.0,6507000.0,1936530000.0,0.0,,1.0,1.45,4419942758,3043842778,154402816,
8,wasmedge,mem64_chase,True,433527714,8,19804000.0,235902000.0,244109000.0,249647000.0,1907330000.0,0.0,,1.0,0.96,2880666407,2998091483,214089728,
8,wasmedge,mem64_chase.mem32,True,433527714,9,627000.0,215082000.0,217248000.0,223831000.0,1944620000.0,0.0,,1.0,0.93,2848073847,3056894025,214286336,
8,wasmedge,multimem_transform,True,902712413,27,774000.0,71189000.0,73809000.0,76244000.0,1971850000.0,0.0,,1.0,1.56,4823034863,3099691189,214286336,
8,wasmedge,multimem_transform.single,True,902712413,26,679000.0,71480000.0,73397000.0,75911000.0,1896680000.0,0.0,,1.0,1.56,4663347163,2981242533,214286336,
8,wasmedge,extconst_init,True,-1152068691,101,21614000.0,18865000.0,19356000.0,21633000.0,1994350000.0,0.0,,1.0,1.15,3609569797,3135054357,214286336,
8,wasmedge,extconst_init.mvp,True,-1152068691,102,9304000.0,17810000.0,18114000.0,19194000.0,1878650000.0,0.0,,1.0,1.15,3385172330,2952955935,214286336,
8,wasmedge,sqlite3,False,,,,,,,,,,,,,,,N/A — the harness only has a WASI preview-1 + bench.* import shim for Pulley
9,wasmedge,fib,True,832040,1,2411000.0,1064069000.0,1064069000.0,1064069000.0,1046329999.9999999,0.0,,1.0,1.68,2760076599,1644728676,31014912,
9,wasmedge,fib_tail,True,873876091,230,817000.0,7943000.0,8137000.0,8846000.0,1853670000.0,0.0,,1.0,1.9,5563637909,2927349932,31686656,
9,wasmedge,factorial,True,-2102132736,16384,882000.0,18000.0,18000.0,35000.0,319510000.0,0.0,,0.992,0.97,489417117,503977586,32014336,
9,wasmedge,sieve,True,1229,287,1190000.0,6692000.0,6840000.0,7557000.0,1966410000.0,0.0,,1.0,1.65,5110491390,3090884592,32276480,
9,wasmedge,crc32,True,-1910355869,38,835000.0,49738000.0,52235000.0,55231000.0,1958090000.0,0.0,,1.0,1.62,4987253321,3077764237,32669696,
9,wasmedge,matmul_simd,True,48907,58,983000.0,33201000.0,33500999.999999996,40096000.0,1926660000.0,0.0,,1.0,1.68,5093968808,3040859292,32964608,
9,wasmedge,matmul_fma,True,48907,72,960000.0,26168000.0,26731000.0,28142000.0,1918280000.0,0.0,,1.0,1.53,4599831451,3015157053,33128448,
9,wasmedge,convolution,True,8190685,48,849000.0,39874000.0,40535000.0,42154000.0,1935490000.0,0.0,,1.0,1.81,5507310514,3042224422,33439744,
9,wasmedge,audio_dsp,True,761667740,1,863000.0,11771235000.0,11771235000.0,11771235000.0,11669570000.0,0.0,,1.0,1.38,25382597625,18344191599,33718272,
9,wasmedge,bulk_memory,True,8698902,14,1078000.0,134098999.99999999,134923000.0,137844000.0,1875770000.0,0.0,,1.0,1.55,4577193342,2948615602,33996800,
9,wasmedge,call_indirect,True,-9175573,11,1038999.9999999999,163385000.0,164558000.0,167900000.0,1792950000.0,0.0,,1.0,1.49,4195981170,2818466407,34144256,
9,wasmedge,xmrsplayer,True,-1447255750,12,20769000.0,160454000.0,162120000.0,166168000.0,1921640000.0,0.0,,1.0,1.34,4060875288,3020775386,52445184,
9,wasmedge,graphql_as,True,5,19,16314000.0,85741000.0,97001000.0,115410000.0,1865440000.0,0.0,,1.0,1.38,4052576040,2932396837,52445184,
9,wasmedge,graphql_porf,True,0,24,13414000.0,77076000.0,80203000.0,81299000.0,1933390000.0,0.0,,1.0,1.27,3864237138,3039035690,52445184,
9,wasmedge,vtable_mono,True,-318559695,8,1056000.0,222071000.0,223755000.0,230744000.0,1770620000.0,0.0,,1.0,1.54,4291569963,2785396754,52445184,
9,wasmedge,vtable_bi,True,-208336512,6,1203000.0,309646000.0,311982000.0,314647000.0,1861450000.0,0.0,,1.0,1.53,4478170999,2926147022,52445184,
9,wasmedge,vtable_poly4,True,-126115384,5,1517000.0,335771000.0,337372000.0,342111000.0,1677360000.0,0.0,,1.0,1.46,3841382998,2636758111,52445184,
9,wasmedge,vtable_poly6,True,579248763,5,1425000.0,367152000.0,368050000.0,371961000.0,1830980000.0,0.0,,1.0,1.43,4126521001,2878255079,52445184,
9,wasmedge,factorial.scalar,True,-2102132736,16384,851000.0,19000.0,20000.0,36000.0,345450000.0,0.0,,0.993,1.03,560691789,544630925,52445184,
9,wasmedge,sieve.scalar,True,1229,276,837000.0,6942000.0,7070000.0,8490000.0,1959050000.0,0.0,,1.0,1.66,5125388734,3079509517,52445184,
9,wasmedge,crc32.scalar,True,-1910355869,39,805000.0,50577000.0,52612000.0,54346000.0,2024720000.0,0.0,,1.0,1.62,5166802909,3182490012,52445184,
9,wasmedge,convolution.scalar,True,8190685,20,777000.0,95215000.0,97057000.0,99838000.0,1926610000.0,0.0,,1.0,1.8,5464421367,3028579882,52445184,
9,wasmedge,bulk_memory.scalar,True,8698902,14,898000.0,133024000.0,133711999.99999999,134972000.0,1862140000.0,0.0,,1.0,1.64,4801900363,2927238308,52445184,
9,wasmedge,tailcall_fsm,True,-1841735369,28,950000.0,68218000.0,69616000.0,73130000.0,1932350000.0,0.0,,1.0,1.53,4659431491,3037418981,52445184,
9,wasmedge,eh_parser_exnref,True,830008030,21,1210000.0,91087000.0,91895000.0,93564000.0,1920360000.0,0.0,,1.0,1.68,5078147876,3018750102,52445184,
9,wasmedge,eh_parser_legacy,False,,,,,,,,,,,,,,,"WasmEdge VMLoadWasmFromBytes: illegal opcode | loading failed: illegal opcode, Code: 0x117 |     Bytecode offset: 0x00000171 |     At AST node: instruction |     At AST node: expression |     At AST node: code segment |     At AST node: code section |     At AST node: module"
9,wasmedge,gc_trees,True,-81253392,6,529000.0,297038000.0,298017000.0,301899000.0,1775740000.0,0.0,,1.0,1.58,4402756658,2791422045,154468352,
9,wasmedge,callref_dispatch,True,-750120562,11,822000.0,169111000.0,170048000.0,172371000.0,1857070000.0,0.0,,1.0,1.57,4577075123,2919009603,154468352,
9,wasmedge,callref_dispatch.indirect,True,-750120562,11,960000.0,163765000.0,166932000.0,168565000.0,1810940000.0,0.0,,1.0,1.56,4432746220,2846412553,154468352,
9,wasmedge,relaxed_dot,True,-551922832,201,1068000.0,9707000.0,9928000.0,11153000.0,1983500000.0,0.0,,1.0,1.87,5814700984,3117783944,154468352,
9,wasmedge,relaxed_madd,True,-1435646925,351,908000.0,5431000.0,5511000.0,6189000.0,1933570000.0,0.0,,1.0,1.45,4418533419,3039256624,154468352,
9,wasmedge,mem64_chase,True,433527714,8,19681000.0,238149000.0,240801000.0,246696000.0,1899620000.0,0.0,,1.0,0.96,2868313991,2986147904,214237184,
9,wasmedge,mem64_chase.mem32,True,433527714,9,723000.0,216085000.0,218504000.0,221434000.0,1941050000.0,0.0,,1.0,0.93,2848400139,3051272905,214466560,
9,wasmedge,multimem_transform,True,902712413,26,635000.0,70298000.0,74472000.0,77267000.0,1917720000.0,0.0,,1.0,1.55,4666834239,3014282282,214466560,
9,wasmedge,multimem_transform.single,True,902712413,27,674000.0,72273000.0,74491000.0,76656000.0,1997230000.0,0.0,,1.0,1.54,4844169901,3139364830,214466560,
9,wasmedge,extconst_init,True,-1152068691,102,21031000.0,18888000.0,19344000.0,20189000.0,2011210000.0,0.0,,1.0,1.15,3648603959,3161241373,214466560,
9,wasmedge,extconst_init.mvp,True,-1152068691,109,8300000.000000001,17760000.0,18120000.0,19582000.0,2021500000.0,0.0,,1.0,1.14,3637873170,3177475946,214466560,
9,wasmedge,sqlite3,False,,,,,,,,,,,,,,,N/A — the harness only has a WASI preview-1 + bench.* import shim for Pulley
1,wasmz,fib,True,832040,13,1188000.0,142641000.0,144114000.0,154274000.0,1854810000.0,0.0,,0.995,1.5,4395030720,2921886954,31211520,
1,wasmz,fib_tail,True,873876091,2346,812000.0,847000.0,862000.0,1200000.0,2047780000.0,0.0,,0.998,1.3,4183378836,3222451555,32096256,
1,wasmz,factorial,True,-2102132736,16384,670000.0,12000.0,13000.0,31000.0,256100000.00000003,0.0,,0.991,0.64,260068094,404406705,32473088,
1,wasmz,sieve,False,,,,,,,,,,,,,,,N/A — not run: wasmz v0.1.4 segfaults on this module's v128 ops (the scalar build runs)
1,wasmz,crc32,False,,,,,,,,,,,,,,,N/A — not run: wasmz v0.1.4 segfaults on this module's v128 ops (the scalar build runs)
1,wasmz,matmul_simd,True,48907,253,694000.0,7642000.0,7793000.0,8278000.000000001,1939100000.0,0.0,,0.999,1.76,5422617720,3084520216,33832960,
1,wasmz,matmul_fma,True,48907,370,684000.0,5117000.0,5213000.0,6178000.0,1926350000.0,0.0,,1.0,2.05,6208989260,3028156262,33849344,
1,wasmz,convolution,True,8190685,148,691000.0,12911000.0,13264000.0,14467000.0,1948600000.0,0.0,,1.0,1.95,5971796972,3062891435,34095104,
1,wasmz,audio_dsp,True,761667740,1,639000.0,1430813000.0,1430813000.0,1430813000.0,1418490000.0,0.0,,1.0,1.69,3771134712,2229819313,34340864,
1,wasmz,bulk_memory,True,8698902,125,756000.0,15183000.0,15548000.0,16958000.0,1928390000.0,0.0,,1.0,1.59,4813747675,3031239165,34816000,
1,wasmz,call_indirect,True,-9175573,43,1442000.0,45770000.0,46248000.0,47714000.0,1976510000.0,0.0,,1.0,1.25,3886929130,3107003355,35749888,
1,wasmz,xmrsplayer,True,1580867102,94,4844000.0,19475000.0,19961000.0,21870000.0,1866950000.0,0.0,,1.0,1.2,3531501931,2934493080,54984704,
1,wasmz,graphql_as,False,,,,,,,,,,,,,,,wasmz init-warmup failed: wasmz_instance_call trap: trap: wasm `unreachable` instruction executed
1,wasmz,graphql_porf,False,,,,,,,,,,,,,,,init warmup failed: wasmz m() trap: multi-value results are not supported by the C API (results_len = 2)
1,wasmz,vtable_mono,True,-318559695,23,1708000.0,83370000.0,85148000.0,87044000.0,1941820000.0,0.0,,1.0,1.21,3691505243,3052172253,54984704,
1,wasmz,vtable_bi,True,-208336512,21,1912000.0,90834000.0,91330000.0,92897000.0,1909720000.0,0.0,,1.0,1.21,3636661374,3001768756,54984704,
1,wasmz,vtable_poly4,True,-126115384,20,1576000.0,93535000.0,94863000.0,98792000.0,1884680000.0,0.0,,1.0,1.22,3613373712,2962293118,54984704,
1,wasmz,vtable_poly6,True,579248763,20,1685000.0,98639000.0,99828000.0,101812000.0,1983260000.0,0.0,,1.0,1.19,3713953915,3117486249,54984704,
1,wasmz,factorial.scalar,True,-2102132736,16384,637000.0,11000.0,13000.0,30000.0,229370000.0,0.0,,0.99,0.69,251528986,362222923,54984704,
1,wasmz,sieve.scalar,True,1229,2264,699000.0,845000.0,883000.0,1177000.0,2005520000.0,0.0,,1.0,1.58,4984944978,3152412568,54984704,
1,wasmz,crc32.scalar,True,-1910355869,278,629000.0,6725000.0,7005000.0,7541000.0,1943000000.0,0.0,,1.0,1.75,5341250728,3054033376,54984704,
1,wasmz,convolution.scalar,True,8190685,97,674000.0,19793000.0,20041000.0,21621000.0,1933400000.0,0.0,,1.0,1.69,5139240387,3039207129,54984704,
1,wasmz,bulk_memory.scalar,True,8698902,130,757000.0,14760000.0,15053000.0,15946000.0,1943250000.0,0.0,,1.0,1.52,4629178800,3054727674,54984704,
1,wasmz,tailcall_fsm,True,-1841735369,301,1002999.9999999999,6225000.0,6447000.0,7610000.0,1933570000.0,0.0,,1.0,1.45,4400931625,3039214984,54984704,
1,wasmz,eh_parser_exnref,True,830008030,87,641000.0,22272000.0,22948000.0,25834000.0,1990160000.0,0.0,,1.0,1.17,3674114090,3128428464,54984704,
1,wasmz,eh_parser_legacy,True,830008030,80,590000.0,23285000.0,23817000.0,26698000.0,1902710000.0,0.0,,1.0,1.16,3461194940,2991005219,54984704,
1,wasmz,gc_trees,True,-81253392,25,421000.0,72838000.0,73883000.0,109731000.0,1920250000.0,0.0,,1.0,1.37,4147147474,3018297795,194854912,
1,wasmz,callref_dispatch,False,,,,,,,,,,,,,,,wasmz init-warmup failed: wasmz_instance_call trap: trap: null reference dereference
1,wasmz,callref_dispatch.indirect,True,-750120562,43,662000.0,45256000.0,45612000.0,48771000.0,1956090000.0,0.0,,1.0,1.17,3600273883,3074674178,194854912,
1,wasmz,relaxed_dot,True,-551922832,384,764000.0,5102000.0,5208000.0,5781000.0,2001630000.0,0.0,,1.0,1.86,5839948302,3146144358,194854912,
1,wasmz,relaxed_madd,True,-1435646925,1735,764000.0,986000.0,1006000.0,1281000.0,1763180000.0,0.0,,1.0,1.88,5208681074,2771264992,194854912,
1,wasmz,mem64_chase,True,433527714,33,18128000.0,56780000.0,58679000.0,60758000.0,1913730000.0,0.0,,1.0,0.33,997852358,3008084271,194854912,
1,wasmz,mem64_chase.mem32,True,433527714,34,17749000.0,55672000.0,58663000.0,59499000.0,1965080000.0,0.0,,1.0,0.33,1027198818,3088333482,194854912,
1,wasmz,multimem_transform,False,,,,,,,,,,,,,,,wasmz_module_new failed: module compilation failed: MultipleMemories
1,wasmz,multimem_transform.single,True,902712413,285,438000.0,6794000.0,6931000.0,7578000.0,1978910000.0,0.0,,1.0,1.66,5157587034,3110513395,194854912,
1,wasmz,extconst_init,False,,,,,,,,,,,,,,,"wrong result: got -1669113347, expected -1152068691 (cross-runtime consensus)"
1,wasmz,extconst_init.mvp,False,,,,,,,,,,,,,,,"wrong result: got 1844351884, expected -1152068691 (cross-runtime consensus)"
1,wasmz,sqlite3,False,,,,,,,,,,,,,,,N/A — the harness only has a WASI preview-1 + bench.* import shim for Pulley
10,wasmz,fib,True,832040,13,1399000.0,142154000.0,143919000.0,153276000.0,1852400000.0,0.0,,0.996,1.5,4373225688,2907548075,31260672,
10,wasmz,fib_tail,True,873876091,2351,784000.0,847000.0,863000.0,1198000.0,2057550000.0000002,0.0,,0.998,1.3,4199510047,3237702680,32112640,
10,wasmz,factorial,True,-2102132736,16384,663000.0,12000.0,13000.0,32000.0,260970000.00000003,0.0,,0.991,0.63,261279393,411969212,32489472,
10,wasmz,sieve,False,,,,,,,,,,,,,,,N/A — not run: wasmz v0.1.4 segfaults on this module's v128 ops (the scalar build runs)
10,wasmz,crc32,False,,,,,,,,,,,,,,,N/A — not run: wasmz v0.1.4 segfaults on this module's v128 ops (the scalar build runs)
10,wasmz,matmul_simd,True,48907,254,619000.0,7648000.0,7803000.0,9144000.0,1939360000.0,0.0,,1.0,1.76,5467772510,3109337135,33849344,
10,wasmz,matmul_fma,True,48907,372,652000.0,5125000.0,5212000.0,5772000.0,1935300000.0,0.0,,1.0,2.05,6247454656,3042147525,33849344,
10,wasmz,convolution,True,8190685,148,781000.0,12940000.0,13243000.0,13948000.0,1945640000.0,0.0,,1.0,1.95,5965366642,3061032032,34111488,
10,wasmz,audio_dsp,True,761667740,1,858000.0,1407194000.0,1407194000.0,1407194000.0,1391350000.0,0.0,,1.0,1.71,3744504711,2187153214,34340864,
10,wasmz,bulk_memory,True,8698902,128,758000.0,15201000.0,15511000.0,16358000.0,1971580000.0,0.0,,1.0,1.59,4923169583,3098847326,34816000,
10,wasmz,call_indirect,True,-9175573,43,1325000.0,45581000.0,46171000.0,47430000.0,1976950000.0,0.0,,1.0,1.25,3891687073,3107696197,35700736,
10,wasmz,xmrsplayer,True,1765170662,100,5030000.0,19564000.0,20157000.0,23574000.0,1996330000.0,0.0,,1.0,1.19,3739602562,3138048828,54935552,
10,wasmz,graphql_as,False,,,,,,,,,,,,,,,wasmz init-warmup failed: wasmz_instance_call trap: trap: wasm `unreachable` instruction executed
10,wasmz,graphql_porf,False,,,,,,,,,,,,,,,init warmup failed: wasmz m() trap: multi-value results are not supported by the C API (results_len = 2)
10,wasmz,vtable_mono,True,-318559695,23,1897000.0,83535000.0,85100000.0,86212000.0,1939410000.0,0.0,,1.0,1.21,3699301517,3048433140,54935552,
10,wasmz,vtable_bi,True,-208336512,22,1727000.0,89339000.0,90825000.0,92811000.0,1990280000.0,0.0,,1.0,1.22,3813938129,3128414944,54935552,
10,wasmz,vtable_poly4,True,-126115384,21,1734000.0,92363000.0,93613000.0,94996000.0,1952340000.0,0.0,,1.0,1.24,3798556269,3068798333,54935552,
10,wasmz,vtable_poly6,True,579248763,20,1594000.0,97334000.0,98468000.0,99886000.0,1960710000.0,0.0,,1.0,1.21,3719935020,3081931399,54935552,
10,wasmz,factorial.scalar,True,-2102132736,16384,657000.0,12000.0,13000.0,29000.0,221160000.0,0.0,,0.99,0.71,248781555,349290379,54935552,
10,wasmz,sieve.scalar,True,1229,2344,725000.0,845000.0,883000.0,1133000.0,2084090000.0000002,0.0,,1.0,1.58,5165454652,3275620121,54935552,
10,wasmz,crc32.scalar,True,-1910355869,287,681000.0,6724000.0,7007000.0,7535000.0,1998010000.0,0.0,,1.0,1.75,5497141026,3140424658,54935552,
10,wasmz,convolution.scalar,True,8190685,98,672000.0,19568000.0,20045000.0,23355000.0,1955470000.0,0.0,,1.0,1.69,5200287663,3073925560,54935552,
10,wasmz,bulk_memory.scalar,True,8698902,105,765000.0,14759000.0,15055000.0,15930000.0,1572580000.0,0.0,,1.0,1.52,3745961470,2472040624,54935552,
10,wasmz,tailcall_fsm,True,-1841735369,313,907000.0,6149000.0,6444000.0,7427000.0,2015190000.0,0.0,,1.0,1.45,4587924494,3167547829,54935552,
10,wasmz,eh_parser_exnref,True,830008030,78,621000.0,22284000.0,22791000.0,27444000.0,1777670000.0,0.0,,1.0,1.18,3286769373,2794433764,54935552,
10,wasmz,eh_parser_legacy,True,830008030,78,653000.0,23248000.0,23869000.0,25992000.0,1856030000.0,0.0,,1.0,1.16,3370832657,2917591311,54935552,
10,wasmz,gc_trees,True,-81253392,25,457000.0,72296000.0,73629000.0,109475000.0,1917290000.0,0.0,,1.0,1.37,4137369823,3013678133,194854912,
10,wasmz,callref_dispatch,False,,,,,,,,,,,,,,,wasmz init-warmup failed: wasmz_instance_call trap: trap: null reference dereference
10,wasmz,callref_dispatch.indirect,True,-750120562,43,648000.0,44987000.0,45661000.0,47680000.0,1951250000.0,0.0,,1.0,1.17,3592924949,3066993145,194854912,
10,wasmz,relaxed_dot,True,-551922832,356,731000.0,5100000.0,5212000.0,6162000.0,1860590000.0,0.0,,1.0,1.85,5416425693,2924544586,194854912,
10,wasmz,relaxed_madd,True,-1435646925,2003,765000.0,988000.0,1006000.0,1261000.0,2047520000.0,0.0,,1.0,1.87,6034018036,3218319960,194854912,
10,wasmz,mem64_chase,True,433527714,34,18073000.0,56779000.0,58845000.0,59923000.0,1982080000.0,0.0,,1.0,0.33,1031885023,3115631418,194854912,
10,wasmz,mem64_chase.mem32,True,433527714,33,18386000.0,56990000.0,58826000.0,60398000.0,1919160000.0,0.0,,1.0,0.33,999115981,3016661366,194854912,
10,wasmz,multimem_transform,False,,,,,,,,,,,,,,,wasmz_module_new failed: module compilation failed: MultipleMemories
10,wasmz,multimem_transform.single,True,902712413,279,465000.0,6808000.0,6945000.0,8270000.0,1936860000.0,0.0,,1.0,1.65,5036957668,3044350466,194854912,
10,wasmz,extconst_init,False,,,,,,,,,,,,,,,"wrong result: got -1669113347, expected -1152068691 (cross-runtime consensus)"
10,wasmz,extconst_init.mvp,False,,,,,,,,,,,,,,,"wrong result: got 1844351884, expected -1152068691 (cross-runtime consensus)"
10,wasmz,sqlite3,False,,,,,,,,,,,,,,,N/A — the harness only has a WASI preview-1 + bench.* import shim for Pulley
2,wasmz,fib,True,832040,13,1210000.0,142569000.0,144183000.0,154743000.0,1848420000.0,0.0,,0.995,1.5,4379921658,2910928330,31244288,
2,wasmz,fib_tail,True,873876091,2251,1300000.0,847000.0,862000.0,1302000.0,1960740000.0,0.0,,0.998,1.3,4002817895,3085693690,32112640,
2,wasmz,factorial,True,-2102132736,16384,670000.0,12000.0,13000.0,31000.0,248780000.0,0.0,,0.99,0.66,258679272,392975397,32473088,
2,wasmz,sieve,False,,,,,,,,,,,,,,,N/A — not run: wasmz v0.1.4 segfaults on this module's v128 ops (the scalar build runs)
2,wasmz,crc32,False,,,,,,,,,,,,,,,N/A — not run: wasmz v0.1.4 segfaults on this module's v128 ops (the scalar build runs)
2,wasmz,matmul_simd,True,48907,246,659000.0,7642000.0,7786000.0,8704000.0,1881500000.0,0.0,,1.0,1.76,5289476220,3006754670,33849344,
2,wasmz,matmul_fma,True,48907,386,683000.0,5123000.0,5228000.0,5925000.0,2015050000.0,0.0,,1.0,2.05,6499738648,3167523977,33849344,
2,wasmz,convolution,True,8190685,152,710000.0,12869000.0,13232000.0,14145000.0,2007800000.0,0.0,,1.0,1.95,6132756809,3144395919,34127872,
2,wasmz,audio_dsp,True,761667740,1,633000.0,1415530000.0,1415530000.0,1415530000.0,1401850000.0,0.0,,1.0,1.71,3767363676,2203671350,34373632,
2,wasmz,bulk_memory,True,8698902,123,793000.0,15230000.0,15497000.0,18096000.0,1894560000.0,0.0,,1.0,1.59,4735498630,2977894675,34816000,
2,wasmz,call_indirect,True,-9175573,43,1337000.0,45644000.0,46279000.0,47509000.0,1976040000.0,0.0,,1.0,1.25,3888166448,3106238809,35749888,
2,wasmz,xmrsplayer,True,1765170662,100,4989000.0,19529000.0,20168000.0,23621000.0,1999290000.0,0.0,,1.0,1.19,3743943467,3142616041,55001088,
2,wasmz,graphql_as,False,,,,,,,,,,,,,,,wasmz init-warmup failed: wasmz_instance_call trap: trap: wasm `unreachable` instruction executed
2,wasmz,graphql_porf,False,,,,,,,,,,,,,,,init warmup failed: wasmz m() trap: multi-value results are not supported by the C API (results_len = 2)
2,wasmz,vtable_mono,True,-318559695,23,1567000.0,82997000.0,84462000.0,85991000.0,1926260000.0,0.0,,1.0,1.22,3689635928,3027613458,55001088,
2,wasmz,vtable_bi,True,-208336512,21,1627000.0,89717000.0,91176000.0,92713000.0,1894750000.0,0.0,,1.0,1.22,3619716090,2978185216,55001088,
2,wasmz,vtable_poly4,True,-126115384,21,1635000.0,92365000.0,93459000.0,96077000.0,1951100000.0,0.0,,1.0,1.24,3795749341,3066818971,55001088,
2,wasmz,vtable_poly6,True,579248763,20,1961000.0,97407000.0,98477000.0,100726000.0,1960720000.0,0.0,,1.0,1.2,3712597297,3081897339,55001088,
2,wasmz,factorial.scalar,True,-2102132736,16384,642000.0,12000.0,13000.0,29000.0,226900000.0,0.0,,0.99,0.71,255921106,358250441,55001088,
2,wasmz,sieve.scalar,True,1229,2336,651000.0,845000.0,883000.0,1125000.0,2081300000.0000002,0.0,,1.0,1.58,5155448172,3271553825,55001088,
2,wasmz,crc32.scalar,True,-1910355869,286,660000.0,6740000.0,6970000.0,7653000.0,1982690000.0,0.0,,1.0,1.76,5473483406,3116450426,55001088,
2,wasmz,convolution.scalar,True,8190685,99,640000.0,19742000.0,19981000.0,21947000.0,1975010000.0,0.0,,1.0,1.69,5258787302,3104613551,55001088,
2,wasmz,bulk_memory.scalar,True,8698902,132,771000.0,14730000.0,15018000.0,15742000.0,1969640000.0,0.0,,1.0,1.52,4698618222,3096199757,55001088,
2,wasmz,tailcall_fsm,True,-1841735369,303,805000.0,6089000.0,6460000.0,7544000.0,1957830000.0,0.0,,1.0,1.44,4444746371,3077357877,55001088,
2,wasmz,eh_parser_exnref,True,830008030,80,627000.0,22240000.0,22744000.0,26034000.0,1817400000.0,0.0,,1.0,1.18,3359790907,2856902747,55001088,
2,wasmz,eh_parser_legacy,True,830008030,78,621000.0,23352000.0,23851000.0,26535000.0,1848540000.0,0.0,,1.0,1.15,3352212358,2905774529,55001088,
2,wasmz,gc_trees,True,-81253392,25,466000.0,72301000.0,73644000.0,108717000.0,1911090000.0,0.0,,1.0,1.38,4141122042,3003769758,194887680,
2,wasmz,callref_dispatch,False,,,,,,,,,,,,,,,wasmz init-warmup failed: wasmz_instance_call trap: trap: null reference dereference
2,wasmz,callref_dispatch.indirect,True,-750120562,43,608000.0,45103000.0,45560000.0,47454000.0,1957960000.0,0.0,,1.0,1.17,3609001821,3077538388,194887680,
2,wasmz,relaxed_dot,True,-551922832,385,783000.0,5115000.0,5224000.0,6685000.0,2008550000.0,0.0,,1.0,1.85,5843354582,3157035705,194887680,
2,wasmz,relaxed_madd,True,-1435646925,1952,810000.0,986000.0,1004999.9999999999,1267000.0,1985280000.0,0.0,,1.0,1.88,5867904325,3120437487,194887680,
2,wasmz,mem64_chase,True,433527714,34,17892000.0,57545000.0,58549000.0,59225000.0,1975730000.0,0.0,,1.0,0.33,1029411531,3105628412,194887680,
2,wasmz,mem64_chase.mem32,True,433527714,34,18580000.0,57429000.0,58659000.0,59216000.0,1972680000.0,0.0,,1.0,0.33,1028527005,3100753616,194887680,
2,wasmz,multimem_transform,False,,,,,,,,,,,,,,,wasmz_module_new failed: module compilation failed: MultipleMemories
2,wasmz,multimem_transform.single,True,902712413,283,439000.0,6798000.0,6935000.0,7875000.0,1962600000.0,0.0,,1.0,1.66,5117615314,3084882105,194887680,
2,wasmz,extconst_init,False,,,,,,,,,,,,,,,"wrong result: got -1669113347, expected -1152068691 (cross-runtime consensus)"
2,wasmz,extconst_init.mvp,False,,,,,,,,,,,,,,,"wrong result: got 1844351884, expected -1152068691 (cross-runtime consensus)"
2,wasmz,sqlite3,False,,,,,,,,,,,,,,,N/A — the harness only has a WASI preview-1 + bench.* import shim for Pulley
3,wasmz,fib,True,832040,13,1272000.0,143422000.0,144576000.0,157180000.0,1861920000.0,0.0,,0.995,1.5,4407027444,2932370859,31244288,
3,wasmz,fib_tail,True,873876091,2239,1296000.0,847000.0,863000.0,1350000.0,1958080000.0,0.0,,0.998,1.29,3988827361,3081415514,32096256,
3,wasmz,factorial,True,-2102132736,16384,777000.0,12000.0,13000.0,31000.0,266560000.0,0.0,,0.991,0.63,263481653,420717729,32456704,
3,wasmz,sieve,False,,,,,,,,,,,,,,,N/A — not run: wasmz v0.1.4 segfaults on this module's v128 ops (the scalar build runs)
3,wasmz,crc32,False,,,,,,,,,,,,,,,N/A — not run: wasmz v0.1.4 segfaults on this module's v128 ops (the scalar build runs)
3,wasmz,matmul_simd,True,48907,256,730000.0,7651000.0,7806000.0,8640000.0,1954920000.0,0.0,,1.0,1.76,5496905293,3130251646,33767424,
3,wasmz,matmul_fma,True,48907,382,659000.0,5124000.0,5224000.0,6279000.0,1997270000.0,0.0,,1.0,2.05,6433978196,3139575985,33816576,
3,wasmz,convolution,True,8190685,143,734000.0,12914000.0,13201000.0,14605000.0,1878240000.0,0.0,,1.0,1.95,5773562215,2953711202,34111488,
3,wasmz,audio_dsp,True,761667740,1,681000.0,1479489000.0,1479489000.0,1479489000.0,1412900000.0,0.0,,1.0,1.69,3756380273,2221038892,34324480,
3,wasmz,bulk_memory,True,8698902,111,911000.0,16606000.000000002,17218000.0,19772000.0,1901320000.0,0.0,,1.0,1.43,4283054298,2988488702,34832384,
3,wasmz,call_indirect,True,-9175573,42,1329000.0,45787000.0,46217000.0,47785000.0,1937980000.0,0.0,,1.0,1.25,3806634992,3046446750,35717120,
3,wasmz,xmrsplayer,True,1126733788,96,4776000.0,19715000.0,20573000.0,22821000.0,1958310000.0,0.0,,1.0,1.17,3603346966,3078190103,54968320,
3,wasmz,graphql_as,False,,,,,,,,,,,,,,,wasmz init-warmup failed: wasmz_instance_call trap: trap: wasm `unreachable` instruction executed
3,wasmz,graphql_porf,False,,,,,,,,,,,,,,,init warmup failed: wasmz m() trap: multi-value results are not supported by the C API (results_len = 2)
3,wasmz,vtable_mono,True,-318559695,23,1606000.0,83788000.0,85014000.0,87718000.0,1938510000.0,0.0,,1.0,1.21,3694491317,3046812895,54968320,
3,wasmz,vtable_bi,True,-208336512,21,1652000.0,89939000.0,90954000.0,93678000.0,1899120000.0,0.0,,1.0,1.22,3629823706,2985137195,54968320,
3,wasmz,vtable_poly4,True,-126115384,21,1610000.0,91910000.0,92974000.0,95668000.0,1936700000.0,0.0,,1.0,1.24,3785249054,3044179047,54968320,
3,wasmz,vtable_poly6,True,579248763,20,1632000.0,96389000.0,97134000.0,100485000.0,1930060000.0,0.0,,1.0,1.22,3705078087,3033772141,54968320,
3,wasmz,factorial.scalar,True,-2102132736,16384,625000.0,11000.0,13000.0,30000.0,227900000.0,0.0,,0.99,0.7,252487327,359820058,54968320,
3,wasmz,sieve.scalar,True,1229,2229,689000.0,845000.0,882000.0,1141000.0,1976510000.0,0.0,,1.0,1.58,4906871859,3106779243,54968320,
3,wasmz,crc32.scalar,True,-1910355869,273,610000.0,6748000.0,7010000.0,7922000.0,1907400000.0,0.0,,1.0,1.74,5229294972,2998088146,54968320,
3,wasmz,convolution.scalar,True,8190685,99,743000.0,19721000.0,20090000.0,21909000.0,1980640000.0,0.0,,1.0,1.69,5254962649,3113509697,54968320,
3,wasmz,bulk_memory.scalar,True,8698902,115,736000.0,16128000.0,16795000.0,18087000.0,1930260000.0,0.0,,1.0,1.35,4105303317,3034313903,54968320,
3,wasmz,tailcall_fsm,True,-1841735369,291,778000.0,6138000.0,6452000.0,7256000.0,1874830000.0,0.0,,1.0,1.45,4262603848,2946900012,54968320,
3,wasmz,eh_parser_exnref,True,830008030,84,648000.0,22529000.0,22901000.0,25861000.0,1913900000.0,0.0,,1.0,1.17,3519825625,3008588717,54968320,
3,wasmz,eh_parser_legacy,True,830008030,80,631000.0,23357000.0,23804000.0,26046000.0,1894980000.0,0.0,,1.0,1.16,3449626093,2978847665,54968320,
3,wasmz,gc_trees,True,-81253392,26,413000.0,72457000.0,73457000.0,109576000.0,1991370000.0,0.0,,1.0,1.38,4325493927,3130022738,194838528,
3,wasmz,callref_dispatch,False,,,,,,,,,,,,,,,wasmz init-warmup failed: wasmz_instance_call trap: trap: null reference dereference
3,wasmz,callref_dispatch.indirect,True,-750120562,43,635000.0,45074000.0,45602000.0,46594000.0,1951700000.0,0.0,,1.0,1.17,3598139904,3067732846,194838528,
3,wasmz,relaxed_dot,True,-551922832,382,753000.0,5099000.0,5210000.0,5832000.0,1994450000.0,0.0,,1.0,1.85,5810624924,3134936662,194838528,
3,wasmz,relaxed_madd,True,-1435646925,2005,734000.0,986000.0,1004000.0,1306000.0,2040950000.0,0.0,,1.0,1.88,6027650877,3207975713,194838528,
3,wasmz,mem64_chase,True,433527714,33,18714000.0,56693000.0,58810000.0,62157000.0,1923960000.0,0.0,,1.0,0.33,1001380111,3024196135,194838528,
3,wasmz,mem64_chase.mem32,True,433527714,34,17770000.0,56759000.0,58755000.0,60792000.0,1980080000.0,0.0,,1.0,0.33,1030701152,3112317015,194838528,
3,wasmz,multimem_transform,False,,,,,,,,,,,,,,,wasmz_module_new failed: module compilation failed: MultipleMemories
3,wasmz,multimem_transform.single,True,902712413,287,418000.0,6796000.0,6940000.0,8021000.000000001,1998260000.0,0.0,,1.0,1.66,5199647168,3140755577,194838528,
3,wasmz,extconst_init,False,,,,,,,,,,,,,,,"wrong result: got -1669113347, expected -1152068691 (cross-runtime consensus)"
3,wasmz,extconst_init.mvp,False,,,,,,,,,,,,,,,"wrong result: got 1844351884, expected -1152068691 (cross-runtime consensus)"
3,wasmz,sqlite3,False,,,,,,,,,,,,,,,N/A — the harness only has a WASI preview-1 + bench.* import shim for Pulley
4,wasmz,fib,True,832040,13,1325000.0,143060000.0,144287000.0,152488000.0,1849620000.0,0.0,,0.996,1.5,4374186431,2912743303,31195136,
4,wasmz,fib_tail,True,873876091,2327,701000.0,847000.0,862000.0,1189000.0,2032900000.0,0.0,,0.998,1.3,4147722204,3199031085,32047104,
4,wasmz,factorial,True,-2102132736,16384,888000.0,12000.0,13000.0,31000.0,259279999.99999997,0.0,,0.997,0.65,264280242,408258479,32423936,
4,wasmz,sieve,False,,,,,,,,,,,,,,,N/A — not run: wasmz v0.1.4 segfaults on this module's v128 ops (the scalar build runs)
4,wasmz,crc32,False,,,,,,,,,,,,,,,N/A — not run: wasmz v0.1.4 segfaults on this module's v128 ops (the scalar build runs)
4,wasmz,matmul_simd,True,48907,256,672000.0,7648000.0,7813000.0,8644000.0,1958390000.0,0.0,,1.0,1.76,5521684463,3144654181,33734656,
4,wasmz,matmul_fma,True,48907,375,676000.0,5119000.0,5227000.0,6060000.0,1963010000.0,0.0,,1.0,2.05,6316592520,3085789722,33734656,
4,wasmz,convolution,True,8190685,147,646000.0,12891000.0,13232000.0,15499000.0,1939040000.0,0.0,,1.0,1.95,5954537707,3047718104,34078720,
4,wasmz,audio_dsp,True,761667740,1,633000.0,1433003000.0,1433003000.0,1433003000.0,1420370000.0,0.0,,1.0,1.69,3764638607,2232784616,34242560,
4,wasmz,bulk_memory,True,8698902,123,768000.0,15232000.0,15824000.0,16527000.000000002,1927330000.0,0.0,,1.0,1.56,4731598049,3029578970,34734080,
4,wasmz,call_indirect,True,-9175573,42,1427000.0,46024000.0,46523000.0,47830000.0,1942390000.0,0.0,,1.0,1.24,3800195472,3053386178,35700736,
4,wasmz,xmrsplayer,True,1258103818,82,5183000.0,20298000.0,20859000.0,49421000.0,1678600000.0,0.0,,1.0,1.17,3089947566,2638543232,54919168,
4,wasmz,graphql_as,False,,,,,,,,,,,,,,,wasmz init-warmup failed: wasmz_instance_call trap: trap: wasm `unreachable` instruction executed
4,wasmz,graphql_porf,False,,,,,,,,,,,,,,,init warmup failed: wasmz m() trap: multi-value results are not supported by the C API (results_len = 2)
4,wasmz,vtable_mono,True,-318559695,23,1687000.0,84805000.0,85815000.0,88195000.0,1930970000.0,0.0,,1.0,1.22,3691171047,3033340787,54919168,
4,wasmz,vtable_bi,True,-208336512,21,1731000.0,91321000.0,92435000.0,99603000.0,1901750000.0,0.0,,1.0,1.22,3635107093,2989165884,54919168,
4,wasmz,vtable_poly4,True,-126115384,21,1704000.0,92266000.0,93374000.0,99695000.0,1946400000.0,0.0,,1.0,1.24,3795171050,3059446780,54919168,
4,wasmz,vtable_poly6,True,579248763,20,1671000.0,97574000.0,98831000.0,103476000.0,1966240000.0,0.0,,1.0,1.2,3714363476,3090738987,54919168,
4,wasmz,factorial.scalar,True,-2102132736,16384,622000.0,12000.0,13000.0,30000.0,225730000.0,0.0,,0.99,0.71,252493846,356406403,54919168,
4,wasmz,sieve.scalar,True,1229,2301,710000.0,845000.0,866000.0,1127000.0,2016520000.0,0.0,,1.0,1.6,5070676225,3169685108,54919168,
4,wasmz,crc32.scalar,True,-1910355869,274,659000.0,6726000.0,6986000.0,7536000.0,1913800000.0,0.0,,1.0,1.75,5264659216,3008136649,54919168,
4,wasmz,convolution.scalar,True,8190685,98,715000.0,19796000.0,20047000.0,21756000.0,1950180000.0,0.0,,1.0,1.69,5180694703,3065629613,54919168,
4,wasmz,bulk_memory.scalar,True,8698902,131,871000.0,14848000.0,15396000.0,16485000.0,2007770000.0,0.0,,1.0,1.48,4679388639,3156113443,54919168,
4,wasmz,tailcall_fsm,True,-1841735369,304,800000.0,6207000.0,6481000.0,7209000.0,1966200000.0,0.0,,1.0,1.44,4447902160,3090549583,54919168,
4,wasmz,eh_parser_exnref,True,830008030,82,677000.0,22214000.0,22728000.0,27755000.0,1860370000.0,0.0,,1.0,1.18,3444212580,2924407413,54919168,
4,wasmz,eh_parser_legacy,True,830008030,81,613000.0,23151000.0,23848000.0,27088000.0,1919260000.0,0.0,,1.0,1.16,3493931616,3017012828,54919168,
4,wasmz,gc_trees,True,-81253392,25,447000.0,71779000.0,73187000.0,106381000.0,1899320000.0,0.0,,1.0,1.39,4137151129,2985405125,194838528,
4,wasmz,callref_dispatch,False,,,,,,,,,,,,,,,wasmz init-warmup failed: wasmz_instance_call trap: trap: null reference dereference
4,wasmz,callref_dispatch.indirect,True,-750120562,44,650000.0,44506000.0,45261000.0,47956000.0,1979100000.0,0.0,,1.0,1.18,3676354194,3110769154,194838528,
4,wasmz,relaxed_dot,True,-551922832,360,755000.0,5113000.0,5215000.0,6165000.0,1875780000.0,0.0,,1.0,1.85,5454406763,2948349361,194838528,
4,wasmz,relaxed_madd,True,-1435646925,1973,762000.0,986000.0,1006999.9999999999,1291000.0,2004600000.0,0.0,,1.0,1.88,5917075606,3150772398,194838528,
4,wasmz,mem64_chase,True,433527714,34,17512000.0,57052000.0,58650000.0,62376000.0,1975720000.0,0.0,,1.0,0.33,1028612973,3105774899,194838528,
4,wasmz,mem64_chase.mem32,True,433527714,33,17163000.0,56505000.0,58659000.0,60668000.0,1912520000.0,0.0,,1.0,0.33,998067037,3006096933,194838528,
4,wasmz,multimem_transform,False,,,,,,,,,,,,,,,wasmz_module_new failed: module compilation failed: MultipleMemories
4,wasmz,multimem_transform.single,True,902712413,287,429000.0,6800000.0,6927000.0,7945000.0,1981730000.0,0.0,,1.0,1.66,5166730303,3114944049,194838528,
4,wasmz,extconst_init,False,,,,,,,,,,,,,,,"wrong result: got -1669113347, expected -1152068691 (cross-runtime consensus)"
4,wasmz,extconst_init.mvp,False,,,,,,,,,,,,,,,"wrong result: got 1844351884, expected -1152068691 (cross-runtime consensus)"
4,wasmz,sqlite3,False,,,,,,,,,,,,,,,N/A — the harness only has a WASI preview-1 + bench.* import shim for Pulley
5,wasmz,fib,True,832040,13,1462000.0,142900000.0,143673000.0,158037000.0,1861030000.0,0.0,,0.995,1.5,4388342663,2916496076,31211520,
5,wasmz,fib_tail,True,873876091,2306,725000.0,847000.0,862000.0,1248000.0,2015730000.0,0.0,,0.998,1.3,4113048140,3171983330,32079872,
5,wasmz,factorial,True,-2102132736,16384,838000.0,12000.0,13000.0,32000.0,266810000.0,0.0,,0.996,0.63,263861634,417768611,32423936,
5,wasmz,sieve,False,,,,,,,,,,,,,,,N/A — not run: wasmz v0.1.4 segfaults on this module's v128 ops (the scalar build runs)
5,wasmz,crc32,False,,,,,,,,,,,,,,,N/A — not run: wasmz v0.1.4 segfaults on this module's v128 ops (the scalar build runs)
5,wasmz,matmul_simd,True,48907,250,630000.0,7650000.0,7805000.0,8442000.0,1920280000.0,0.0,,1.0,1.76,5384172995,3063544710,33783808,
5,wasmz,matmul_fma,True,48907,376,674000.0,5123000.0,5213000.0,5729000.0,1963070000.0,0.0,,1.0,2.05,6336042792,3085815334,33783808,
5,wasmz,convolution,True,8190685,147,653000.0,12992000.0,13293000.0,14527000.0,1947030000.0,0.0,,1.0,1.94,5949291645,3060137883,34062336,
5,wasmz,audio_dsp,True,761667740,1,657000.0,1424485000.0,1424485000.0,1424485000.0,1408580000.0,0.0,,1.0,1.7,3761292842,2214241976,34308096,
5,wasmz,bulk_memory,True,8698902,116,788000.0,15268000.0,15516000.0,16408999.999999998,1791960000.0,0.0,,1.0,1.59,4477894317,2816380506,34750464,
5,wasmz,call_indirect,True,-9175573,42,1516000.0,45921000.0,46577000.0,48888000.0,1937800000.0,0.0,,1.0,1.24,3790395294,3046172305,35504128,
5,wasmz,xmrsplayer,True,568937346,95,4815000.0,20352000.0,20891000.0,23399000.0,1982590000.0,0.0,,1.0,1.15,3576875214,3116493712,54919168,
5,wasmz,graphql_as,False,,,,,,,,,,,,,,,wasmz init-warmup failed: wasmz_instance_call trap: trap: wasm `unreachable` instruction executed
5,wasmz,graphql_porf,False,,,,,,,,,,,,,,,init warmup failed: wasmz m() trap: multi-value results are not supported by the C API (results_len = 2)
5,wasmz,vtable_mono,True,-318559695,23,1528000.0,83296000.0,84835000.0,86442000.0,1936350000.0,0.0,,1.0,1.21,3693720911,3043609843,54919168,
5,wasmz,vtable_bi,True,-208336512,22,1591000.0,89539000.0,90893000.0,93632000.0,1983640000.0,0.0,,1.0,1.22,3798875262,3117983846,54919168,
5,wasmz,vtable_poly4,True,-126115384,21,1634000.0,91956000.0,93043000.0,95950000.0,1934650000.0,0.0,,1.0,1.25,3787541008,3041013748,54919168,
5,wasmz,vtable_poly6,True,579248763,20,1580000.0,96207000.0,97654000.0,99686000.0,1928660000.0,0.0,,1.0,1.22,3695706230,3031583470,54919168,
5,wasmz,factorial.scalar,True,-2102132736,16384,725000.0,12000.0,13000.0,29000.0,231360000.0,0.0,,0.99,0.7,257097757,365261753,54919168,
5,wasmz,sieve.scalar,True,1229,2347,754000.0,845000.0,861000.0,1153000.0,2046840000.0,0.0,,1.0,1.6,5161908512,3217271425,54919168,
5,wasmz,crc32.scalar,True,-1910355869,258,642000.0,6767000.0,6999000.0,7545000.0,1806870000.0,0.0,,1.0,1.75,4962093413,2839996504,54919168,
5,wasmz,convolution.scalar,True,8190685,97,666000.0,19716000.0,19990000.0,21887000.0,1934850000.0,0.0,,1.0,1.69,5145985355,3041519967,54919168,
5,wasmz,bulk_memory.scalar,True,8698902,131,763000.0,14776000.0,15080000.0,16661000.000000002,1961680000.0,0.0,,1.0,1.51,4665287944,3083709988,54919168,
5,wasmz,tailcall_fsm,True,-1841735369,309,825000.0,6189000.0,6498000.0,7101000.0,2009620000.0,0.0,,1.0,1.44,4541893056,3158948622,54919168,
5,wasmz,eh_parser_exnref,True,830008030,83,634000.0,22178000.0,22810000.0,25756000.0,1882670000.0,0.0,,1.0,1.18,3483183436,2959476208,54919168,
5,wasmz,eh_parser_legacy,True,830008030,80,803000.0,23427000.0,23910000.0,26727000.0,1893970000.0,0.0,,1.0,1.15,3437931207,2977268833,54919168,
5,wasmz,gc_trees,True,-81253392,25,456000.0,72303000.0,73736000.0,109413000.0,1917220000.0,0.0,,1.0,1.38,4151347071,3013535049,194805760,
5,wasmz,callref_dispatch,False,,,,,,,,,,,,,,,wasmz init-warmup failed: wasmz_instance_call trap: trap: null reference dereference
5,wasmz,callref_dispatch.indirect,True,-750120562,43,609000.0,45020000.0,45379000.0,46996000.0,1931660000.0,0.0,,1.0,1.18,3581911640,3036366855,194805760,
5,wasmz,relaxed_dot,True,-551922832,371,786000.0,5118000.0,5221000.0,5872000.0,1937740000.0,0.0,,1.0,1.85,5637425421,3045903970,194805760,
5,wasmz,relaxed_madd,True,-1435646925,1871,732000.0,986000.0,1004999.9999999999,1301000.0,1902460000.0,0.0,,0.999,1.88,5624789724,2991164250,194805760,
5,wasmz,mem64_chase,True,433527714,33,18184000.0,57476000.0,59387000.0,60694000.0,1934970000.0,0.0,,1.0,0.33,996263538,3041616026,194805760,
5,wasmz,mem64_chase.mem32,True,433527714,34,16926000.0,56726000.0,58560000.0,60620000.0,1964200000.0,0.0,,1.0,0.33,1025726058,3087278877,194805760,
5,wasmz,multimem_transform,False,,,,,,,,,,,,,,,wasmz_module_new failed: module compilation failed: MultipleMemories
5,wasmz,multimem_transform.single,True,902712413,289,430000.0,6798000.0,6931000.0,7637000.0,2001240000.0,0.0,,1.0,1.66,5220849135,3145533625,194805760,
5,wasmz,extconst_init,False,,,,,,,,,,,,,,,"wrong result: got -1669113347, expected -1152068691 (cross-runtime consensus)"
5,wasmz,extconst_init.mvp,False,,,,,,,,,,,,,,,"wrong result: got 1844351884, expected -1152068691 (cross-runtime consensus)"
5,wasmz,sqlite3,False,,,,,,,,,,,,,,,N/A — the harness only has a WASI preview-1 + bench.* import shim for Pulley
6,wasmz,fib,True,832040,13,1217000.0,142924000.0,143822000.0,155354000.0,1850390000.0,0.0,,0.996,1.5,4380196969,2913587454,31342592,
6,wasmz,fib_tail,True,873876091,2331,744000.0,847000.0,862000.0,1228000.0,2041620000.0,0.0,,0.998,1.3,4164739273,3212782255,32178176,
6,wasmz,factorial,True,-2102132736,16384,818000.0,12000.0,13000.0,33000.0,263970000.00000003,0.0,,0.99,0.63,261141352,416757257,32571392,
6,wasmz,sieve,False,,,,,,,,,,,,,,,N/A — not run: wasmz v0.1.4 segfaults on this module's v128 ops (the scalar build runs)
6,wasmz,crc32,False,,,,,,,,,,,,,,,N/A — not run: wasmz v0.1.4 segfaults on this module's v128 ops (the scalar build runs)
6,wasmz,matmul_simd,True,48907,236,651000.0,7666000.0,7798000.0,9096000.0,1818690000.0,0.0,,1.0,1.76,5077873978,2891292148,33832960,
6,wasmz,matmul_fma,True,48907,379,747000.0,5129000.0,5229000.0,5741000.0,1989430000.0,0.0,,1.0,2.05,6408857299,3127257696,33865728,
6,wasmz,convolution,True,8190685,148,691000.0,12956000.0,13218000.0,13867000.0,1951630000.0,0.0,,1.0,1.95,5989747918,3067629102,34095104,
6,wasmz,audio_dsp,True,761667740,1,653000.0,1430286000.0,1430286000.0,1430286000.0,1408860000.0,0.0,,1.0,1.69,3751037372,2214673894,34357248,
6,wasmz,bulk_memory,True,8698902,99,757000.0,16576000.0,17214000.0,18703000.0,1695710000.0,0.0,,1.0,1.43,3821179725,2665387729,34865152,
6,wasmz,call_indirect,True,-9175573,42,1414000.0,45908000.0,46505000.0,47897000.0,1931200000.0,0.0,,1.0,1.25,3781357829,3035793044,35864576,
6,wasmz,xmrsplayer,True,1308797413,98,4998000.0,19220000.0,20391000.0,22575000.0,1972750000.0,0.0,,1.0,1.18,3670069261,3101026993,55033856,
6,wasmz,graphql_as,False,,,,,,,,,,,,,,,wasmz init-warmup failed: wasmz_instance_call trap: trap: wasm `unreachable` instruction executed
6,wasmz,graphql_porf,False,,,,,,,,,,,,,,,init warmup failed: wasmz m() trap: multi-value results are not supported by the C API (results_len = 2)
6,wasmz,vtable_mono,True,-318559695,23,1863000.0,83673000.0,84714000.0,85643000.0,1937260000.0,0.0,,1.0,1.21,3693907509,3044971882,55033856,
6,wasmz,vtable_bi,True,-208336512,22,1641000.0,90326000.0,90675000.0,92625000.0,1985570000.0,0.0,,1.0,1.22,3804986333,3121125293,55033856,
6,wasmz,vtable_poly4,True,-126115384,21,1583000.0,91927000.0,93520000.0,96985000.0,1944670000.0,0.0,,1.0,1.24,3791806030,3056647396,55033856,
6,wasmz,vtable_poly6,True,579248763,20,1932000.0,96616000.0,97156000.0,98203000.0,1926120000.0,0.0,,1.0,1.22,3699098280,3027468938,55033856,
6,wasmz,factorial.scalar,True,-2102132736,16384,626000.0,11000.0,13000.0,29000.0,227440000.0,0.0,,0.99,0.7,252318848,359078764,55033856,
6,wasmz,sieve.scalar,True,1229,2302,712000.0,845000.0,882000.0,1123000.0,2047050000.0,0.0,,0.999,1.58,5080933638,3218175904,55033856,
6,wasmz,crc32.scalar,True,-1910355869,283,656000.0,6751000.0,7004000.0,7861000.0,1973410000.0,0.0,,1.0,1.75,5432667172,3101929572,55033856,
6,wasmz,convolution.scalar,True,8190685,98,707000.0,19776000.0,20053000.0,23214000.0,1963160000.0,0.0,,1.0,1.69,5210955135,3085986047,55033856,
6,wasmz,bulk_memory.scalar,True,8698902,111,724000.0,16241000.0,16786000.0,17538000.0,1857860000.0,0.0,,1.0,1.36,3965257925,2920503702,55033856,
6,wasmz,tailcall_fsm,True,-1841735369,304,811000.0,6142000.0,6439000.0,7316000.0,1963290000.0,0.0,,1.0,1.45,4468725348,3085937337,55033856,
6,wasmz,eh_parser_exnref,True,830008030,80,625000.0,22360000.0,22837000.0,26132000.0,1825390000.0,0.0,,1.0,1.17,3367018903,2869460669,55033856,
6,wasmz,eh_parser_legacy,True,830008030,79,609000.0,23387000.0,23824000.0,26871000.0,1882810000.0,0.0,,1.0,1.16,3421620699,2959717963,55033856,
6,wasmz,gc_trees,True,-81253392,25,463000.0,72336000.0,73570000.0,108623000.0,1915240000.0,0.0,,1.0,1.38,4139434441,3010435824,194887680,
6,wasmz,callref_dispatch,False,,,,,,,,,,,,,,,wasmz init-warmup failed: wasmz_instance_call trap: trap: null reference dereference
6,wasmz,callref_dispatch.indirect,True,-750120562,44,620000.0,44899000.0,45579000.0,46646000.0,1996820000.0,0.0,,1.0,1.17,3684163264,3138606263,194887680,
6,wasmz,relaxed_dot,True,-551922832,372,747000.0,5114000.0,5210000.0,5643000.0,1934160000.0,0.0,,1.0,1.86,5641278122,3040150639,194887680,
6,wasmz,relaxed_madd,True,-1435646925,1993,749000.0,986000.0,1004999.9999999999,1318000.0,2030740000.0,0.0,,1.0,1.88,6001481204,3191926133,194887680,
6,wasmz,mem64_chase,True,433527714,34,17500000.0,57172000.0,58593000.0,62853000.0,1983660000.0,0.0,,1.0,0.33,1033629005,3118041468,194887680,
6,wasmz,mem64_chase.mem32,True,433527714,34,17835000.0,56808000.0,58632000.0,60255000.0,1971860000.0,0.0,,1.0,0.33,1029385595,3099542182,194887680,
6,wasmz,multimem_transform,False,,,,,,,,,,,,,,,wasmz_module_new failed: module compilation failed: MultipleMemories
6,wasmz,multimem_transform.single,True,902712413,284,444000.0,6803000.0,6935000.0,7839000.0,1971120000.0,0.0,,1.0,1.66,5136403223,3098130771,194887680,
6,wasmz,extconst_init,False,,,,,,,,,,,,,,,"wrong result: got -1669113347, expected -1152068691 (cross-runtime consensus)"
6,wasmz,extconst_init.mvp,False,,,,,,,,,,,,,,,"wrong result: got 1844351884, expected -1152068691 (cross-runtime consensus)"
6,wasmz,sqlite3,False,,,,,,,,,,,,,,,N/A — the harness only has a WASI preview-1 + bench.* import shim for Pulley
7,wasmz,fib,True,832040,13,1417000.0,143023000.0,145208000.0,155226000.0,1856090000.0,0.0,,0.995,1.5,4399007491,2923854011,31227904,
7,wasmz,fib_tail,True,873876091,2190,667000.0,847000.0,864000.0,1273000.0,1916300000.0,0.0,,0.999,1.29,3902381777,3013639158,32079872,
7,wasmz,factorial,True,-2102132736,16384,626000.0,12000.0,13000.0,31000.0,262120000.0,0.0,,0.991,0.63,261704717,413783285,32456704,
7,wasmz,sieve,False,,,,,,,,,,,,,,,N/A — not run: wasmz v0.1.4 segfaults on this module's v128 ops (the scalar build runs)
7,wasmz,crc32,False,,,,,,,,,,,,,,,N/A — not run: wasmz v0.1.4 segfaults on this module's v128 ops (the scalar build runs)
7,wasmz,matmul_simd,True,48907,247,594000.0,7652000.0,7798000.0,8994000.0,1885460000.0,0.0,,1.0,1.76,5317844387,3025765582,33816576,
7,wasmz,matmul_fma,True,48907,378,671000.0,5121000.0,5220000.0,5803000.0,1966870000.0,0.0,,1.0,2.05,6342353575,3091771127,33816576,
7,wasmz,convolution,True,8190685,147,654000.0,12900000.0,13225000.0,14560000.0,1931280000.0,0.0,,1.0,1.96,5935511386,3035648017,34078720,
7,wasmz,audio_dsp,True,761667740,1,641000.0,1424996000.0,1424996000.0,1424996000.0,1418090000.0,0.0,,1.0,1.7,3780353277,2229193522,34340864,
7,wasmz,bulk_memory,True,8698902,116,905000.0,16602000.0,17219000.0,19029000.0,1993190000.0,0.0,,1.0,1.42,4459659349,3133055517,34783232,
7,wasmz,call_indirect,True,-9175573,43,1348000.0,45788000.0,46289000.0,47533000.0,1977750000.0,0.0,,1.0,1.25,3891278535,3108972652,35717120,
7,wasmz,xmrsplayer,True,1308797413,98,4992000.0,19741000.0,20548000.0,24881000.0,1999510000.0,0.0,,1.0,1.17,3680531546,3142815910,54935552,
7,wasmz,graphql_as,False,,,,,,,,,,,,,,,wasmz init-warmup failed: wasmz_instance_call trap: trap: wasm `unreachable` instruction executed
7,wasmz,graphql_porf,False,,,,,,,,,,,,,,,init warmup failed: wasmz m() trap: multi-value results are not supported by the C API (results_len = 2)
7,wasmz,vtable_mono,True,-318559695,23,1731000.0,83408000.0,85088000.0,95628000.0,1941910000.0,0.0,,1.0,1.21,3702825509,3052407318,54935552,
7,wasmz,vtable_bi,True,-208336512,21,1640000.0,89018000.0,90927000.0,92765000.0,1885980000.0,0.0,,1.0,1.22,3619672779,2964421358,54935552,
7,wasmz,vtable_poly4,True,-126115384,21,1577000.0,92525000.0,92933000.0,96201000.0,1945060000.0,0.0,,1.0,1.24,3798620194,3057298045,54935552,
7,wasmz,vtable_poly6,True,579248763,19,1593000.0,95871000.0,97195000.0,97903000.0,1826520000.0,0.0,,1.0,1.22,3511947569,2870959210,54935552,
7,wasmz,factorial.scalar,True,-2102132736,16384,627000.0,12000.0,13000.0,30000.0,234330000.0,0.0,,0.993,0.69,255237800,369720906,54935552,
7,wasmz,sieve.scalar,True,1229,2148,706000.0,845000.0,881000.0,1157000.0,1896970000.0,0.0,,1.0,1.59,4728954352,2981620827,54935552,
7,wasmz,crc32.scalar,True,-1910355869,287,740000.0,6737000.0,6991000.0,7845000.0,2004220000.0,0.0,,1.0,1.75,5517538910,3150276937,54935552,
7,wasmz,convolution.scalar,True,8190685,99,679000.0,19707000.0,20019000.0,21864000.0,1970130000.0,0.0,,1.0,1.69,5237143654,3096994308,54935552,
7,wasmz,bulk_memory.scalar,True,8698902,116,740000.0,16303000.0,16862000.0,18890000.0,1940840000.0,0.0,,1.0,1.35,4125912370,3050942678,54935552,
7,wasmz,tailcall_fsm,True,-1841735369,302,779000.0,6129000.0,6490000.0,7199000.0,1956890000.0,0.0,,1.0,1.44,4427360542,3075868835,54935552,
7,wasmz,eh_parser_exnref,True,830008030,82,630000.0,22386000.0,22839000.0,25640000.0,1866890000.0,0.0,,1.0,1.17,3444359933,2934704975,54935552,
7,wasmz,eh_parser_legacy,True,830008030,79,702000.0,23318000.0,23794000.0,28131000.0,1880910000.0,0.0,,1.0,1.16,3416496699,2956746741,54935552,
7,wasmz,gc_trees,True,-81253392,25,461000.0,72310000.0,73617000.0,110388000.0,1920280000.0,0.0,,1.0,1.38,4161948691,3018486688,194838528,
7,wasmz,callref_dispatch,False,,,,,,,,,,,,,,,wasmz init-warmup failed: wasmz_instance_call trap: trap: null reference dereference
7,wasmz,callref_dispatch.indirect,True,-750120562,44,620000.0,45035000.0,45582000.0,48569000.0,1995230000.0,0.0,,1.0,1.17,3681527141,3136146131,194838528,
7,wasmz,relaxed_dot,True,-551922832,379,798000.0,5118000.0,5223000.0,5756000.0,1981200000.0,0.0,,1.0,1.85,5757097554,3109764106,194838528,
7,wasmz,relaxed_madd,True,-1435646925,1929,743000.0,986000.0,1006000.0,1316000.0,1962410000.0,0.0,,1.0,1.88,5793183140,3084611444,194838528,
7,wasmz,mem64_chase,True,433527714,33,18330000.0,56203000.0,58683000.0,59809000.0,1914710000.0,0.0,,1.0,0.33,998654362,3009734273,194838528,
7,wasmz,mem64_chase.mem32,True,433527714,34,18186000.0,56066000.0,58850000.0,60101000.0,1978390000.0,0.0,,1.0,0.33,1032360267,3109606585,194838528,
7,wasmz,multimem_transform,False,,,,,,,,,,,,,,,wasmz_module_new failed: module compilation failed: MultipleMemories
7,wasmz,multimem_transform.single,True,902712413,278,438000.0,6796000.0,6937000.0,7720000.0,1923400000.0,0.0,,1.0,1.66,5012729446,3023098177,194838528,
7,wasmz,extconst_init,False,,,,,,,,,,,,,,,"wrong result: got -1669113347, expected -1152068691 (cross-runtime consensus)"
7,wasmz,extconst_init.mvp,False,,,,,,,,,,,,,,,"wrong result: got 1844351884, expected -1152068691 (cross-runtime consensus)"
7,wasmz,sqlite3,False,,,,,,,,,,,,,,,N/A — the harness only has a WASI preview-1 + bench.* import shim for Pulley
8,wasmz,fib,True,832040,13,1262000.0,143026000.0,144750000.0,151753000.0,1859210000.0,0.0,,0.996,1.5,4395233614,2927769325,31227904,
8,wasmz,fib_tail,True,873876091,2017,639000.0,847000.0,862000.0,1264000.0,1759960000.0,0.0,,0.999,1.3,3588715823,2767869419,32112640,
8,wasmz,factorial,True,-2102132736,16384,680000.0,12000.0,13000.0,30000.0,261810000.0,0.0,,0.991,0.64,262607340,413295987,32456704,
8,wasmz,sieve,False,,,,,,,,,,,,,,,N/A — not run: wasmz v0.1.4 segfaults on this module's v128 ops (the scalar build runs)
8,wasmz,crc32,False,,,,,,,,,,,,,,,N/A — not run: wasmz v0.1.4 segfaults on this module's v128 ops (the scalar build runs)
8,wasmz,matmul_simd,True,48907,222,597000.0,7655000.0,7794000.0,8457000.0,1679910000.0,0.0,,1.0,1.76,4781189838,2721521195,33800192,
8,wasmz,matmul_fma,True,48907,387,761000.0,5125000.0,5223000.0,5906000.0,2012610000.0,0.0,,1.0,2.05,6500401118,3170896807,33800192,
8,wasmz,convolution,True,8190685,147,667000.0,12938000.0,13242000.0,14324000.0,1933580000.0,0.0,,1.0,1.95,5926912281,3039065045,33980416,
8,wasmz,audio_dsp,True,761667740,1,1054000.0,1422194000.0,1422194000.0,1422194000.0,1410280000.0,0.0,,1.0,1.7,3767121362,2216922959,34422784,
8,wasmz,bulk_memory,True,8698902,125,912000.0,15239000.0,15747000.0,17580000.0,1950880000.0,0.0,,1.0,1.57,4810275310,3066591227,34734080,
8,wasmz,call_indirect,True,-9175573,43,1424000.0,45619000.0,46525000.0,48496000.0,1982420000.0,0.0,,1.0,1.25,3891290745,3116314916,35700736,
8,wasmz,xmrsplayer,True,1126733788,96,4910000.0,20142000.0,20816000.0,22647000.0,1992700000.0,0.0,,1.0,1.15,3613115895,3132262838,54886400,
8,wasmz,graphql_as,False,,,,,,,,,,,,,,,wasmz init-warmup failed: wasmz_instance_call trap: trap: wasm `unreachable` instruction executed
8,wasmz,graphql_porf,False,,,,,,,,,,,,,,,init warmup failed: wasmz m() trap: multi-value results are not supported by the C API (results_len = 2)
8,wasmz,vtable_mono,True,-318559695,23,1576000.0,83609000.0,84878000.0,86681000.0,1933600000.0,0.0,,1.0,1.21,3687726935,3039336205,54886400,
8,wasmz,vtable_bi,True,-208336512,21,1614000.0,90065000.0,91116000.0,91870000.0,1900330000.0,0.0,,1.0,1.22,3633828133,2987012438,54886400,
8,wasmz,vtable_poly4,True,-126115384,21,1629000.0,93359000.0,94249000.0,96585000.0,1955730000.0,0.0,,1.0,1.23,3779545233,3074003956,54886400,
8,wasmz,vtable_poly6,True,579248763,19,1595000.0,98433000.0,100006000.0,101558000.0,1883430000.0,0.0,,1.0,1.19,3521113507,2960251901,54886400,
8,wasmz,factorial.scalar,True,-2102132736,16384,681000.0,12000.0,13000.0,29000.0,232890000.0,0.0,,0.99,0.68,250996824,367761850,54886400,
8,wasmz,sieve.scalar,True,1229,2259,695000.0,845000.0,861000.0,1125000.0,1969570000.0,0.0,,1.0,1.6,4965806843,3095791561,54886400,
8,wasmz,crc32.scalar,True,-1910355869,278,669000.0,6728000.0,6993000.0,7832000.0,1933410000.0,0.0,,1.0,1.75,5323509528,3038825975,54886400,
8,wasmz,convolution.scalar,True,8190685,99,655000.0,19757000.0,20057000.0,21127000.0,1976530000.0,0.0,,1.0,1.69,5254266900,3107058468,54886400,
8,wasmz,bulk_memory.scalar,True,8698902,127,753000.0,14803000.0,15285000.0,15987000.0,1929090000.0,0.0,,1.0,1.49,4530909222,3032479593,54886400,
8,wasmz,tailcall_fsm,True,-1841735369,312,796000.0,6178000.0,6502000.0,7181000.0,2031500000.0,0.0,,1.0,1.44,4582886072,3193006858,54886400,
8,wasmz,eh_parser_exnref,True,830008030,84,633000.0,22187000.0,22733000.0,29248000.0,1909420000.0,0.0,,1.0,1.18,3530827170,3001562433,54886400,
8,wasmz,eh_parser_legacy,True,830008030,80,659000.0,23313000.0,23860000.0,26207000.0,1896620000.0,0.0,,1.0,1.16,3447693574,2981436407,54886400,
8,wasmz,gc_trees,True,-81253392,25,450000.0,72121000.0,73646000.0,108262000.0,1916280000.0,0.0,,1.0,1.38,4158056237,3012070318,194789376,
8,wasmz,callref_dispatch,False,,,,,,,,,,,,,,,wasmz init-warmup failed: wasmz_instance_call trap: trap: null reference dereference
8,wasmz,callref_dispatch.indirect,True,-750120562,43,645000.0,44887000.0,45413000.0,47567000.0,1946200000.0,0.0,,1.0,1.18,3602726842,3059064714,194789376,
8,wasmz,relaxed_dot,True,-551922832,386,799000.0,5122000.0,5229000.0,6379000.0,2020000000.0,0.0,,1.0,1.85,5869677405,3175023253,194789376,
8,wasmz,relaxed_madd,True,-1435646925,2001,740000.0,987000.0,1008000.0,1283000.0,2043150000.0,0.0,,1.0,1.87,6014862168,3211491439,194789376,
8,wasmz,mem64_chase,True,433527714,34,18452000.0,56998000.0,58749000.0,59318000.0,1985240000.0,0.0,,1.0,0.33,1028028430,3104862943,194789376,
8,wasmz,mem64_chase.mem32,True,433527714,34,17648000.0,54823000.0,58767000.0,60270000.0,1976260000.0,0.0,,1.0,0.33,1028705422,3106240811,194789376,
8,wasmz,multimem_transform,False,,,,,,,,,,,,,,,wasmz_module_new failed: module compilation failed: MultipleMemories
8,wasmz,multimem_transform.single,True,902712413,286,436000.0,6809000.0,6960000.0,7688000.0,1986490000.0,0.0,,1.0,1.65,5162661510,3122500984,194789376,
8,wasmz,extconst_init,False,,,,,,,,,,,,,,,"wrong result: got -1669113347, expected -1152068691 (cross-runtime consensus)"
8,wasmz,extconst_init.mvp,False,,,,,,,,,,,,,,,"wrong result: got 1844351884, expected -1152068691 (cross-runtime consensus)"
8,wasmz,sqlite3,False,,,,,,,,,,,,,,,N/A — the harness only has a WASI preview-1 + bench.* import shim for Pulley
9,wasmz,fib,True,832040,13,1381000.0,143242000.0,146869000.0,156151000.0,1870510000.0,0.0,,0.995,1.5,4404543234,2945689961,31260672,
9,wasmz,fib_tail,True,873876091,2117,848000.0,847000.0,870000.0,1338000.0,1868280000.0,0.0,,0.999,1.28,3773565972,2939078823,32079872,
9,wasmz,factorial,True,-2102132736,16384,632000.0,12000.0,13000.0,36000.0,249830000.0,0.0,,0.99,0.66,259723736,394540114,32505856,
9,wasmz,sieve,False,,,,,,,,,,,,,,,N/A — not run: wasmz v0.1.4 segfaults on this module's v128 ops (the scalar build runs)
9,wasmz,crc32,False,,,,,,,,,,,,,,,N/A — not run: wasmz v0.1.4 segfaults on this module's v128 ops (the scalar build runs)
9,wasmz,matmul_simd,True,48907,256,677000.0,7650000.0,7856000.0,8767000.0,1974780000.0,0.0,,0.998,1.75,5527016456,3161118939,33865728,
9,wasmz,matmul_fma,True,48907,384,798000.0,5126000.0,5236000.0,6034000.0,2010270000.0,0.0,,0.999,2.05,6465631694,3158045442,33865728,
9,wasmz,convolution,True,8190685,151,667000.0,12937000.0,13285000.0,14715000.0,1997330000.0,0.0,,0.999,1.95,6105899757,3137758315,34144256,
9,wasmz,audio_dsp,True,761667740,1,653000.0,1421200000.0,1421200000.0,1421200000.0,1395700000.0,0.0,,1.0,1.71,3751673716,2194011544,34390016,
9,wasmz,bulk_memory,True,8698902,128,1038000.0,15211000.0,15579000.0,16706000.0,1989950000.0,0.0,,1.0,1.58,4940544925,3127868974,34848768,
9,wasmz,call_indirect,True,-9175573,43,1343000.0,45829000.0,46457000.0,49888000.0,1999020000.0,0.0,,0.995,1.25,3920263134,3148546765,35848192,
9,wasmz,xmrsplayer,True,-801489947,92,4782000.0,20025000.0,20472000.0,23219000.0,1885070000.0,0.0,,0.994,1.17,3472182215,2964840865,55427072,
9,wasmz,graphql_as,False,,,,,,,,,,,,,,,wasmz init-warmup failed: wasmz_instance_call trap: trap: wasm `unreachable` instruction executed
9,wasmz,graphql_porf,False,,,,,,,,,,,,,,,init warmup failed: wasmz m() trap: multi-value results are not supported by the C API (results_len = 2)
9,wasmz,vtable_mono,True,-318559695,24,1572000.0,82764000.0,84226000.0,85715000.0,2019490000.0,0.0,,1.0,1.22,3865608349,3174355699,55427072,
9,wasmz,vtable_bi,True,-208336512,22,1704000.0,88883000.0,90439000.0,93434000.0,1977210000.0,0.0,,1.0,1.22,3800314899,3116261784,55427072,
9,wasmz,vtable_poly4,True,-126115384,21,1560000.0,91611000.0,92807000.0,93945000.0,1944390000.0,0.0,,1.0,1.24,3789947625,3056256554,55427072,
9,wasmz,vtable_poly6,True,579248763,20,1695000.0,97281000.0,98267000.0,100668000.0,1959150000.0,0.0,,1.0,1.2,3704093705,3079386934,55427072,
9,wasmz,factorial.scalar,True,-2102132736,16384,630000.0,12000.0,13000.0,28000.0,233070000.0,0.0,,0.99,0.7,256308016,367982243,55427072,
9,wasmz,sieve.scalar,True,1229,2267,683000.0,845000.0,884000.0,1059000.0,2011840000.0,0.0,,1.0,1.58,4991519225,3162189476,55427072,
9,wasmz,crc32.scalar,True,-1910355869,288,633000.0,6719000.0,6970000.0,7385000.0,2000120000.0,0.0,,1.0,1.75,5516301970,3143788858,55427072,
9,wasmz,convolution.scalar,True,8190685,98,687000.0,19603000.0,19871000.0,22887000.0,1942830000.0,0.0,,1.0,1.7,5187776219,3054077134,55427072,
9,wasmz,bulk_memory.scalar,True,8698902,131,730000.0,14661000.0,14934000.0,16056000.000000002,1962290000.0,0.0,,1.0,1.51,4668740017,3084666052,55427072,
9,wasmz,tailcall_fsm,True,-1841735369,291,772000.0,6098000.0,6375000.0,7511000.0,1856420000.0,0.0,,1.0,1.46,4260284163,2917906284,55427072,
9,wasmz,eh_parser_exnref,True,830008030,84,621000.0,22185000.0,22561000.0,31187000.0,1899930000.0,0.0,,1.0,1.18,3533676623,2986616982,55427072,
9,wasmz,eh_parser_legacy,True,830008030,78,662000.0,23012000.0,23459000.0,26392000.0,1827330000.0,0.0,,1.0,1.17,3357890337,2872514891,55427072,
9,wasmz,gc_trees,True,-81253392,25,467000.0,71573000.0,73006000.0,110152000.0,1919200000.0,0.0,,1.0,1.38,4142557662,3008191912,195198976,
9,wasmz,callref_dispatch,False,,,,,,,,,,,,,,,wasmz init-warmup failed: wasmz_instance_call trap: trap: null reference dereference
9,wasmz,callref_dispatch.indirect,True,-750120562,44,603000.0,44593000.0,45044000.0,46115000.0,1987680000.0,0.0,,1.0,1.18,3693268444,3124318255,195198976,
9,wasmz,relaxed_dot,True,-551922832,379,758000.0,5099000.0,5159000.0,5607000.0,1954940000.0,0.0,,1.0,1.87,5740008223,3072741946,195198976,
9,wasmz,relaxed_madd,True,-1435646925,2003,725000.0,986000.0,1000999.9999999999,1133000.0,2018580000.0,0.0,,1.0,1.9,6015570679,3172714215,195198976,
9,wasmz,mem64_chase,True,433527714,34,18097000.0,56382000.0,58362000.0,59588000.0,1973510000.0,0.0,,1.0,0.33,1031679915,3102308668,195198976,
9,wasmz,mem64_chase.mem32,True,433527714,34,18537000.0,55691000.0,58323000.0,59238000.0,1964840000.0,0.0,,1.0,0.33,1028632618,3088396916,195198976,
9,wasmz,multimem_transform,False,,,,,,,,,,,,,,,wasmz_module_new failed: module compilation failed: MultipleMemories
9,wasmz,multimem_transform.single,True,902712413,277,435000.0,6791000.0,6874000.0,7470000.0,1905990000.0,0.0,,1.0,1.67,4999810716,2995963512,195198976,
9,wasmz,extconst_init,False,,,,,,,,,,,,,,,"wrong result: got -1669113347, expected -1152068691 (cross-runtime consensus)"
9,wasmz,extconst_init.mvp,False,,,,,,,,,,,,,,,"wrong result: got 1844351884, expected -1152068691 (cross-runtime consensus)"
9,wasmz,sqlite3,False,,,,,,,,,,,,,,,N/A — the harness only has a WASI preview-1 + bench.* import shim for Pulley
1,zwasm,xmrsplayer,True,-506967015,14,7769000.0,135400000.0,136002000.0,139511000.0,1881900000.0,0.0,,1.0,1.69,4997984339,2958203616,1186578432,
1,zwasm,extconst_init,True,-1152068691,602,6754000.0,2808000.0,3095000.0,4591000.0,1875900000.0,0.0,,0.993,1.72,5075897441,2958431884,1057718272,
1,zwasm,extconst_init.mvp,True,-1152068691,1168,4331000.0,1491000.0,1788000.0,4646000.0,2094929999.9999998,0.0,,0.99,1.57,5189377625,3308831541,1517977600,
1,zwasm,mem64_chase,True,433527714,9,20067000.0,197027000.0,204530000.0,207889000.0,1816960000.0,0.0,,1.0,1.05,3005646960,2856202234,98418688,
1,zwasm,mem64_chase.mem32,True,433527714,9,18042000.0,198353000.0,201800000.0,203967000.0,1797250000.0,0.0,,1.0,1.07,3013762470,2825222047,99254272,
1,zwasm,tailcall_fsm,True,-1841735369,26,1534000.0,74954000.0,76545000.0,85882000.0,1961250000.0,0.0,,0.996,1.66,5135444225,3087947006,119767040,
1,zwasm,fib,True,832040,1,1743000.0,1292899000.0,1292899000.0,1292899000.0,1252060000.0,0.0,,1.0,1.68,3302012272,1968201135,31997952,
1,zwasm,fib_tail,True,873876091,277,630000.0,7039000.0,7180000.0,8623000.0,1965920000.0,0.0,,1.0,2.26,7067341129,3129376405,32800768,
1,zwasm,factorial,False,,,,,,,,,,,,,,,init warmup failed: `factorial(20)` trapped: trap: unreachable
1,zwasm,sieve,False,,,,,,,,,,,,,,,init warmup failed: `sieve(10000)` trapped: trap: unreachable
1,zwasm,crc32,False,,,,,,,,,,,,,,,init warmup failed: `crc32(12648430)` trapped: trap: unreachable
1,zwasm,matmul_simd,False,,,,,,,,,,,,,,,init warmup failed: `matmul(48879)` trapped: trap: unreachable
1,zwasm,matmul_fma,False,,,,,,,,,,,,,,,init warmup failed: `matmul_fma(48879)` trapped: trap: unreachable
1,zwasm,convolution,False,,,,,,,,,,,,,,,init warmup failed: `convolve(51966)` trapped: trap: unreachable
1,zwasm,audio_dsp,True,761667740,1,698000.0,9611850000.0,9611850000.0,9611850000.0,9532890000.0,0.0,,1.0,1.89,28382608169,14985367147,35012608,
1,zwasm,bulk_memory,False,,,,,,,,,,,,,,,init warmup failed: `bulk_memory(45260)` trapped: trap: unreachable
1,zwasm,call_indirect,True,-9175573,12,770000.0,162062000.0,162671000.0,164031000.0,1930670000.0,0.0,,1.0,1.63,4959160838,3034924789,35536896,
1,zwasm,graphql_as,True,5,22,3261000.0,75832000.0,86852000.0,98953000.0,1929190000.0,0.0,,1.0,1.58,4796366880,3032629784,36143104,
1,zwasm,vtable_mono,True,-318559695,7,768000.0,263414000.0,265119000.00000003,266288000.0,1844870000.0,0.0,,1.0,1.58,4572882613,2900003993,36372480,
1,zwasm,vtable_bi,True,-208336512,5,958000.0,332589000.0,335372000.0,336212000.0,1658170000.0,0.0,,1.0,1.62,4219815435,2606594201,36519936,
1,zwasm,vtable_poly4,True,-126115384,5,771000.0,345746000.0,347561000.0,350260000.0,1713930000.0,0.0,,1.0,1.62,4355872649,2694238171,36700160,
1,zwasm,vtable_poly6,True,579248763,5,781000.0,375260000.0,375871000.0,377434000.0,1868990000.0,0.0,,1.0,1.6,4705119405,2937993798,36864000,
1,zwasm,factorial.scalar,True,-2102132736,16384,647000.0,6000.0,6000.0,6000.0,103700000.0,0.0,,0.979,1.95,320630205,164570564,37208064,
1,zwasm,sieve.scalar,True,1229,349,653000.0,5583000.0,5670000.0,7065000.0,1981740000.0,0.0,,1.0,2.3,7179222101,3114874767,37388288,
1,zwasm,crc32.scalar,True,-1910355869,41,697000.0,46491000.0,46895000.0,50613000.0,1918960000.0,0.0,,1.0,1.94,5856802587,3016289395,37617664,
1,zwasm,convolution.scalar,True,8190685,18,668000.0,104946000.0,106380000.0,108838000.0,1891870000.0,0.0,,1.0,2.02,6003460449,2973957557,37896192,
1,zwasm,bulk_memory.scalar,True,8698902,16,688000.0,124468000.0,125317000.0,127402000.0,1990370000.0,0.0,,1.0,1.97,6159000752,3128777606,38141952,
1,zwasm,eh_parser_exnref,True,830008030,16,575000.0,118361000.0,120268000.0,125735000.0,1908920000.0,0.0,,1.0,1.45,4351749359,3000388152,44711936,
1,zwasm,eh_parser_legacy,False,,,,,,,,,,,,,,,wasm_module_new failed (invalid wasm or unsupported feature)
1,zwasm,gc_trees,False,,,,,,,,,,,,,,,N/A — not run: zwasm v2.7.0 never reclaims GC structs and grows its GC heap far faster than the allocation rate (124 MB for 31K 24-byte structs); the process segfaults at ~2.3 GB
1,zwasm,callref_dispatch,True,-750120562,11,417000.0,174424000.0,176935000.0,178111000.0,1928940000.0,0.0,,1.0,1.66,5032379809,3031831680,44711936,
1,zwasm,callref_dispatch.indirect,True,-750120562,11,513000.0,172007000.0,172732000.0,173762000.0,1881490000.0,0.0,,1.0,1.65,4885047446,2957362836,44711936,
1,zwasm,relaxed_dot,False,,,,,,,,,,,,,,,init warmup failed: `relaxed_dot(7)` trapped: trap: unreachable
1,zwasm,relaxed_madd,False,,,,,,,,,,,,,,,init warmup failed: `relaxed_madd(7)` trapped: trap: unreachable
1,zwasm,multimem_transform,True,902712413,34,568000.0,56435000.0,57444000.0,58615000.0,1916890000.0,0.0,,1.0,2.03,6147074506,3035434375,44711936,
1,zwasm,multimem_transform.single,True,902712413,33,542000.0,56735000.0,57506000.0,59687000.0,1882190000.0,0.0,,1.0,2.02,5974325662,2958611902,44744704,
1,zwasm,sqlite3,False,,,,,,,,,,,,,,,N/A — the harness only has a WASI preview-1 + bench.* import shim for Pulley
10,zwasm,xmrsplayer,True,-506967015,14,7349000.0,134724000.0,135885000.0,137202000.0,1876780000.0,0.0,,1.0,1.69,5036553337,2981797566,1573650432,
10,zwasm,extconst_init,True,-1152068691,664,6984000.0,2770000.0,3093000.0,4505000.0,2067280000.0000002,0.0,,0.993,1.71,5581963459,3259399850,1162936320,
10,zwasm,extconst_init.mvp,True,-1152068691,874,4605000.0,1464000.0,1776000.0,2753000.0,1562590000.0,0.0,,0.987,1.58,3893775013,2470949756,1518960640,
10,zwasm,mem64_chase,True,433527714,10,21689000.0,202175000.0,206476000.0,207265000.0,2007450000.0,0.0,,1.0,1.05,3340720525,3183625899,98533376,
10,zwasm,mem64_chase.mem32,True,433527714,9,18619000.0,196198000.0,198410000.0,203851000.0,1776240000.0,0.0,,1.0,1.07,2998368276,2792097822,99254272,
10,zwasm,tailcall_fsm,True,-1841735369,26,1461000.0,75202000.0,76584000.0,85546000.0,1963640000.0,0.0,,0.995,1.66,5136842872,3092685063,119767040,
10,zwasm,fib,True,832040,1,1758000.0,1306407000.0,1306407000.0,1306407000.0,1259120000.0,0.0,,1.0,1.67,3298856034,1979292876,32178176,
10,zwasm,fib_tail,True,873876091,270,678000.0,7032000.0,7186000.0,8295000.0,1906110000.0,0.0,,1.0,2.26,6868621373,3044831677,32980992,
10,zwasm,factorial,False,,,,,,,,,,,,,,,init warmup failed: `factorial(20)` trapped: trap: unreachable
10,zwasm,sieve,False,,,,,,,,,,,,,,,init warmup failed: `sieve(10000)` trapped: trap: unreachable
10,zwasm,crc32,False,,,,,,,,,,,,,,,init warmup failed: `crc32(12648430)` trapped: trap: unreachable
10,zwasm,matmul_simd,False,,,,,,,,,,,,,,,init warmup failed: `matmul(48879)` trapped: trap: unreachable
10,zwasm,matmul_fma,False,,,,,,,,,,,,,,,init warmup failed: `matmul_fma(48879)` trapped: trap: unreachable
10,zwasm,convolution,False,,,,,,,,,,,,,,,init warmup failed: `convolve(51966)` trapped: trap: unreachable
10,zwasm,audio_dsp,True,761667740,1,652000.0,9627996000.0,9627996000.0,9627996000.0,9551060000.0,0.0,,1.0,1.89,28380055797,15013914546,35045376,
10,zwasm,bulk_memory,False,,,,,,,,,,,,,,,init warmup failed: `bulk_memory(45260)` trapped: trap: unreachable
10,zwasm,call_indirect,True,-9175573,12,781000.0,162998000.0,163317000.0,165559000.0,1948590000.0,0.0,,1.0,1.63,4984827547,3063113032,35553280,
10,zwasm,graphql_as,True,5,22,3455000.0,75911000.0,87153000.0,99261000.0,1938060000.0,0.0,,1.0,1.58,4809121485,3046512341,36159488,
10,zwasm,vtable_mono,True,-318559695,7,751000.0,264248000.0,264899000.0,267185000.0,1840600000.0,0.0,,1.0,1.58,4558661124,2893285071,36372480,
10,zwasm,vtable_bi,True,-208336512,5,794000.0,332726000.0,332996000.0,335002000.0,1656170000.0,0.0,,1.0,1.62,4224005654,2603376056,36552704,
10,zwasm,vtable_poly4,True,-126115384,5,818000.0,344966000.0,345826000.0,346574000.0,1716420000.0,0.0,,1.0,1.62,4365535778,2698156700,36716544,
10,zwasm,vtable_poly6,True,579248763,5,719000.0,373033000.0,373251000.0,374068000.0,1855390000.0,0.0,,1.0,1.61,4697488599,2916607606,36896768,
10,zwasm,factorial.scalar,True,-2102132736,16384,634000.0,6000.0,6000.0,6000.0,104660000.0,0.0,,0.98,1.96,325236172,166117042,37240832,
10,zwasm,sieve.scalar,True,1229,354,675000.0,5544000.0,5661000.0,6442000.0,2004410000.0,0.0,,1.0,2.31,7267426633,3150544374,37437440,
10,zwasm,crc32.scalar,True,-1910355869,42,697000.0,46337000.0,46962000.0,48818000.0,1961670000.0,0.0,,1.0,1.94,5984044980,3083407482,37617664,
10,zwasm,convolution.scalar,True,8190685,18,929000.0,104762000.0,105303000.0,107074000.0,1885810000.0,0.0,,1.0,2.02,5992848230,2964405571,37928960,
10,zwasm,bulk_memory.scalar,True,8698902,16,686000.0,124540000.0,125001000.0,128423000.0,1982320000.0,0.0,,1.0,1.97,6132077697,3116131814,38207488,
10,zwasm,eh_parser_exnref,True,830008030,16,601000.0,117299000.0,118357000.0,121366000.0,1881280000.0,0.0,,1.0,1.47,4332588786,2956918859,44744704,
10,zwasm,eh_parser_legacy,False,,,,,,,,,,,,,,,wasm_module_new failed (invalid wasm or unsupported feature)
10,zwasm,gc_trees,False,,,,,,,,,,,,,,,N/A — not run: zwasm v2.7.0 never reclaims GC structs and grows its GC heap far faster than the allocation rate (124 MB for 31K 24-byte structs); the process segfaults at ~2.3 GB
10,zwasm,callref_dispatch,True,-750120562,11,410000.0,174462000.0,176227000.0,178515000.0,1927200000.0,0.0,,1.0,1.66,5028800230,3029083670,44744704,
10,zwasm,callref_dispatch.indirect,True,-750120562,11,501000.0,172282000.0,173256000.0,179279000.0,1890240000.0,0.0,,1.0,1.65,4887564314,2971148881,44744704,
10,zwasm,relaxed_dot,False,,,,,,,,,,,,,,,init warmup failed: `relaxed_dot(7)` trapped: trap: unreachable
10,zwasm,relaxed_madd,False,,,,,,,,,,,,,,,init warmup failed: `relaxed_madd(7)` trapped: trap: unreachable
10,zwasm,multimem_transform,True,902712413,34,549000.0,56898000.0,57718000.0,60170000.0,1944590000.0,0.0,,1.0,2.01,6154522296,3059590964,44744704,
10,zwasm,multimem_transform.single,True,902712413,33,557000.0,57143000.0,57773000.0,59475000.0,1894600000.0,0.0,,1.0,2.01,5978317108,2977972612,44777472,
10,zwasm,sqlite3,False,,,,,,,,,,,,,,,N/A — the harness only has a WASI preview-1 + bench.* import shim for Pulley
2,zwasm,xmrsplayer,True,-506967015,14,10984000.0,135283000.0,135786000.0,139225000.0,1885760000.0,0.0,,1.0,1.69,5020471338,2968885956,1568587776,
2,zwasm,extconst_init,True,-1152068691,446,8489000.0,2805000.0,3093000.0,4750000.0,1380400000.0,0.0,,0.988,1.72,3755401209,2181616510,792936448,
2,zwasm,extconst_init.mvp,True,-1152068691,1177,4163999.9999999995,1475000.0,1786000.0,3126000.0,2118409999.9999998,0.0,,0.99,1.57,5236809113,3345064341,1806188544,
2,zwasm,mem64_chase,True,433527714,10,20058000.0,197954000.0,205419000.0,206357000.0,1986590000.0,0.0,,1.0,1.06,3349514744,3166073126,98385920,
2,zwasm,mem64_chase.mem32,True,433527714,10,18323000.0,194419000.0,201947000.0,203627000.0,1988110000.0,0.0,,1.0,1.07,3344847917,3125126389,99188736,
2,zwasm,tailcall_fsm,True,-1841735369,26,1534000.0,75248000.0,76675000.0,83064000.0,1960420000.0,0.0,,0.996,1.67,5141510060,3086748758,119717888,
2,zwasm,fib,True,832040,1,1655000.0,1299037000.0,1299037000.0,1299037000.0,1263860000.0,0.0,,1.0,1.68,3329076032,1986751991,32096256,
2,zwasm,fib_tail,True,873876091,274,642000.0,7050000.0,7171000.0,7784000.0,1922000000.0,0.0,,1.0,2.26,6970946291,3085247449,32882688,
2,zwasm,factorial,False,,,,,,,,,,,,,,,init warmup failed: `factorial(20)` trapped: trap: unreachable
2,zwasm,sieve,False,,,,,,,,,,,,,,,init warmup failed: `sieve(10000)` trapped: trap: unreachable
2,zwasm,crc32,False,,,,,,,,,,,,,,,init warmup failed: `crc32(12648430)` trapped: trap: unreachable
2,zwasm,matmul_simd,False,,,,,,,,,,,,,,,init warmup failed: `matmul(48879)` trapped: trap: unreachable
2,zwasm,matmul_fma,False,,,,,,,,,,,,,,,init warmup failed: `matmul_fma(48879)` trapped: trap: unreachable
2,zwasm,convolution,False,,,,,,,,,,,,,,,init warmup failed: `convolve(51966)` trapped: trap: unreachable
2,zwasm,audio_dsp,True,761667740,1,732000.0,9613621000.0,9613621000.0,9613621000.0,9541880000.0,0.0,,1.0,1.89,28399304118,14999513457,35028992,
2,zwasm,bulk_memory,False,,,,,,,,,,,,,,,init warmup failed: `bulk_memory(45260)` trapped: trap: unreachable
2,zwasm,call_indirect,True,-9175573,12,635000.0,161598000.0,162045000.0,164835000.0,1936000000.0,0.0,,1.0,1.64,4986319226,3043325698,35504128,
2,zwasm,graphql_as,True,5,22,3334000.0,76626000.0,86360000.0,101779000.0,1933850000.0,0.0,,1.0,1.58,4811384713,3039949516,36126720,
2,zwasm,vtable_mono,True,-318559695,7,721000.0,263303000.0,264110000.0,265404999.99999997,1830290000.0,0.0,,1.0,1.58,4549150524,2877036540,36388864,
2,zwasm,vtable_bi,True,-208336512,5,737000.0,334231000.0,334980000.0,339264000.0,1665790000.0,0.0,,1.0,1.61,4223729637,2618540406,36552704,
2,zwasm,vtable_poly4,True,-126115384,5,702000.0,343658000.0,344236000.0,346883000.0,1703500000.0,0.0,,1.0,1.62,4346297996,2677842751,36700160,
2,zwasm,vtable_poly6,True,579248763,5,740000.0,373010000.0,374051000.0,375596000.0,1851680000.0,0.0,,1.0,1.61,4689445507,2910744648,36880384,
2,zwasm,factorial.scalar,True,-2102132736,16384,613000.0,6000.0,6000.0,6000.0,103730000.0,0.0,,0.979,1.95,321371828,164629118,37224448,
2,zwasm,sieve.scalar,True,1229,349,653000.0,5572000.0,5668000.0,6286000.0,1982170000.0,0.0,,1.0,2.31,7189523246,3115462470,37421056,
2,zwasm,crc32.scalar,True,-1910355869,42,697000.0,46367000.0,46822000.0,49740000.0,1958200000.0,0.0,,1.0,1.94,5983073261,3077836756,37617664,
2,zwasm,convolution.scalar,True,8190685,18,806000.0,104458000.0,105253000.0,108016000.0,1880620000.0,0.0,,1.0,2.03,5991116180,2956269983,37928960,
2,zwasm,bulk_memory.scalar,True,8698902,15,670000.0,124415000.0,125049000.0,126163000.0,1863460000.0,0.0,,1.0,1.97,5768807668,2929298699,38174720,
2,zwasm,eh_parser_exnref,True,830008030,16,639000.0,116839000.0,118604000.0,125489000.0,1890540000.0,0.0,,1.0,1.46,4349539286,2971584591,44695552,
2,zwasm,eh_parser_legacy,False,,,,,,,,,,,,,,,wasm_module_new failed (invalid wasm or unsupported feature)
2,zwasm,gc_trees,False,,,,,,,,,,,,,,,N/A — not run: zwasm v2.7.0 never reclaims GC structs and grows its GC heap far faster than the allocation rate (124 MB for 31K 24-byte structs); the process segfaults at ~2.3 GB
2,zwasm,callref_dispatch,True,-750120562,11,520000.0,174462000.0,176324000.0,177963000.0,1930980000.0,0.0,,1.0,1.66,5040470182,3035001096,44695552,
2,zwasm,callref_dispatch.indirect,True,-750120562,11,469000.0,171618000.0,172095000.0,174286000.0,1881420000.0,0.0,,1.0,1.65,4892074524,2957295104,44695552,
2,zwasm,relaxed_dot,False,,,,,,,,,,,,,,,init warmup failed: `relaxed_dot(7)` trapped: trap: unreachable
2,zwasm,relaxed_madd,False,,,,,,,,,,,,,,,init warmup failed: `relaxed_madd(7)` trapped: trap: unreachable
2,zwasm,multimem_transform,True,902712413,34,577000.0,56260000.0,57313000.0,59916000.0,1933590000.0,0.0,,1.0,2.03,6171763394,3042646706,44695552,
2,zwasm,multimem_transform.single,True,902712413,34,555000.0,56937000.0,57355000.0,59352000.0,1939630000.0,0.0,,1.0,2.02,6157754813,3048909304,44728320,
2,zwasm,sqlite3,False,,,,,,,,,,,,,,,N/A — the harness only has a WASI preview-1 + bench.* import shim for Pulley
3,zwasm,xmrsplayer,True,-506967015,14,7031000.0,135231000.0,136283000.0,140787000.0,1890230000.0,0.0,,1.0,1.69,5030418609,2977477912,1368227840,
3,zwasm,extconst_init,True,-1152068691,495,6781000.0,2802000.0,3094000.0,4815000.0,1540270000.0,0.0,,0.988,1.72,4185106474,2435678913,876068864,
3,zwasm,extconst_init.mvp,True,-1152068691,1258,3923000.0,1480000.0,1790000.0,3176000.0,2263220000.0,0.0,,0.99,1.56,5571752136,3572755232,1707540480,
3,zwasm,mem64_chase,True,433527714,10,23622000.0,198207000.0,204634000.0,205738000.0,2012880000.0,0.0,,1.0,1.06,3341448077,3164088552,98320384,
3,zwasm,mem64_chase.mem32,True,433527714,9,18846000.0,196276000.0,200000000.0,202118000.0,1782650000.0,0.0,,1.0,1.07,3011482415,2802276817,99237888,
3,zwasm,tailcall_fsm,True,-1841735369,26,1570000.0,74474000.0,76808000.0,84885000.0,1955480000.0,0.0,,0.996,1.66,5120789035,3079320396,119701504,
3,zwasm,fib,True,832040,1,1877000.0,1296287000.0,1296287000.0,1296287000.0,1254260000.0,0.0,,1.0,1.68,3306254672,1971630259,32063488,
3,zwasm,fib_tail,True,873876091,276,707000.0,7033000.0,7208000.0,8687000.0,1957670000.0,0.0,,1.0,2.25,7026566819,3120519363,32866304,
3,zwasm,factorial,False,,,,,,,,,,,,,,,init warmup failed: `factorial(20)` trapped: trap: unreachable
3,zwasm,sieve,False,,,,,,,,,,,,,,,init warmup failed: `sieve(10000)` trapped: trap: unreachable
3,zwasm,crc32,False,,,,,,,,,,,,,,,init warmup failed: `crc32(12648430)` trapped: trap: unreachable
3,zwasm,matmul_simd,False,,,,,,,,,,,,,,,init warmup failed: `matmul(48879)` trapped: trap: unreachable
3,zwasm,matmul_fma,False,,,,,,,,,,,,,,,init warmup failed: `matmul_fma(48879)` trapped: trap: unreachable
3,zwasm,convolution,False,,,,,,,,,,,,,,,init warmup failed: `convolve(51966)` trapped: trap: unreachable
3,zwasm,audio_dsp,True,761667740,1,646000.0,9616333000.0,9616333000.0,9616333000.0,9546630000.0,0.0,,1.0,1.89,28397728055,15006985708,35028992,
3,zwasm,bulk_memory,False,,,,,,,,,,,,,,,init warmup failed: `bulk_memory(45260)` trapped: trap: unreachable
3,zwasm,call_indirect,True,-9175573,12,678000.0,162396000.0,163850000.0,165311000.0,1945130000.0,0.0,,1.0,1.63,4983128551,3057673099,35471360,
3,zwasm,graphql_as,True,5,22,3268000.0,76065000.0,86710000.0,100846000.0,1934590000.0,0.0,,1.0,1.58,4805672387,3041122529,36077568,
3,zwasm,vtable_mono,True,-318559695,7,725000.0,263699000.0,265007999.99999997,266413000.0,1844290000.0,0.0,,1.0,1.57,4565788476,2899053126,36306944,
3,zwasm,vtable_bi,True,-208336512,5,727000.0,333296000.0,334140000.0,337199000.0,1656180000.0,0.0,,1.0,1.62,4222662448,2603469007,36470784,
3,zwasm,vtable_poly4,True,-126115384,5,715000.0,346377000.0,347569000.0,356084000.0,1722300000.0,0.0,,1.0,1.61,4371778914,2707358628,36634624,
3,zwasm,vtable_poly6,True,579248763,5,741000.0,372691000.0,374173000.0,378800000.0,1853970000.0,0.0,,1.0,1.61,4690318287,2914383251,36847616,
3,zwasm,factorial.scalar,True,-2102132736,16384,647000.0,6000.0,6000.0,6000.0,103960000.0,0.0,,0.979,1.96,323295204,164981734,37175296,
3,zwasm,sieve.scalar,True,1229,342,675000.0,5571000.0,5677000.0,6075000.0,1945670000.0,0.0,,1.0,2.3,7048497653,3058152818,37371904,
3,zwasm,crc32.scalar,True,-1910355869,41,727000.0,46475000.0,46954000.0,50112000.0,1917160000.0,0.0,,1.0,1.94,5842284178,3013472432,37552128,
3,zwasm,convolution.scalar,True,8190685,18,751000.0,104955000.0,105621000.0,106882000.0,1886000000.0,0.0,,1.0,2.02,5994742418,2964736217,37879808,
3,zwasm,bulk_memory.scalar,True,8698902,15,725000.0,124505000.0,125439000.0,127255000.0,1867550000.0,0.0,,1.0,1.97,5777117783,2935701968,38141952,
3,zwasm,eh_parser_exnref,True,830008030,16,595000.0,118053000.0,119667000.0,121876000.0,1898910000.0,0.0,,1.0,1.45,4339594275,2984794047,44679168,
3,zwasm,eh_parser_legacy,False,,,,,,,,,,,,,,,wasm_module_new failed (invalid wasm or unsupported feature)
3,zwasm,gc_trees,False,,,,,,,,,,,,,,,N/A — not run: zwasm v2.7.0 never reclaims GC structs and grows its GC heap far faster than the allocation rate (124 MB for 31K 24-byte structs); the process segfaults at ~2.3 GB
3,zwasm,callref_dispatch,True,-750120562,11,414000.0,174564000.0,176512000.0,180341000.0,1925590000.0,0.0,,1.0,1.66,5024568187,3026615890,44679168,
3,zwasm,callref_dispatch.indirect,True,-750120562,11,507000.0,171689000.0,172587000.0,174807000.0,1883130000.0,0.0,,1.0,1.65,4889380809,2959951106,44679168,
3,zwasm,relaxed_dot,False,,,,,,,,,,,,,,,init warmup failed: `relaxed_dot(7)` trapped: trap: unreachable
3,zwasm,relaxed_madd,False,,,,,,,,,,,,,,,init warmup failed: `relaxed_madd(7)` trapped: trap: unreachable
3,zwasm,multimem_transform,True,902712413,34,484000.0,56603000.0,57465000.0,61812000.0,1953880000.0,0.0,,1.0,2.02,6188692006,3070996612,44679168,
3,zwasm,multimem_transform.single,True,902712413,34,625000.0,56473000.0,57523000.0,60516000.0,1941430000.0,0.0,,1.0,2.02,6160692859,3051547596,44679168,
3,zwasm,sqlite3,False,,,,,,,,,,,,,,,N/A — the harness only has a WASI preview-1 + bench.* import shim for Pulley
4,zwasm,xmrsplayer,True,-506967015,14,7672000.0,134900000.0,136048000.0,137702000.0,1867150000.0,0.0,,1.0,1.69,5013748623,2968710475,1411497984,
4,zwasm,extconst_init,True,-1152068691,647,6163000.0,2774000.0,3102000.0,4634000.0,2015380000.0,0.0,,0.99,1.71,5449916682,3178591164,1133985792,
4,zwasm,extconst_init.mvp,True,-1152068691,919,6119000.0,1484000.0,1773000.0,2491000.0,1640040000.0,0.0,,0.989,1.58,4091002185,2591491524,1595375616,
4,zwasm,mem64_chase,True,433527714,10,18887000.0,198869000.0,205379000.0,207082000.0,1984230000.0,0.0,,1.0,1.05,3327812429,3159696706,98418688,
4,zwasm,mem64_chase.mem32,True,433527714,10,18330000.0,197156000.0,201546000.0,202654000.0,1980180000.0,0.0,,1.0,1.07,3337842159,3113170992,99188736,
4,zwasm,tailcall_fsm,True,-1841735369,26,1464000.0,75188000.0,77537000.0,85695000.0,1977240000.0,0.0,,0.995,1.65,5131585006,3113751286,119767040,
4,zwasm,fib,True,832040,1,1956000.0,1290373000.0,1290373000.0,1290373000.0,1261660000.0,0.0,,1.0,1.68,3322104728,1983288303,32129024,
4,zwasm,fib_tail,True,873876091,280,723000.0,7034000.0,7210000.0,7808000.0,1993280000.0,0.0,,1.0,2.25,7148025967,3172083456,32866304,
4,zwasm,factorial,False,,,,,,,,,,,,,,,init warmup failed: `factorial(20)` trapped: trap: unreachable
4,zwasm,sieve,False,,,,,,,,,,,,,,,init warmup failed: `sieve(10000)` trapped: trap: unreachable
4,zwasm,crc32,False,,,,,,,,,,,,,,,init warmup failed: `crc32(12648430)` trapped: trap: unreachable
4,zwasm,matmul_simd,False,,,,,,,,,,,,,,,init warmup failed: `matmul(48879)` trapped: trap: unreachable
4,zwasm,matmul_fma,False,,,,,,,,,,,,,,,init warmup failed: `matmul_fma(48879)` trapped: trap: unreachable
4,zwasm,convolution,False,,,,,,,,,,,,,,,init warmup failed: `convolve(51966)` trapped: trap: unreachable
4,zwasm,audio_dsp,True,761667740,1,640000.0,9631308000.0,9631308000.0,9631308000.0,9549320000.0,0.0,,1.0,1.89,28393207891,15011206015,35127296,
4,zwasm,bulk_memory,False,,,,,,,,,,,,,,,init warmup failed: `bulk_memory(45260)` trapped: trap: unreachable
4,zwasm,call_indirect,True,-9175573,12,635000.0,162540000.0,163032000.0,166577000.0,1947890000.0,0.0,,1.0,1.63,4996412216,3062022878,35569664,
4,zwasm,graphql_as,True,5,22,3316000.0,76577000.0,87181000.0,99631000.0,1939790000.0,0.0,,1.0,1.58,4814832241,3049285728,36159488,
4,zwasm,vtable_mono,True,-318559695,7,748000.0,264415000.00000003,265706000.00000003,267885000.0,1839340000.0,0.0,,1.0,1.57,4551859301,2891389523,36388864,
4,zwasm,vtable_bi,True,-208336512,5,924000.0,332580000.0,333937000.0,334987000.0,1652180000.0,0.0,,1.0,1.62,4216731588,2597121783,36552704,
4,zwasm,vtable_poly4,True,-126115384,5,912000.0,345141000.0,346222000.0,347839000.0,1718840000.0,0.0,,1.0,1.62,4373360364,2701960514,36716544,
4,zwasm,vtable_poly6,True,579248763,5,724000.0,373232000.0,373989000.0,375895000.0,1865190000.0,0.0,,1.0,1.61,4719635985,2932026607,36896768,
4,zwasm,factorial.scalar,True,-2102132736,16384,626000.0,6000.0,6000.0,6000.0,99770000.0,0.0,,0.979,1.96,309725342,158318972,37224448,
4,zwasm,sieve.scalar,True,1229,345,675000.0,5582000.0,5670000.0,6790000.0,1953760000.0,0.0,,1.0,2.31,7079236279,3071188501,37421056,
4,zwasm,crc32.scalar,True,-1910355869,42,628000.0,46653000.0,47102000.0,49557000.0,1961720000.0,0.0,,1.0,1.94,5988099990,3083396880,37617664,
4,zwasm,convolution.scalar,True,8190685,19,661000.0,104972000.0,105678000.0,107666000.0,2000260000.0,0.0,,1.0,2.02,6356798776,3144320604,37912576,
4,zwasm,bulk_memory.scalar,True,8698902,15,686000.0,124683000.0,125502000.0,127771000.0,1867020000.0,0.0,,1.0,1.97,5771983292,2934895689,38158336,
4,zwasm,eh_parser_exnref,True,830008030,16,627000.0,117729000.0,120149000.0,122818000.0,1899190000.0,0.0,,1.0,1.45,4342683068,2985344492,44679168,
4,zwasm,eh_parser_legacy,False,,,,,,,,,,,,,,,wasm_module_new failed (invalid wasm or unsupported feature)
4,zwasm,gc_trees,False,,,,,,,,,,,,,,,N/A — not run: zwasm v2.7.0 never reclaims GC structs and grows its GC heap far faster than the allocation rate (124 MB for 31K 24-byte structs); the process segfaults at ~2.3 GB
4,zwasm,callref_dispatch,True,-750120562,11,415000.0,174850000.0,176737000.0,183713000.0,1925720000.0,0.0,,1.0,1.66,5015396088,3026755008,44679168,
4,zwasm,callref_dispatch.indirect,True,-750120562,11,486000.0,171186000.0,172089000.0,174109000.0,1879410000.0,0.0,,1.0,1.65,4884298413,2954217832,44679168,
4,zwasm,relaxed_dot,False,,,,,,,,,,,,,,,init warmup failed: `relaxed_dot(7)` trapped: trap: unreachable
4,zwasm,relaxed_madd,False,,,,,,,,,,,,,,,init warmup failed: `relaxed_madd(7)` trapped: trap: unreachable
4,zwasm,multimem_transform,True,902712413,35,681000.0,56120000.0,57566000.0,58435000.0,1991660000.0,0.0,,1.0,2.02,6321648382,3130489283,44679168,
4,zwasm,multimem_transform.single,True,902712413,34,549000.0,56260000.0,57426000.0,59442000.0,1943200000.0,0.0,,1.0,2.02,6175100556,3054288229,44728320,
4,zwasm,sqlite3,False,,,,,,,,,,,,,,,N/A — the harness only has a WASI preview-1 + bench.* import shim for Pulley
5,zwasm,xmrsplayer,True,-506967015,14,8134000.0,135212000.0,135719000.0,136404000.0,1863610000.0,0.0,,1.0,1.69,5015756872,2967536852,1306492928,
5,zwasm,extconst_init,True,-1152068691,474,6333000.0,2803000.0,3087000.0,4620000.0,1476640000.0,0.0,,0.99,1.72,4021688691,2332264735,840531968,
5,zwasm,extconst_init.mvp,True,-1152068691,1246,3806000.0,1504000.0,1788000.0,4582000.0,2237610000.0,0.0,,0.99,1.56,5517874084,3533285574,1443676160,
5,zwasm,mem64_chase,True,433527714,10,20838000.0,199453000.0,204316000.0,207887000.0,1995140000.0,0.0,,1.0,1.06,3348228401,3173592282,98549760,
5,zwasm,mem64_chase.mem32,True,433527714,9,19057000.0,195474000.0,202219000.0,203116000.0,1795790000.0,0.0,,1.0,1.07,3013901699,2822924388,99319808,
5,zwasm,tailcall_fsm,True,-1841735369,26,1573000.0,74859000.0,76952000.0,84983000.0,1967050000.0,0.0,,0.996,1.66,5133860748,3097352318,119750656,
5,zwasm,fib,True,832040,1,1768000.0,1297054000.0,1297054000.0,1297054000.0,1270710000.0,0.0,,1.0,1.66,3323418190,1997478055,32079872,
5,zwasm,fib_tail,True,873876091,269,737000.0,7036000.0,7180000.0,7877000.0,1900410000.0,0.0,,1.0,2.26,6849888815,3036388406,32866304,
5,zwasm,factorial,False,,,,,,,,,,,,,,,init warmup failed: `factorial(20)` trapped: trap: unreachable
5,zwasm,sieve,False,,,,,,,,,,,,,,,init warmup failed: `sieve(10000)` trapped: trap: unreachable
5,zwasm,crc32,False,,,,,,,,,,,,,,,init warmup failed: `crc32(12648430)` trapped: trap: unreachable
5,zwasm,matmul_simd,False,,,,,,,,,,,,,,,init warmup failed: `matmul(48879)` trapped: trap: unreachable
5,zwasm,matmul_fma,False,,,,,,,,,,,,,,,init warmup failed: `matmul_fma(48879)` trapped: trap: unreachable
5,zwasm,convolution,False,,,,,,,,,,,,,,,init warmup failed: `convolve(51966)` trapped: trap: unreachable
5,zwasm,audio_dsp,True,761667740,1,626000.0,9642990000.0,9642990000.0,9642990000.0,9551560000.0,0.0,,1.0,1.89,28361795145,15014736383,35045376,
5,zwasm,bulk_memory,False,,,,,,,,,,,,,,,init warmup failed: `bulk_memory(45260)` trapped: trap: unreachable
5,zwasm,call_indirect,True,-9175573,12,680000.0,162154000.0,162674000.0,165491000.0,1944200000.0,0.0,,1.0,1.63,4994223565,3056215143,35569664,
5,zwasm,graphql_as,True,5,22,3303000.0,76002000.0,87103000.0,99061000.0,1939850000.0,0.0,,1.0,1.58,4818861744,3049384504,36110336,
5,zwasm,vtable_mono,True,-318559695,7,1044000.0,263848000.0,264906999.99999997,274348000.0,1843590000.0,0.0,,1.0,1.58,4564943632,2898005980,36356096,
5,zwasm,vtable_bi,True,-208336512,5,733000.0,333072000.0,334498000.0,337672000.0,1652150000.0,0.0,,1.0,1.62,4204773567,2597098733,36503552,
5,zwasm,vtable_poly4,True,-126115384,5,726000.0,344859000.0,345302000.0,347497000.0,1713940000.0,0.0,,1.0,1.62,4359110417,2694269539,36683776,
5,zwasm,vtable_poly6,True,579248763,5,698000.0,372317000.0,373813000.0,375144000.0,1852700000.0,0.0,,1.0,1.61,4692166240,2912391217,36831232,
5,zwasm,factorial.scalar,True,-2102132736,16384,586000.0,6000.0,6000.0,6000.0,99030000.0,0.0,,0.978,1.96,307990588,157140636,37224448,
5,zwasm,sieve.scalar,True,1229,336,647000.0,5582000.0,5673000.0,6155000.0,1911400000.0,0.0,,1.0,2.3,6919550580,3004259786,37404672,
5,zwasm,crc32.scalar,True,-1910355869,42,675000.0,46529000.0,47031000.0,48605000.0,1962790000.0,0.0,,1.0,1.94,5989737134,3085152350,37634048,
5,zwasm,convolution.scalar,True,8190685,19,622000.0,104589000.0,105481000.0,110958000.0,2000910000.0,0.0,,1.0,2.02,6348543264,3145375414,37896192,
5,zwasm,bulk_memory.scalar,True,8698902,16,694000.0,124624000.0,125329000.0,127194000.0,1992890000.0,0.0,,1.0,1.97,6163239679,3132725956,38141952,
5,zwasm,eh_parser_exnref,True,830008030,16,590000.0,117183000.0,118387000.0,121800000.0,1893000000.0,0.0,,1.0,1.46,4352272044,2975564454,44679168,
5,zwasm,eh_parser_legacy,False,,,,,,,,,,,,,,,wasm_module_new failed (invalid wasm or unsupported feature)
5,zwasm,gc_trees,False,,,,,,,,,,,,,,,N/A — not run: zwasm v2.7.0 never reclaims GC structs and grows its GC heap far faster than the allocation rate (124 MB for 31K 24-byte structs); the process segfaults at ~2.3 GB
5,zwasm,callref_dispatch,True,-750120562,11,414000.0,174699000.0,176246000.0,178698000.0,1920620000.0,0.0,,1.0,1.66,5008637721,3018915686,44679168,
5,zwasm,callref_dispatch.indirect,True,-750120562,11,458000.0,171445000.0,172666000.0,174358000.0,1881050000.0,0.0,,1.0,1.65,4881845262,2956758607,44679168,
5,zwasm,relaxed_dot,False,,,,,,,,,,,,,,,init warmup failed: `relaxed_dot(7)` trapped: trap: unreachable
5,zwasm,relaxed_madd,False,,,,,,,,,,,,,,,init warmup failed: `relaxed_madd(7)` trapped: trap: unreachable
5,zwasm,multimem_transform,True,902712413,34,542000.0,56400000.0,57435000.0,59322000.0,1938010000.0,0.0,,1.0,2.02,6152855306,3046104565,44679168,
5,zwasm,multimem_transform.single,True,902712413,34,532000.0,56338000.0,57541000.0,59645000.0,1942980000.0,0.0,,1.0,2.02,6162894013,3054172600,44744704,
5,zwasm,sqlite3,False,,,,,,,,,,,,,,,N/A — the harness only has a WASI preview-1 + bench.* import shim for Pulley
6,zwasm,xmrsplayer,True,-506967015,14,7976000.0,135295000.0,136095000.0,137698000.0,1868530000.0,0.0,,1.0,1.69,5023828121,2971874107,1425145856,
6,zwasm,extconst_init,True,-1152068691,629,6876000.0,2808000.0,3095000.0,4562000.0,1950240000.0,0.0,,0.993,1.72,5279982296,3074645236,1103609856,
6,zwasm,extconst_init.mvp,True,-1152068691,1041,3771000.0,1492000.0,1787000.0,2869000.0,1873060000.0,0.0,,0.988,1.56,4631434694,2960224186,1711816704,
6,zwasm,mem64_chase,True,433527714,10,19492000.0,201647000.0,206383000.0,208929000.0,2020330000.0,0.0,,1.0,1.04,3340663994,3197176612,98402304,
6,zwasm,mem64_chase.mem32,True,433527714,10,18482000.0,192847000.0,200963000.0,203513000.0,1973020000.0,0.0,,1.0,1.08,3339065791,3101373730,99270656,
6,zwasm,tailcall_fsm,True,-1841735369,26,2122000.0,75692000.0,77028000.0,84985000.0,1976300000.0,0.0,,0.996,1.65,5143273511,3112331278,119783424,
6,zwasm,fib,True,832040,1,2041000.0,1293539000.0,1293539000.0,1293539000.0,1255430000.0,0.0,,1.0,1.67,3295926886,1973505012,32112640,
6,zwasm,fib_tail,True,873876091,277,664000.0,7025000.0,7178000.0,7762000.0,1943580000.0,0.0,,1.0,2.26,7052153605,3124841839,32915456,
6,zwasm,factorial,False,,,,,,,,,,,,,,,init warmup failed: `factorial(20)` trapped: trap: unreachable
6,zwasm,sieve,False,,,,,,,,,,,,,,,init warmup failed: `sieve(10000)` trapped: trap: unreachable
6,zwasm,crc32,False,,,,,,,,,,,,,,,init warmup failed: `crc32(12648430)` trapped: trap: unreachable
6,zwasm,matmul_simd,False,,,,,,,,,,,,,,,init warmup failed: `matmul(48879)` trapped: trap: unreachable
6,zwasm,matmul_fma,False,,,,,,,,,,,,,,,init warmup failed: `matmul_fma(48879)` trapped: trap: unreachable
6,zwasm,convolution,False,,,,,,,,,,,,,,,init warmup failed: `convolve(51966)` trapped: trap: unreachable
6,zwasm,audio_dsp,True,761667740,1,741000.0,9626201000.0,9626201000.0,9626201000.0,9538900000.0,0.0,,1.0,1.89,28382555586,14994789567,35078144,
6,zwasm,bulk_memory,False,,,,,,,,,,,,,,,init warmup failed: `bulk_memory(45260)` trapped: trap: unreachable
6,zwasm,call_indirect,True,-9175573,12,908000.0,162192000.0,163131000.0,164602000.0,1943940000.0,0.0,,1.0,1.63,4983619566,3055818443,35586048,
6,zwasm,graphql_as,True,5,22,3657000.0,75651000.0,86816000.0,99119000.0,1931470000.0,0.0,,1.0,1.58,4795153779,3036219691,36175872,
6,zwasm,vtable_mono,True,-318559695,7,752000.0,266173000.0,267112000.00000003,267733000.0,1854250000.0,0.0,,1.0,1.56,4551612189,2914738377,36421632,
6,zwasm,vtable_bi,True,-208336512,5,1004000.0,339113000.0,339708000.0,340146000.0,1693720000.0,0.0,,1.0,1.59,4243841491,2662484335,36585472,
6,zwasm,vtable_poly4,True,-126115384,5,768000.0,349517000.0,350642000.0,351827000.0,1736120000.0,0.0,,1.0,1.6,4358721377,2729126463,36765696,
6,zwasm,vtable_poly6,True,579248763,5,829000.0,375720000.0,376152000.0,378071000.0,1858640000.0,0.0,,1.0,1.6,4675540978,2921701522,36929536,
6,zwasm,factorial.scalar,True,-2102132736,16384,653000.0,6000.0,6000.0,6000.0,100700000.0,0.0,,0.979,1.94,310725718,159917246,37273600,
6,zwasm,sieve.scalar,True,1229,353,728000.0,5559000.0,5650000.0,6256000.0,2001000000.0,0.0,,1.0,2.31,7262622611,3145045424,37470208,
6,zwasm,crc32.scalar,True,-1910355869,41,676000.0,46555000.0,47051000.0,76534000.0,1912160000.0,0.0,,1.0,1.94,5821013764,3005461579,37650432,
6,zwasm,convolution.scalar,True,8190685,18,672000.0,104804000.0,105500000.0,107351000.0,1886480000.0,0.0,,1.0,2.02,6000243441,2965495964,37978112,
6,zwasm,bulk_memory.scalar,True,8698902,16,666000.0,124744000.0,127291000.0,205875000.0,2000490000.0,0.0,,1.0,1.96,6175238155,3144708467,38223872,
6,zwasm,eh_parser_exnref,True,830008030,17,632000.0,117262000.0,119177000.0,143237000.0,2000530000.0,0.0,,1.0,1.47,4622852414,3144612954,45154304,
6,zwasm,eh_parser_legacy,False,,,,,,,,,,,,,,,wasm_module_new failed (invalid wasm or unsupported feature)
6,zwasm,gc_trees,False,,,,,,,,,,,,,,,N/A — not run: zwasm v2.7.0 never reclaims GC structs and grows its GC heap far faster than the allocation rate (124 MB for 31K 24-byte structs); the process segfaults at ~2.3 GB
6,zwasm,callref_dispatch,True,-750120562,11,443000.0,175778000.0,176423000.0,180070000.0,1917100000.0,0.0,,1.0,1.66,5012412029,3013463523,45154304,
6,zwasm,callref_dispatch.indirect,True,-750120562,11,505000.0,172494000.0,173448000.0,174861000.0,1887580000.0,0.0,,1.0,1.65,4883923752,2966918287,45154304,
6,zwasm,relaxed_dot,False,,,,,,,,,,,,,,,init warmup failed: `relaxed_dot(7)` trapped: trap: unreachable
6,zwasm,relaxed_madd,False,,,,,,,,,,,,,,,init warmup failed: `relaxed_madd(7)` trapped: trap: unreachable
6,zwasm,multimem_transform,True,902712413,33,574000.0,56976000.0,57829000.0,62153000.0,1891980000.0,0.0,,1.0,2.01,5977831430,2974717406,45154304,
6,zwasm,multimem_transform.single,True,902712413,34,551000.0,56866000.0,57689000.0,60466000.0,1947030000.0,0.0,,1.0,2.01,6150506893,3060508674,45154304,
6,zwasm,sqlite3,False,,,,,,,,,,,,,,,N/A — the harness only has a WASI preview-1 + bench.* import shim for Pulley
7,zwasm,xmrsplayer,True,-506967015,14,8460000.0,135366000.0,135717000.0,138094000.0,1876040000.0,0.0,,1.0,1.69,5028638727,2972798275,1606041600,
7,zwasm,extconst_init,True,-1152068691,663,8026999.999999999,2823000.0,3098000.0,4179999.9999999995,2060969999.9999998,0.0,,0.993,1.72,5576372481,3249936168,1161232384,
7,zwasm,extconst_init.mvp,True,-1152068691,1230,3954000.0,1488000.0,1786000.0,3289000.0,2215290000.0,0.0,,0.989,1.56,5465663189,3499238852,1775910912,
7,zwasm,mem64_chase,True,433527714,10,19050000.0,200126000.0,205046000.0,207004000.0,2017710000.0,0.0,,1.0,1.05,3343386714,3171679594,98320384,
7,zwasm,mem64_chase.mem32,True,433527714,10,18793000.0,194741000.0,202493000.0,204321000.0,1988210000.0,0.0,,1.0,1.07,3346656005,3125191749,99270656,
7,zwasm,tailcall_fsm,True,-1841735369,27,1551000.0,75217000.0,76718000.0,80948000.0,2041120000.0,0.0,,0.996,1.66,5327760077,3213565171,122929152,
7,zwasm,fib,True,832040,1,1644000.0,1296737000.0,1296737000.0,1296737000.0,1261440000.0,0.0,,1.0,1.67,3306140093,1982950459,32112640,
7,zwasm,fib_tail,True,873876091,272,610000.0,7035000.0,7204000.0,8415000.0,1920300000.0,0.0,,1.0,2.25,6926144290,3076794947,32882688,
7,zwasm,factorial,False,,,,,,,,,,,,,,,init warmup failed: `factorial(20)` trapped: trap: unreachable
7,zwasm,sieve,False,,,,,,,,,,,,,,,init warmup failed: `sieve(10000)` trapped: trap: unreachable
7,zwasm,crc32,False,,,,,,,,,,,,,,,init warmup failed: `crc32(12648430)` trapped: trap: unreachable
7,zwasm,matmul_simd,False,,,,,,,,,,,,,,,init warmup failed: `matmul(48879)` trapped: trap: unreachable
7,zwasm,matmul_fma,False,,,,,,,,,,,,,,,init warmup failed: `matmul_fma(48879)` trapped: trap: unreachable
7,zwasm,convolution,False,,,,,,,,,,,,,,,init warmup failed: `convolve(51966)` trapped: trap: unreachable
7,zwasm,audio_dsp,True,761667740,1,938000.0,9628701000.0,9628701000.0,9628701000.0,9556560000.0,0.0,,1.0,1.89,28404208100,15022555887,35012608,
7,zwasm,bulk_memory,False,,,,,,,,,,,,,,,init warmup failed: `bulk_memory(45260)` trapped: trap: unreachable
7,zwasm,call_indirect,True,-9175573,12,673000.0,162101000.0,163003000.0,165206000.0,1934630000.0,0.0,,1.0,1.63,4971262280,3041189786,35569664,
7,zwasm,graphql_as,True,5,22,3256000.0,76305000.0,87155000.0,99684000.0,1938030000.0,0.0,,1.0,1.58,4814823029,3046515677,36110336,
7,zwasm,vtable_mono,True,-318559695,7,786000.0,264434000.00000003,265685000.0,271868000.0,1845280000.0,0.0,,1.0,1.57,4565147481,2900653386,36306944,
7,zwasm,vtable_bi,True,-208336512,5,758000.0,333237000.0,334274000.0,335217000.0,1652160000.0,0.0,,1.0,1.62,4213204072,2597147912,36487168,
7,zwasm,vtable_poly4,True,-126115384,5,760000.0,345262000.0,346238000.0,348958000.0,1715440000.0,0.0,,1.0,1.62,4366551660,2696601993,36700160,
7,zwasm,vtable_poly6,True,579248763,5,761000.0,373033000.0,374201000.0,375602000.0,1849890000.0,0.0,,1.0,1.61,4682120197,2907978547,36880384,
7,zwasm,factorial.scalar,True,-2102132736,16384,640000.0,6000.0,6000.0,6000.0,103030000.0,0.0,,0.979,1.96,321031000,163478847,37224448,
7,zwasm,sieve.scalar,True,1229,337,659000.0,5574000.0,5666000.0,6285000.0,1910380000.0,0.0,,1.0,2.31,6925314444,3002823976,37404672,
7,zwasm,crc32.scalar,True,-1910355869,41,709000.0,46466000.0,46922000.0,48995000.0,1912530000.0,0.0,,1.0,1.94,5839830762,3006291525,37601280,
7,zwasm,convolution.scalar,True,8190685,19,674000.0,104797000.0,105542000.0,109220000.0,1994900000.0,0.0,,1.0,2.02,6338060919,3135898836,37879808,
7,zwasm,bulk_memory.scalar,True,8698902,15,692000.0,124770000.0,125130000.0,126476000.0,1868490000.0,0.0,,1.0,1.97,5783633615,2937181757,38141952,
7,zwasm,eh_parser_exnref,True,830008030,16,590000.0,117210000.0,118440000.0,122359000.0,1892250000.0,0.0,,1.0,1.46,4349932568,2974294153,44695552,
7,zwasm,eh_parser_legacy,False,,,,,,,,,,,,,,,wasm_module_new failed (invalid wasm or unsupported feature)
7,zwasm,gc_trees,False,,,,,,,,,,,,,,,N/A — not run: zwasm v2.7.0 never reclaims GC structs and grows its GC heap far faster than the allocation rate (124 MB for 31K 24-byte structs); the process segfaults at ~2.3 GB
7,zwasm,callref_dispatch,True,-750120562,11,404000.0,175037000.0,176679000.0,180751000.0,1925570000.0,0.0,,1.0,1.66,5019720122,3026601580,44695552,
7,zwasm,callref_dispatch.indirect,True,-750120562,11,778000.0,172047000.0,172641000.0,176636000.0,1881690000.0,0.0,,1.0,1.65,4881165888,2957960707,44695552,
7,zwasm,relaxed_dot,False,,,,,,,,,,,,,,,init warmup failed: `relaxed_dot(7)` trapped: trap: unreachable
7,zwasm,relaxed_madd,False,,,,,,,,,,,,,,,init warmup failed: `relaxed_madd(7)` trapped: trap: unreachable
7,zwasm,multimem_transform,True,902712413,34,621000.0,56720000.0,57575000.0,61074000.0,1935050000.0,0.0,,1.0,2.02,6159834981,3046207831,44695552,
7,zwasm,multimem_transform.single,True,902712413,35,572000.0,56542000.0,57433000.0,59150000.0,1991240000.0,0.0,,1.0,2.02,6328852654,3130039859,44744704,
7,zwasm,sqlite3,False,,,,,,,,,,,,,,,N/A — the harness only has a WASI preview-1 + bench.* import shim for Pulley
8,zwasm,xmrsplayer,True,-506967015,14,9158000.0,135513000.0,136208000.0,138455000.0,1883950000.0,0.0,,1.0,1.69,5011100240,2968483450,1433190400,
8,zwasm,extconst_init,True,-1152068691,578,6356000.0,2765000.0,3101000.0,4785000.0,1797160000.0,0.0,,0.993,1.71,4845698269,2834075575,1017069568,
8,zwasm,extconst_init.mvp,True,-1152068691,1078,3905000.0,1499000.0,1787000.0,3018000.0,1936450000.0,0.0,,0.988,1.57,4787646197,3059069428,1699381248,
8,zwasm,mem64_chase,True,433527714,9,20864000.0,198063000.0,204700000.0,206863000.0,1810150000.0,0.0,,1.0,1.05,2997366764,2845485841,98336768,
8,zwasm,mem64_chase.mem32,True,433527714,10,18391000.0,194900000.0,201441000.0,203294000.0,1990620000.0,0.0,,1.0,1.07,3344155757,3129111935,99254272,
8,zwasm,tailcall_fsm,True,-1841735369,26,2753000.0,75758000.0,77121000.0,85682000.0,1975200000.0,0.0,,0.996,1.65,5136743035,3110400633,119832576,
8,zwasm,fib,True,832040,1,1894000.0,1300574000.0,1300574000.0,1300574000.0,1261710000.0,0.0,,1.0,1.67,3314267077,1983336726,32047104,
8,zwasm,fib_tail,True,873876091,279,711000.0,7034000.0,7186000.0,7882000.0,1976910000.0,0.0,,1.0,2.26,7102056280,3145945270,32833536,
8,zwasm,factorial,False,,,,,,,,,,,,,,,init warmup failed: `factorial(20)` trapped: trap: unreachable
8,zwasm,sieve,False,,,,,,,,,,,,,,,init warmup failed: `sieve(10000)` trapped: trap: unreachable
8,zwasm,crc32,False,,,,,,,,,,,,,,,init warmup failed: `crc32(12648430)` trapped: trap: unreachable
8,zwasm,matmul_simd,False,,,,,,,,,,,,,,,init warmup failed: `matmul(48879)` trapped: trap: unreachable
8,zwasm,matmul_fma,False,,,,,,,,,,,,,,,init warmup failed: `matmul_fma(48879)` trapped: trap: unreachable
8,zwasm,convolution,False,,,,,,,,,,,,,,,init warmup failed: `convolve(51966)` trapped: trap: unreachable
8,zwasm,audio_dsp,True,761667740,1,647000.0,9634938000.0,9634938000.0,9634938000.0,9542090000.0,0.0,,1.0,1.89,28380469124,14999904763,35061760,
8,zwasm,bulk_memory,False,,,,,,,,,,,,,,,init warmup failed: `bulk_memory(45260)` trapped: trap: unreachable
8,zwasm,call_indirect,True,-9175573,12,693000.0,162606000.0,164144000.0,165141000.0,1951050000.0,0.0,,1.0,1.62,4982926152,3066976679,35536896,
8,zwasm,graphql_as,True,5,22,3284000.0,76183000.0,87099000.0,99842000.0,1942390000.0,0.0,,1.0,1.58,4819729210,3053392417,36126720,
8,zwasm,vtable_mono,True,-318559695,7,749000.0,263571000.00000003,264269999.99999997,265620999.99999997,1835460000.0,0.0,,1.0,1.58,4558599196,2885192373,36339712,
8,zwasm,vtable_bi,True,-208336512,5,750000.0,335182000.0,336308000.0,338154000.0,1660450000.0,0.0,,1.0,1.61,4208873926,2610180666,36519936,
8,zwasm,vtable_poly4,True,-126115384,5,817000.0,346740000.0,346919000.0,348380000.0,1725680000.0,0.0,,1.0,1.61,4372268238,2712720778,36683776,
8,zwasm,vtable_poly6,True,579248763,5,745000.0,373429000.0,375336000.0,376680000.0,1861230000.0,0.0,,1.0,1.61,4699060130,2925800826,36847616,
8,zwasm,factorial.scalar,True,-2102132736,16384,584000.0,6000.0,6000.0,6000.0,104280000.0,0.0,,0.979,1.95,323193651,165607962,37175296,
8,zwasm,sieve.scalar,True,1229,344,649000.0,5554000.0,5658000.0,6434000.0,1949500000.0,0.0,,1.0,2.31,7078782665,3064228406,37371904,
8,zwasm,crc32.scalar,True,-1910355869,42,680000.0,46511000.0,47038000.0,54787000.0,1964810000.0,0.0,,1.0,1.94,5980122334,3088286937,37584896,
8,zwasm,convolution.scalar,True,8190685,18,637000.0,104757000.0,105406000.0,110523000.0,1896340000.0,0.0,,1.0,2.02,6024919389,2980995934,37879808,
8,zwasm,bulk_memory.scalar,True,8698902,15,707000.0,124859000.0,125339000.0,128394000.0,1866270000.0,0.0,,1.0,1.97,5771527819,2933685063,38125568,
8,zwasm,eh_parser_exnref,True,830008030,16,597000.0,117367000.0,119110000.0,123031000.0,1893140000.0,0.0,,1.0,1.46,4334103832,2975607886,44679168,
8,zwasm,eh_parser_legacy,False,,,,,,,,,,,,,,,wasm_module_new failed (invalid wasm or unsupported feature)
8,zwasm,gc_trees,False,,,,,,,,,,,,,,,N/A — not run: zwasm v2.7.0 never reclaims GC structs and grows its GC heap far faster than the allocation rate (124 MB for 31K 24-byte structs); the process segfaults at ~2.3 GB
8,zwasm,callref_dispatch,True,-750120562,11,402000.0,174754000.0,175933000.0,178351000.0,1924880000.0,0.0,,1.0,1.66,5022768040,3025372408,44679168,
8,zwasm,callref_dispatch.indirect,True,-750120562,11,536000.0,172192000.0,172934000.0,189916000.0,1884350000.0,0.0,,1.0,1.65,4874186673,2961828500,44679168,
8,zwasm,relaxed_dot,False,,,,,,,,,,,,,,,init warmup failed: `relaxed_dot(7)` trapped: trap: unreachable
8,zwasm,relaxed_madd,False,,,,,,,,,,,,,,,init warmup failed: `relaxed_madd(7)` trapped: trap: unreachable
8,zwasm,multimem_transform,True,902712413,34,528000.0,56641000.0,57741000.0,59095000.0,1944960000.0,0.0,,1.0,2.01,6168460248,3062967902,44679168,
8,zwasm,multimem_transform.single,True,902712413,34,562000.0,56439000.0,57583000.0,59585000.0,1944600000.0,0.0,,1.0,2.01,6155384996,3056734297,44695552,
8,zwasm,sqlite3,False,,,,,,,,,,,,,,,N/A — the harness only has a WASI preview-1 + bench.* import shim for Pulley
9,zwasm,xmrsplayer,True,-506967015,14,10448000.0,135327000.0,135999000.0,137814000.0,1868420000.0,0.0,,1.0,1.69,4998333182,2961101715,1602961408,
9,zwasm,extconst_init,True,-1152068691,622,6481000.0,2766000.0,3091000.0,4513000.0,1937760000.0,0.0,,0.991,1.72,5262296813,3059648060,1091682304,
9,zwasm,extconst_init.mvp,True,-1152068691,802,3734000.0,1464000.0,1769000.0,2719000.0,1433650000.0,0.0,,0.984,1.58,3582148315,2270107992,1396703232,
9,zwasm,mem64_chase,True,433527714,10,19957000.0,199438000.0,204214000.0,205950000.0,2000510000.0,0.0,,1.0,1.06,3336340041,3150225795,98467840,
9,zwasm,mem64_chase.mem32,True,433527714,9,17914000.0,192251000.0,200912000.0,203596000.0,1784910000.0,0.0,,1.0,1.07,3011827741,2805839811,99319808,
9,zwasm,tailcall_fsm,True,-1841735369,25,1524000.0,75003000.0,77611000.0,81436000.0,1895620000.0,0.0,,0.995,1.65,4925158048,2985422900,116621312,
9,zwasm,fib,True,832040,1,2532000.0,1300193000.0,1300193000.0,1300193000.0,1265680000.0,0.0,,1.0,1.67,3315655294,1989612319,32096256,
9,zwasm,fib_tail,True,873876091,279,710000.0,7044000.0,7187000.0,7876000.0,1968210000.0,0.0,,1.0,2.25,7103267360,3150383695,32899072,
9,zwasm,factorial,False,,,,,,,,,,,,,,,init warmup failed: `factorial(20)` trapped: trap: unreachable
9,zwasm,sieve,False,,,,,,,,,,,,,,,init warmup failed: `sieve(10000)` trapped: trap: unreachable
9,zwasm,crc32,False,,,,,,,,,,,,,,,init warmup failed: `crc32(12648430)` trapped: trap: unreachable
9,zwasm,matmul_simd,False,,,,,,,,,,,,,,,init warmup failed: `matmul(48879)` trapped: trap: unreachable
9,zwasm,matmul_fma,False,,,,,,,,,,,,,,,init warmup failed: `matmul_fma(48879)` trapped: trap: unreachable
9,zwasm,convolution,False,,,,,,,,,,,,,,,init warmup failed: `convolve(51966)` trapped: trap: unreachable
9,zwasm,audio_dsp,True,761667740,1,744000.0,9644444000.0,9644444000.0,9644444000.0,9552970000.0,0.0,,1.0,1.89,28375945706,15017010980,35045376,
9,zwasm,bulk_memory,False,,,,,,,,,,,,,,,init warmup failed: `bulk_memory(45260)` trapped: trap: unreachable
9,zwasm,call_indirect,True,-9175573,12,686000.0,162610000.0,163592000.0,165229000.0,1950850000.0,0.0,,1.0,1.63,4990377550,3066647189,35520512,
9,zwasm,graphql_as,True,5,22,3256000.0,75921000.0,86899000.0,99425000.0,1934080000.0,0.0,,1.0,1.58,4803171319,3040321384,36093952,
9,zwasm,vtable_mono,True,-318559695,7,747000.0,263406999.99999997,264285000.00000003,265807000.00000003,1844550000.0,0.0,,1.0,1.58,4580180097,2899520732,36323328,
9,zwasm,vtable_bi,True,-208336512,5,726000.0,335305000.0,336400000.0,337955000.0,1669780000.0,0.0,,1.0,1.61,4230125953,2624817843,36487168,
9,zwasm,vtable_poly4,True,-126115384,5,790000.0,345893000.0,347143000.0,347659000.0,1725320000.0,0.0,,1.0,1.61,4379511985,2712153319,36667392,
9,zwasm,vtable_poly6,True,579248763,5,728000.0,374443000.0,375586000.0,380004000.0,1864830000.0,0.0,,1.0,1.6,4702987457,2931470097,36814848,
9,zwasm,factorial.scalar,True,-2102132736,16384,718000.0,6000.0,6000.0,6000.0,101360000.0,0.0,,0.979,1.96,314469205,160847051,37175296,
9,zwasm,sieve.scalar,True,1229,344,658000.0,5566000.0,5668000.0,6267000.0,1953030000.0,0.0,,1.0,2.3,7072285142,3069978135,37371904,
9,zwasm,crc32.scalar,True,-1910355869,42,647000.0,46572000.0,47015000.0,50100000.0,1966190000.0,0.0,,1.0,1.94,5984910963,3090666312,37601280,
9,zwasm,convolution.scalar,True,8190685,18,683000.0,104939000.0,105480000.0,107197000.0,1887840000.0,0.0,,1.0,2.02,5997603180,2967639060,37879808,
9,zwasm,bulk_memory.scalar,True,8698902,15,684000.0,124408000.0,125162000.0,128193000.00000001,1868300000.0,0.0,,1.0,1.97,5779805390,2936872868,38125568,
9,zwasm,eh_parser_exnref,True,830008030,16,593000.0,117212000.0,118223000.0,121289000.0,1884620000.0,0.0,,1.0,1.46,4337142628,2962275153,44679168,
9,zwasm,eh_parser_legacy,False,,,,,,,,,,,,,,,wasm_module_new failed (invalid wasm or unsupported feature)
9,zwasm,gc_trees,False,,,,,,,,,,,,,,,N/A — not run: zwasm v2.7.0 never reclaims GC structs and grows its GC heap far faster than the allocation rate (124 MB for 31K 24-byte structs); the process segfaults at ~2.3 GB
9,zwasm,callref_dispatch,True,-750120562,11,412000.0,174105000.0,176351000.0,177769000.0,1931190000.0,0.0,,1.0,1.66,5038536085,3035421576,44679168,
9,zwasm,callref_dispatch.indirect,True,-750120562,11,484000.0,171651000.0,172512000.0,174297000.0,1883080000.0,0.0,,1.0,1.65,4888837869,2959863283,44679168,
9,zwasm,relaxed_dot,False,,,,,,,,,,,,,,,init warmup failed: `relaxed_dot(7)` trapped: trap: unreachable
9,zwasm,relaxed_madd,False,,,,,,,,,,,,,,,init warmup failed: `relaxed_madd(7)` trapped: trap: unreachable
9,zwasm,multimem_transform,True,902712413,34,535000.0,56121000.0,57711000.0,59892000.0,1949560000.0,0.0,,1.0,2.02,6183935390,3064495266,44679168,
9,zwasm,multimem_transform.single,True,902712413,35,870000.0,56555000.0,57475000.0,62667000.0,2001910000.0,0.0,,1.0,2.01,6335374384,3146667367,44728320,
9,zwasm,sqlite3,False,,,,,,,,,,,,,,,N/A — the harness only has a WASI preview-1 + bench.* import shim for Pulley
1,zwasm,graphql_porf,False,,,,,,,,,,,,,,,app killed by signal 9 (jetsam) during this row's launch
2,zwasm,graphql_porf,False,,,,,,,,,,,,,,,app killed by signal 9 (jetsam) during this row's launch
3,zwasm,graphql_porf,False,,,,,,,,,,,,,,,app killed by signal 9 (jetsam) during this row's launch
4,zwasm,graphql_porf,False,,,,,,,,,,,,,,,app killed by signal 9 (jetsam) during this row's launch
5,zwasm,graphql_porf,False,,,,,,,,,,,,,,,app killed by signal 9 (jetsam) during this row's launch
6,zwasm,graphql_porf,False,,,,,,,,,,,,,,,app killed by signal 9 (jetsam) during this row's launch
7,zwasm,graphql_porf,False,,,,,,,,,,,,,,,app killed by signal 9 (jetsam) during this row's launch
8,zwasm,graphql_porf,False,,,,,,,,,,,,,,,app killed by signal 9 (jetsam) during this row's launch
9,zwasm,graphql_porf,False,,,,,,,,,,,,,,,app killed by signal 9 (jetsam) during this row's launch
10,zwasm,graphql_porf,False,,,,,,,,,,,,,,,app killed by signal 9 (jetsam) during this row's launch
