rep,runtime,case,ok,result,iterations,load_ns,min_ns,median_ns,p99_ns,cpu_user_ns,cpu_system_ns,p_cpu_ns,e_share,ipc,instructions,cycles,rss_peak_bytes,error
1,pulley,graphql_porf_trycatch,False,,,,,,,,,,,,,,,graphql-validation-porf: Module::from_binary failed: failed to compile: wasm[0]::function[30]: WebAssembly translation error: Unsupported feature: operator Try { blockty: Empty }
1,wamr,graphql_porf_trycatch,True,0,175,12870541,5333125,10466292,16179250,1185822000.0,537296000,5227916,0.997,2.39268087816469,6110446556,2553807577,20332544,
1,wasm3,graphql_porf_trycatch,False,,,,,,,,,,,,,,,wasm3 m3_ParseModule failed: out of order Wasm section
1,wasmedge,graphql_porf_trycatch,False,,,,,,,,,,,,,,,"WasmEdge LoaderParseFromBytes: illegal opcode
loading failed: illegal opcode, Code: 0x117
    Bytecode offset: 0x0000fa34
    At AST node: instruction
    At AST node: expression
    At AST node: code segment
    At AST node: code section
    At AST node: module"
1,zwasm,graphql_porf_trycatch,False,,,,,,,,,,,,,,,wasm_module_new failed (invalid wasm or unsupported feature)
1,wasmz,graphql_porf_trycatch,False,,,,,,,,,,,,,,,init warmup failed: wasmz m() trap: multi-value results are not supported by the C API (results_len = 2)
1,tinywasm,graphql_porf_trycatch,False,,,,,,,,,,,,,,,tinywasm::parse_bytes failed: error parsing module: legacy exceptions support is not enabled (at offset 0xfa34) at offset 64052
2,pulley,graphql_porf_trycatch,False,,,,,,,,,,,,,,,graphql-validation-porf: Module::from_binary failed: failed to compile: wasm[0]::function[30]: WebAssembly translation error: Unsupported feature: operator Try { blockty: Empty }
2,wamr,graphql_porf_trycatch,True,0,151,11055375,5377667,10498042,15062458,1065593000.0,461607000,4013000,0.9974,2.435495061347274,5267498278,2162803925,20168704,
2,wasm3,graphql_porf_trycatch,False,,,,,,,,,,,,,,,wasm3 m3_ParseModule failed: out of order Wasm section
2,wasmedge,graphql_porf_trycatch,False,,,,,,,,,,,,,,,"WasmEdge LoaderParseFromBytes: illegal opcode
loading failed: illegal opcode, Code: 0x117
    Bytecode offset: 0x0000fa34
    At AST node: instruction
    At AST node: expression
    At AST node: code segment
    At AST node: code section
    At AST node: module"
2,zwasm,graphql_porf_trycatch,False,,,,,,,,,,,,,,,wasm_module_new failed (invalid wasm or unsupported feature)
2,wasmz,graphql_porf_trycatch,False,,,,,,,,,,,,,,,init warmup failed: wasmz m() trap: multi-value results are not supported by the C API (results_len = 2)
2,tinywasm,graphql_porf_trycatch,False,,,,,,,,,,,,,,,tinywasm::parse_bytes failed: error parsing module: legacy exceptions support is not enabled (at offset 0xfa34) at offset 64052
3,pulley,graphql_porf_trycatch,False,,,,,,,,,,,,,,,graphql-validation-porf: Module::from_binary failed: failed to compile: wasm[0]::function[30]: WebAssembly translation error: Unsupported feature: operator Try { blockty: Empty }
3,wamr,graphql_porf_trycatch,True,0,188,12032042,5677792,10581667,17188583,1301821000.0,582670000,6482542,0.9966,2.401447890899711,6579348793,2739742477,20283392,
3,wasm3,graphql_porf_trycatch,False,,,,,,,,,,,,,,,wasm3 m3_ParseModule failed: out of order Wasm section
3,wasmedge,graphql_porf_trycatch,False,,,,,,,,,,,,,,,"WasmEdge LoaderParseFromBytes: illegal opcode
loading failed: illegal opcode, Code: 0x117
    Bytecode offset: 0x0000fa34
    At AST node: instruction
    At AST node: expression
    At AST node: code segment
    At AST node: code section
    At AST node: module"
3,zwasm,graphql_porf_trycatch,False,,,,,,,,,,,,,,,wasm_module_new failed (invalid wasm or unsupported feature)
3,wasmz,graphql_porf_trycatch,False,,,,,,,,,,,,,,,init warmup failed: wasmz m() trap: multi-value results are not supported by the C API (results_len = 2)
3,tinywasm,graphql_porf_trycatch,False,,,,,,,,,,,,,,,tinywasm::parse_bytes failed: error parsing module: legacy exceptions support is not enabled (at offset 0xfa34) at offset 64052
4,pulley,graphql_porf_trycatch,False,,,,,,,,,,,,,,,graphql-validation-porf: Module::from_binary failed: failed to compile: wasm[0]::function[30]: WebAssembly translation error: Unsupported feature: operator Try { blockty: Empty }
4,wamr,graphql_porf_trycatch,True,0,156,11573750,5480875,10464792,14147042,1114676000.0,470767000,4457209,0.9972,2.463275195984742,5432242224,2205292463,20283392,
4,wasm3,graphql_porf_trycatch,False,,,,,,,,,,,,,,,wasm3 m3_ParseModule failed: out of order Wasm section
4,wasmedge,graphql_porf_trycatch,False,,,,,,,,,,,,,,,"WasmEdge LoaderParseFromBytes: illegal opcode
loading failed: illegal opcode, Code: 0x117
    Bytecode offset: 0x0000fa34
    At AST node: instruction
    At AST node: expression
    At AST node: code segment
    At AST node: code section
    At AST node: module"
4,zwasm,graphql_porf_trycatch,False,,,,,,,,,,,,,,,wasm_module_new failed (invalid wasm or unsupported feature)
4,wasmz,graphql_porf_trycatch,False,,,,,,,,,,,,,,,init warmup failed: wasmz m() trap: multi-value results are not supported by the C API (results_len = 2)
4,tinywasm,graphql_porf_trycatch,False,,,,,,,,,,,,,,,tinywasm::parse_bytes failed: error parsing module: legacy exceptions support is not enabled (at offset 0xfa34) at offset 64052
5,pulley,graphql_porf_trycatch,False,,,,,,,,,,,,,,,graphql-validation-porf: Module::from_binary failed: failed to compile: wasm[0]::function[30]: WebAssembly translation error: Unsupported feature: operator Try { blockty: Empty }
5,wamr,graphql_porf_trycatch,True,0,200,7987875,5785208,10559375,17233208,1404361000.0,608681000,5762750,0.9971,2.417109935886731,6967391495,2882529831,20185088,
5,wasm3,graphql_porf_trycatch,False,,,,,,,,,,,,,,,wasm3 m3_ParseModule failed: out of order Wasm section
5,wasmedge,graphql_porf_trycatch,False,,,,,,,,,,,,,,,"WasmEdge LoaderParseFromBytes: illegal opcode
loading failed: illegal opcode, Code: 0x117
    Bytecode offset: 0x0000fa34
    At AST node: instruction
    At AST node: expression
    At AST node: code segment
    At AST node: code section
    At AST node: module"
5,zwasm,graphql_porf_trycatch,False,,,,,,,,,,,,,,,wasm_module_new failed (invalid wasm or unsupported feature)
5,wasmz,graphql_porf_trycatch,False,,,,,,,,,,,,,,,init warmup failed: wasmz m() trap: multi-value results are not supported by the C API (results_len = 2)
5,tinywasm,graphql_porf_trycatch,False,,,,,,,,,,,,,,,tinywasm::parse_bytes failed: error parsing module: legacy exceptions support is not enabled (at offset 0xfa34) at offset 64052
6,pulley,graphql_porf_trycatch,False,,,,,,,,,,,,,,,graphql-validation-porf: Module::from_binary failed: failed to compile: wasm[0]::function[30]: WebAssembly translation error: Unsupported feature: operator Try { blockty: Empty }
6,wamr,graphql_porf_trycatch,True,0,160,12069583,4808084,9701459,14578125,1086696000.0,432042000,6548292,0.9957,2.5307982320510396,5549881814,2192937289,20332544,
6,wasm3,graphql_porf_trycatch,False,,,,,,,,,,,,,,,wasm3 m3_ParseModule failed: out of order Wasm section
6,wasmedge,graphql_porf_trycatch,False,,,,,,,,,,,,,,,"WasmEdge LoaderParseFromBytes: illegal opcode
loading failed: illegal opcode, Code: 0x117
    Bytecode offset: 0x0000fa34
    At AST node: instruction
    At AST node: expression
    At AST node: code segment
    At AST node: code section
    At AST node: module"
6,zwasm,graphql_porf_trycatch,False,,,,,,,,,,,,,,,wasm_module_new failed (invalid wasm or unsupported feature)
6,wasmz,graphql_porf_trycatch,False,,,,,,,,,,,,,,,init warmup failed: wasmz m() trap: multi-value results are not supported by the C API (results_len = 2)
6,tinywasm,graphql_porf_trycatch,False,,,,,,,,,,,,,,,tinywasm::parse_bytes failed: error parsing module: legacy exceptions support is not enabled (at offset 0xfa34) at offset 64052
7,pulley,graphql_porf_trycatch,False,,,,,,,,,,,,,,,graphql-validation-porf: Module::from_binary failed: failed to compile: wasm[0]::function[30]: WebAssembly translation error: Unsupported feature: operator Try { blockty: Empty }
7,wamr,graphql_porf_trycatch,True,0,171,11684500,5103833,10027167,13652250,1203324000.0,466234000,3393166,0.998,2.5944046716892277,5929351421,2285438153,20332544,
7,wasm3,graphql_porf_trycatch,False,,,,,,,,,,,,,,,wasm3 m3_ParseModule failed: out of order Wasm section
7,wasmedge,graphql_porf_trycatch,False,,,,,,,,,,,,,,,"WasmEdge LoaderParseFromBytes: illegal opcode
loading failed: illegal opcode, Code: 0x117
    Bytecode offset: 0x0000fa34
    At AST node: instruction
    At AST node: expression
    At AST node: code segment
    At AST node: code section
    At AST node: module"
7,zwasm,graphql_porf_trycatch,False,,,,,,,,,,,,,,,wasm_module_new failed (invalid wasm or unsupported feature)
7,wasmz,graphql_porf_trycatch,False,,,,,,,,,,,,,,,init warmup failed: wasmz m() trap: multi-value results are not supported by the C API (results_len = 2)
7,tinywasm,graphql_porf_trycatch,False,,,,,,,,,,,,,,,tinywasm::parse_bytes failed: error parsing module: legacy exceptions support is not enabled (at offset 0xfa34) at offset 64052
8,pulley,graphql_porf_trycatch,False,,,,,,,,,,,,,,,graphql-validation-porf: Module::from_binary failed: failed to compile: wasm[0]::function[30]: WebAssembly translation error: Unsupported feature: operator Try { blockty: Empty }
8,wamr,graphql_porf_trycatch,True,0,155,11109375,5979542,9960083,15099500,1109172000.0,426144000,4828291,0.9969,2.5433415033692985,5360609768,2107703492,20234240,
8,wasm3,graphql_porf_trycatch,False,,,,,,,,,,,,,,,wasm3 m3_ParseModule failed: out of order Wasm section
8,wasmedge,graphql_porf_trycatch,False,,,,,,,,,,,,,,,"WasmEdge LoaderParseFromBytes: illegal opcode
loading failed: illegal opcode, Code: 0x117
    Bytecode offset: 0x0000fa34
    At AST node: instruction
    At AST node: expression
    At AST node: code segment
    At AST node: code section
    At AST node: module"
8,zwasm,graphql_porf_trycatch,False,,,,,,,,,,,,,,,wasm_module_new failed (invalid wasm or unsupported feature)
8,wasmz,graphql_porf_trycatch,False,,,,,,,,,,,,,,,init warmup failed: wasmz m() trap: multi-value results are not supported by the C API (results_len = 2)
8,tinywasm,graphql_porf_trycatch,False,,,,,,,,,,,,,,,tinywasm::parse_bytes failed: error parsing module: legacy exceptions support is not enabled (at offset 0xfa34) at offset 64052
9,pulley,graphql_porf_trycatch,False,,,,,,,,,,,,,,,graphql-validation-porf: Module::from_binary failed: failed to compile: wasm[0]::function[30]: WebAssembly translation error: Unsupported feature: operator Try { blockty: Empty }
9,wamr,graphql_porf_trycatch,True,0,240,10822250,4675709,9511208,13607208,1653720000.0,614333000,6427125,0.9972,2.6414301054025797,8306943994,3144866100,20316160,
9,wasm3,graphql_porf_trycatch,False,,,,,,,,,,,,,,,wasm3 m3_ParseModule failed: out of order Wasm section
9,wasmedge,graphql_porf_trycatch,False,,,,,,,,,,,,,,,"WasmEdge LoaderParseFromBytes: illegal opcode
loading failed: illegal opcode, Code: 0x117
    Bytecode offset: 0x0000fa34
    At AST node: instruction
    At AST node: expression
    At AST node: code segment
    At AST node: code section
    At AST node: module"
9,zwasm,graphql_porf_trycatch,False,,,,,,,,,,,,,,,wasm_module_new failed (invalid wasm or unsupported feature)
9,wasmz,graphql_porf_trycatch,False,,,,,,,,,,,,,,,init warmup failed: wasmz m() trap: multi-value results are not supported by the C API (results_len = 2)
9,tinywasm,graphql_porf_trycatch,False,,,,,,,,,,,,,,,tinywasm::parse_bytes failed: error parsing module: legacy exceptions support is not enabled (at offset 0xfa34) at offset 64052
10,pulley,graphql_porf_trycatch,False,,,,,,,,,,,,,,,graphql-validation-porf: Module::from_binary failed: failed to compile: wasm[0]::function[30]: WebAssembly translation error: Unsupported feature: operator Try { blockty: Empty }
10,wamr,graphql_porf_trycatch,True,0,204,9092208,4550792,9880084,15669708,1419604000.0,536100000,8056125,0.9959,2.582188502177613,7059812465,2734042251,20316160,
10,wasm3,graphql_porf_trycatch,False,,,,,,,,,,,,,,,wasm3 m3_ParseModule failed: out of order Wasm section
10,wasmedge,graphql_porf_trycatch,False,,,,,,,,,,,,,,,"WasmEdge LoaderParseFromBytes: illegal opcode
loading failed: illegal opcode, Code: 0x117
    Bytecode offset: 0x0000fa34
    At AST node: instruction
    At AST node: expression
    At AST node: code segment
    At AST node: code section
    At AST node: module"
10,zwasm,graphql_porf_trycatch,False,,,,,,,,,,,,,,,wasm_module_new failed (invalid wasm or unsupported feature)
10,wasmz,graphql_porf_trycatch,False,,,,,,,,,,,,,,,init warmup failed: wasmz m() trap: multi-value results are not supported by the C API (results_len = 2)
10,tinywasm,graphql_porf_trycatch,False,,,,,,,,,,,,,,,tinywasm::parse_bytes failed: error parsing module: legacy exceptions support is not enabled (at offset 0xfa34) at offset 64052
1,pulley,fib,True,832040,18,3617625,89278792,109640834,128412375,1709935000.0,42339000,0,1.0,2.9307320535748174,6410796473,2187438618,7143424,
1,pulley,fib_tail,True,873876091,3120,2657084,247250,629500,1356292,1542624000.0,37838000,0,1.0,3.3050655742725583,6798433515,2056973867,7749632,
1,pulley,factorial,True,-2102132736,16384,2483250,209,458,750,8548000.0,266000,0,1.0,2.8708018983598516,36817331,12824755,8421376,
1,pulley,sieve,True,1229,5015,2488417,354375,912750,1726584,3629295000.0,87262000,0,1.0,3.1104049708766612,14890661321,4787370603,9519104,
1,pulley,crc32,True,-1910355869,391,4545125,2276625,5184292,8176750,1739449000.0,40434000,0,1.0,3.8608062259625724,9091860664,2354912454,9912320,
1,pulley,matmul_simd,True,48907,445,6868500,1626834,3866000,5886667,1432604000.0,32603000,0,1.0,3.4587287037085757,6661239482,1925921358,10436608,
1,pulley,matmul_fma,True,48907,1257,5629833,1200250,3061875,5445083,3096252000.0,80291000,0,1.0,3.8000429920075103,15317144006,4030781767,10518528,
1,pulley,convolution,True,8190685,302,3582958,3038708,7143334,11125208,1843027000.0,49501000,0,1.0,3.6237131013941277,8599792352,2373199012,10780672,
1,pulley,audio_dsp,True,761667740,1,3348167,1352374625,1352374625,1352374625,1209870000.0,31426000,0,1.0,3.4207651917063147,5332832337,1558958899,10780672,
1,pulley,bulk_memory,True,8698902,69,4372459,13269375,24059458,33070125,1485429000.0,34413000,0,1.0,2.5173217666266665,5257630171,2088580904,11010048,
1,pulley,call_indirect,True,-9175573,52,5839167,22562667,35471625,43223042,1609188000.0,36986000,0,1.0,2.0904157236399477,4610308405,2205450501,11157504,
1,pulley,factorial.scalar,True,-2102132736,16384,908209,291,417,875,10133000.0,267000,0,1.0,2.5826601336756365,41808079,16187991,11157504,
1,pulley,sieve.scalar,True,1229,2865,3364583,369125,945000,2298041,2131293000.0,56042000,0,1.0,3.324362699033773,9435878844,2838402334,11206656,
1,pulley,crc32.scalar,True,-1910355869,257,2877459,2272167,4431875,7428584,1024208000.0,21354000,0,1.0,3.879924969511667,5996561607,1545535456,11206656,
1,pulley,convolution.scalar,True,8190685,120,2719583,6245750,13609125,19786625,1442738000.0,33225000,0,1.0,4.1853925875701,7937917815,1896576641,11206656,
1,pulley,bulk_memory.scalar,True,8698902,86,2328625,14080292,24882042,290009292,1842878000.0,41820000,0,1.0,2.552227205999944,6723014573,2634175577,11321344,
1,pulley,xmrsplayer,True,-1890678103,103,301505500,8606041,18433875,24594917,1631749000.0,40283000,0,1.0,2.7680799950713015,6122879945,2211959176,37306368,
1,pulley,vtable_mono,True,-318559695,31,12361208,44396250,60826833,80370000,1628542000.0,36111000,0,1.0,2.32822054390828,5300750627,2276739049,37306368,
1,pulley,vtable_bi,True,-208336512,35,12384042,41569250,62449459,81236750,1910579000.0,44622000,0,1.0,2.3193182533752985,6188137755,2668084790,37306368,
1,pulley,vtable_poly4,True,-126115384,31,13389709,50563000,61924750,80534875,1785121000.0,44337000,0,1.0,2.3447742167401033,5652063264,2410493609,37306368,
1,pulley,vtable_poly6,True,579248763,23,9855541,53898583,70803083,89499667,1462142000.0,34125000,0,1.0,2.356911044382545,4594027060,1949172868,37306368,
1,pulley,graphql_as,True,5,187,139119708,4853833,11114916,17199209,1824264000.0,46950000,0,1.0,2.5553433704743034,6465094598,2530029691,37306368,
1,pulley,tailcall_fsm,True,-1841735369,401,5991583,2541667,5909208,10804042,1999805000.0,53461000,0,1.0,2.38157988168465,6425748226,2698103169,37306368,
1,pulley,eh_parser_exnref,True,830008030,101,5545833,9707792,20426083,25750583,1773636000.0,40946000,0,1.0,2.4170856359165183,5787815195,2394542878,37306368,
1,pulley,eh_parser_legacy,False,,,,,,,,,,,,,,,Module::from_binary failed — invalid wasm or unsupported feature?: failed to compile: wasm[0]::function[6]: WebAssembly translation error: Unsupported feature: operator Try { blockty: Empty }
1,pulley,gc_trees,True,-81253392,13,3134042,123035250,152492416,170255500,1709990000.0,44955000,0,1.0,3.0112278971860884,6934196696,2302780438,37306368,
1,pulley,callref_dispatch,True,-750120562,75,6308250,16097917,32050292,45074333,2068317000.0,51721000,0,1.0,1.8900524845895257,5405405842,2859923672,37306368,
1,pulley,callref_dispatch.indirect,True,-750120562,100,3697875,15867208,30939333,40673292,2602693000.0,61478000,0,1.0,1.959972443798355,6894810541,3517809938,37306368,
1,pulley,relaxed_dot,True,-551922832,284,6885333,3096959,7236667,10028417,1737278000.0,40668000,0,1.0,3.4664156734893283,8079874779,2330901871,37306368,
1,pulley,relaxed_madd,True,-1435646925,9685,5290375,162167,412583,949209,3016458000.0,69124000,0,1.0,3.1065270552449302,13004349817,4186137634,37306368,
1,pulley,mem64_chase,True,433527714,18,1333166,66227333,92332459,107347792,1464032000.0,33393000,0,1.0,0.6338356339602087,1281991981,2022593733,91422720,
1,pulley,mem64_chase.mem32,True,433527714,20,1852333,60359292,90254125,98133250,1573806000.0,33235000,0,1.0,0.4419592935335297,959098611,2170106218,91422720,
1,pulley,multimem_transform,True,902712413,261,2286625,3433459,7409458,10856542,1670914000.0,34481000,0,1.0,3.6012335365974364,8408861171,2334994686,91422720,
1,pulley,multimem_transform.single,True,902712413,289,1551166,4831458,10433500,16573750,2557851000.0,56283000,0,1.0,3.439459455730425,12456656071,3621690045,91422720,
1,pulley,extconst_init,True,-1152068691,12997,848032542,56166,144167,448083,1474715000.0,212531000,16333,1.0,2.894056560248852,6195959332,2140925446,91422720,
1,pulley,extconst_init.mvp,True,-1152068691,12090,71342167,34292,88417,360292,743523000.0,249157000,25625,1.0,2.5576904935699347,3384248496,1323165764,91422720,
1,pulley,graphql_porf,True,0,141,354679250,5931416,12808667,20283875,1300222000.0,292103000,282375,0.9998,2.0154013308762115,4401456231,2183910551,91422720,
1,pulley,sqlite3,True,0,1,2731994750,50361890791,50361890791,50361890791,44107941000.0,1104780000,9750,1.0,2.490405870470618,151533031252,60846721030,106758144,
1,wamr,fib,True,832040,15,1853458,117143625,134099209,159523250,1804141000.0,45685000,0,1.0,3.2952269434298582,7767865086,2357308076,11829248,
1,wamr,fib_tail,True,873876091,2085,1786125,387708,995459,1915000,1621927000.0,43819000,0,1.0,2.2203065927916916,4827878351,2174419680,11960320,
1,wamr,factorial,True,-2102132736,16384,1820042,167,583,667,9841000.0,507000,0,1.0,3.335888793311171,41491161,12437813,12124160,
1,wamr,sieve,True,1229,3252,1494542,257209,659916,1429458,1661284000.0,40596000,0,1.0,3.386812031805339,7624688222,2251287686,12189696,
1,wamr,crc32,True,-1910355869,476,2004792,1928416,4359250,6768458,1770699000.0,36661000,0,1.0,2.608624653684811,6370778765,2442198327,12288000,
1,wamr,matmul_simd,True,48907,650,1866584,1315375,3292208,5500792,1716761000.0,41822000,0,1.0,3.7451396996121513,8538983909,2280017461,12288000,
1,wamr,matmul_fma,True,48907,716,1775042,982250,2529375,4544334,1469095000.0,35957000,0,1.0,3.7583076750234143,7069235492,1880962418,12337152,
1,wamr,convolution,True,8190685,337,1355500,2054875,4584667,7770875,1342946000.0,31943000,0,1.0,3.3160100245356565,6106401230,1841490582,12419072,
1,wamr,audio_dsp,True,761667740,1,1473875,1082490333,1082490333,1082490333,978416000.0,23456000,0,1.0,2.202934867379047,2678000827,1215651387,12419072,
1,wamr,bulk_memory,True,8698902,377,1508583,5277167,12180375,17565500,3863590000.0,87974000,0,1.0,2.6885266116600848,14035813799,5220634134,12500992,
1,wamr,call_indirect,True,-9175573,88,1372750,10465708,22359250,33453667,1665302000.0,43292000,0,1.0,2.5500849788719036,5669130523,2223114355,12500992,
1,wamr,factorial.scalar,True,-2102132736,16384,1992792,166,583,625,8614000.0,432000,0,1.0,3.070410110700989,36515365,11892667,12500992,
1,wamr,sieve.scalar,True,1229,2834,1989542,277417,713042,1580750,1588375000.0,39920000,0,1.0,2.5515793856380182,5416328689,2122735714,12500992,
1,wamr,crc32.scalar,True,-1910355869,509,2162375,1950792,4407458,7357750,1873777000.0,47311000,0,1.0,2.5825039629641684,6848330680,2651818072,12599296,
1,wamr,convolution.scalar,True,8190685,237,1238750,6455875,13817500,17867167,2808606000.0,67626000,0,1.0,2.1817322778156614,8239729570,3776691418,12648448,
1,wamr,bulk_memory.scalar,True,8698902,181,1895709,5660209,12500250,18677042,1894994000.0,45202000,0,1.0,2.5753364314818326,6845408786,2658063895,12697600,
1,wamr,xmrsplayer,True,-49798784,117,10722208,6439833,14303209,19112917,1412721000.0,39474000,0,1.0,2.9885420277303987,5688487814,1903432430,28917760,
1,wamr,vtable_mono,True,-318559695,99,2250250,17391250,33083084,62251291,2764027000.0,73328000,0,1.0,3.227979043244174,12189063586,3776066518,28917760,
1,wamr,vtable_bi,True,-208336512,49,2095334,22631250,39928583,49545875,1683248000.0,41133000,0,1.0,3.0738905743506213,6728493858,2188917821,28917760,
1,wamr,vtable_poly4,True,-126115384,78,1034666,26161292,40246583,53451334,2760618000.0,64450000,0,1.0,2.863447800780585,11006049273,3843635379,28917760,
1,wamr,vtable_poly6,True,579248763,62,1259959,27378209,45415291,70409875,2430519000.0,59401000,0,1.0,2.711851516400462,9018742145,3325676974,28917760,
1,wamr,graphql_as,True,5,210,6981209,3164333,8964750,16119417,1656145000.0,43178000,0,1.0,2.5272877168803505,5668418362,2242886049,28917760,
1,wamr,tailcall_fsm,True,-1841735369,187,2411625,4654167,10444000,14649250,1645389000.0,39493000,0,1.0,3.6243495845834377,8297766736,2289449884,28917760,
1,wamr,eh_parser_exnref,False,,,,,,,,,,,,,,,wasm_runtime_load failed: WASM module load failed: unsupported opcode 1f
1,wamr,eh_parser_legacy,True,830008030,152,1948541,6923083,15126750,21312500,1948883000.0,45042000,0,1.0,2.8712880945344543,7823016586,2724566929,28917760,
1,wamr,gc_trees,False,,,,,,,,,,,,,,,wasm_runtime_load failed: WASM module load failed: invalid type flag
1,wamr,callref_dispatch,False,,,,,,,,,,,,,,,wasm_runtime_load failed: WASM module load failed: incompatible import type
1,wamr,callref_dispatch.indirect,True,-750120562,145,62417,10188459,22847625,29219959,2769155000.0,63553000,0,1.0,2.5022459666115564,9341341689,3733182834,28917760,
1,wamr,relaxed_dot,True,-551922832,1730,1140500,1120125,2853417,4535583,3889732000.0,97276000,0,1.0,3.0589604271656103,15821722627,5172254759,28917760,
1,wamr,relaxed_madd,True,-1435646925,4046,1482833,192459,490084,1125875,1496697000.0,37361000,0,1.0,3.506535789457611,7302571875,2082560200,28917760,
1,wamr,mem64_chase,False,,,,,,,,,,,,,,,wasm_runtime_load failed: WASM module load failed: invalid limits flags
1,wamr,mem64_chase.mem32,True,433527714,22,2275000,62178625,90823541,106333292,1729703000.0,47557000,0,1.0,0.2762197694817891,647902247,2345604184,81559552,
1,wamr,multimem_transform,False,,,,,,,,,,,,,,,wasm_runtime_load failed: WASM module load failed: multiple memories
1,wamr,multimem_transform.single,True,902712413,305,1685542,1942583,4333042,6324917,1152602000.0,26987000,0,1.0,2.8709104589863594,4510840702,1571223055,81559552,
1,wamr,extconst_init,True,-1152068691,6084,7804792,253000,650541,1549334,3110610000.0,203356000,49375,1.0,3.0250272436631174,13046648920,4312902949,81559552,
1,wamr,extconst_init.mvp,True,-1152068691,16384,2734208,46084,117459,337625,1379187000.0,217620000,34125,1.0,3.187807265769064,7023502711,2203239445,81559552,
1,wamr,graphql_porf,True,0,352,8512000,5360958,11127625,15096042,2630063000.0,973234000,1943625,0.9995,2.5679461573205775,12072633533,4701279853,81559552,
1,wamr,sqlite3,False,,,,,,,,,,,,,,,N/A — the harness only has a WASI preview-1 + bench.* import shim for Pulley
1,wasm3,fib,True,832040,19,148709,83515000,97206167,119692250,1657661000.0,40514000,0,1.0,3.256395670341827,7015253642,2154300138,4521984,
1,wasm3,fib_tail,True,873876091,2049,96542,251209,640917,1561500,1076160000.0,28261000,0,1.0,2.333387962890463,3210032634,1375696063,4653056,
1,wasm3,factorial,False,,,,,,,,,,,,,,,wasm3 m3_FindFunction(factorial) failed: compiling function underran the stack
1,wasm3,sieve,False,,,,,,,,,,,,,,,wasm3 m3_FindFunction(sieve) failed: incorrect type on stack
1,wasm3,crc32,False,,,,,,,,,,,,,,,wasm3 m3_FindFunction(crc32) failed: compiling function underran the stack
1,wasm3,matmul_simd,False,,,,,,,,,,,,,,,wasm3 m3_FindFunction(matmul) failed: unknown type
1,wasm3,matmul_fma,False,,,,,,,,,,,,,,,wasm3 m3_FindFunction(matmul_fma) failed: unknown type
1,wasm3,convolution,False,,,,,,,,,,,,,,,wasm3 m3_FindFunction(convolve) failed: incorrect type on stack
1,wasm3,audio_dsp,True,761667740,3,207625,536477250,567961333,621104959,1502722000.0,36655000,0,1.0,2.9613471327826106,6015379284,2031298262,4980736,
1,wasm3,bulk_memory,False,,,,,,,,,,,,,,,wasm3 m3_FindFunction(bulk_memory) failed: unknown label
1,wasm3,call_indirect,True,-9175573,145,104541,6521625,14496667,20132667,1745365000.0,46090000,0,1.0,2.7930124520450814,6451428523,2309845958,5062656,
1,wasm3,factorial.scalar,True,-2102132736,16384,135208,250,334,416,7000000.0,172000,0,1.0,3.488871785330743,25353087,7266844,5079040,
1,wasm3,sieve.scalar,True,1229,6082,160959,128625,327958,760667,1587217000.0,41493000,0,1.0,3.968497933409294,8317196593,2095804693,5111808,
1,wasm3,crc32.scalar,True,-1910355869,639,162500,1109250,2324500,4644833,1315331000.0,33760000,0,1.0,3.401408081937445,6476817720,1904157797,5111808,
1,wasm3,convolution.scalar,True,8190685,295,99416,3052750,7087375,11879667,1759647000.0,45315000,0,1.0,3.5210678963975566,8381237892,2380311354,5128192,
1,wasm3,bulk_memory.scalar,True,8698902,250,186625,3338375,7484750,11366000,1596465000.0,43829000,0,1.0,3.1570134866367323,6980593898,2211138447,5128192,
1,wasm3,xmrsplayer,True,550635310,353,1985334,3660416,8575125,13188250,2570576000.0,63216000,0,1.0,2.7826310901916367,9812117120,3526201211,23265280,
1,wasm3,vtable_mono,True,-318559695,77,164416,10497750,21956000,28678708,1460589000.0,30407000,0,1.0,3.5515294232604195,7206604834,2029155323,23281664,
1,wasm3,vtable_bi,True,-208336512,65,126667,14734708,27373917,34018667,1511340000.0,41611000,0,1.0,3.4621854556829987,6696985982,1934323296,23298048,
1,wasm3,vtable_poly4,True,-126115384,77,146291,13132750,26411958,33259584,1719803000.0,43779000,0,1.0,3.4874700337202564,8122938534,2329178016,23314432,
1,wasm3,vtable_poly6,True,579248763,64,167417,14644292,29139875,46920333,1643894000.0,41548000,0,1.0,3.1582851453932914,7012664940,2220402724,23330816,
1,wasm3,graphql_as,True,5,364,1081792,2512625,6693250,9872625,2070969000.0,52464000,0,1.0,2.5520703164406506,7166722533,2808199479,23543808,
1,wasm3,tailcall_fsm,True,-1841735369,694,124000,2265834,5322417,8437750,3138752000.0,78237000,0,1.0,2.9304218870531957,12237003966,4175850590,23560192,
1,wasm3,eh_parser_exnref,False,,,,,,,,,,,,,,,wasm3 m3_ParseModule failed: out of order Wasm section
1,wasm3,eh_parser_legacy,False,,,,,,,,,,,,,,,wasm3 m3_ParseModule failed: out of order Wasm section
1,wasm3,gc_trees,False,,,,,,,,,,,,,,,wasm3 m3_ParseModule failed: malformed Wasm binary
1,wasm3,callref_dispatch,False,,,,,,,,,,,,,,,wasm3 m3_ParseModule failed: unknown value_type
1,wasm3,callref_dispatch.indirect,True,-750120562,152,48250,6469917,14273583,18866500,1780381000.0,37116000,0,1.0,2.914038331385933,7299808808,2505049000,23740416,
1,wasm3,relaxed_dot,False,,,,,,,,,,,,,,,wasm3 m3_FindFunction(relaxed_dot) failed: unknown type
1,wasm3,relaxed_madd,False,,,,,,,,,,,,,,,wasm3 m3_FindFunction(relaxed_madd) failed: unknown type
1,wasm3,mem64_chase,False,,,,,,,,,,,,,,,wasm3 m3_ParseModule failed: malformed Wasm binary
1,wasm3,mem64_chase.mem32,True,433527714,21,14209708,36198667,82330958,104274417,1324305000.0,34764000,0,1.0,0.2910207119045238,567349657,1949516422,74678272,
1,wasm3,multimem_transform,False,,,,,,,,,,,,,,,wasm3 m3_ParseModule failed: only one memory per module is supported
1,wasm3,multimem_transform.single,True,902712413,792,35875,1214292,2730083,5047625,1808685000.0,46137000,0,1.0,3.746022339769394,9606113788,2564350374,74678272,
1,wasm3,extconst_init,True,-1152068691,132,117875,9978792,16048042,20789125,1817521000.0,47879000,0,1.0,3.0790932724858266,7741193074,2514114510,75579392,
1,wasm3,extconst_init.mvp,True,-1152068691,238,36000,3757000,8210250,13126958,1733191000.0,46619000,0,1.0,2.7124392349808124,6553247105,2415997756,75644928,
1,wasm3,graphql_porf,False,,,,,,,,,,,,,,,wasm3 m3_ParseModule failed: out of order Wasm section
1,wasm3,sqlite3,False,,,,,,,,,,,,,,,N/A — the harness only has a WASI preview-1 + bench.* import shim for Pulley
1,wasmedge,fib,True,832040,3,1517584,593818417,602650750,677002875,1665549000.0,40669000,0,1.0,3.6330111530036118,8315112579,2288766048,4603904,
1,wasmedge,fib_tail,True,873876091,290,593875,2774667,6415458,9989041,1552999000.0,39450000,0,1.0,3.477662205770407,7055521883,2028811732,4866048,
1,wasmedge,factorial,True,-2102132736,16384,437625,3000,7833,30708,87812000.0,35721000,0,1.0,3.319204286600471,459101669,138316786,5144576,
1,wasmedge,sieve,True,1229,441,768875,1831000,4695792,7044750,1664001000.0,45666000,0,1.0,3.665024178389639,7890269868,2152856157,5242880,
1,wasmedge,crc32,True,-1910355869,49,533750,19473750,33478792,41047625,1337892000.0,31311000,0,1.0,3.426588372445091,6485386236,1892665687,5390336,
1,wasmedge,matmul_simd,True,48907,95,636958,12256083,22305084,28009625,1810130000.0,46267000,0,1.0,3.6447281889777567,8378060433,2298679078,5505024,
1,wasmedge,matmul_fma,True,48907,108,633125,8142916,16696333,30419541,1516327000.0,38785000,0,1.0,3.558865830767918,6949570080,1952748547,5570560,
1,wasmedge,convolution,True,8190685,73,669167,13741000,29320167,35993500,1804909000.0,42976000,0,1.0,3.478351056546804,8406873515,2416913468,5701632,
1,wasmedge,audio_dsp,True,761667740,1,585084,5891864792,5891864792,5891864792,5212501000.0,129747000,0,1.0,3.553938447034502,25504566575,7176423271,5701632,
1,wasmedge,bulk_memory,True,8698902,31,676500,54767583,76161042,506942917,2057903000.0,52772000,0,1.0,3.663760506034268,10145241802,2769078870,5914624,
1,wasmedge,call_indirect,True,-9175573,18,860541,64085417,95511958,123058208,1509460000.0,35455000,0,1.0,3.3251810003336297,6913084485,2079009980,5914624,
1,wasmedge,factorial.scalar,True,-2102132736,16384,377625,3416,5083,25291,76641000.0,26172000,0,1.0,3.4035069143805154,534279585,156979139,5914624,
1,wasmedge,sieve.scalar,True,1229,672,221208,1955666,4442792,7617625,2549577000.0,65584000,0,1.0,3.5843253111039126,12543670270,3499590350,5914624,
1,wasmedge,crc32.scalar,True,-1910355869,60,347791,20997834,34069167,59155584,1753089000.0,40302000,0,1.0,3.4382977505638648,8011623538,2330113364,5914624,
1,wasmedge,convolution.scalar,True,8190685,33,308875,42822500,67071208,77845583,1913343000.0,48508000,0,1.0,3.4715387565231777,9072972252,2613530451,5963776,
1,wasmedge,bulk_memory.scalar,True,8698902,27,470209,60483833,79308500,92342542,1869360000.0,47099000,0,1.0,3.669788247011419,9293489634,2532432121,6045696,
1,wasmedge,xmrsplayer,True,1101642729,22,11312625,64346208,86339125,115233041,1651576000.0,44167000,0,1.0,3.41652302306936,7490871329,2192542324,25100288,
1,wasmedge,vtable_mono,True,-318559695,14,743292,103115458,141768708,162695459,1663421000.0,39840000,0,1.0,3.224727924219616,7545436350,2339867588,25100288,
1,wasmedge,vtable_bi,True,-208336512,10,746583,151753209,189738291,204930250,1620858000.0,38775000,0,1.0,3.495655595457073,7473587015,2137964342,25100288,
1,wasmedge,vtable_poly4,True,-126115384,11,834125,171470625,194790917,210357084,1885513000.0,45742000,0,1.0,3.310800718502887,8453604694,2553341446,25100288,
1,wasmedge,vtable_poly6,True,579248763,10,426458,189081709,210279667,237635875,1835416000.0,47804000,0,1.0,3.306734124850711,8284900123,2505463037,25100288,
1,wasmedge,graphql_as,True,5,42,7683500,39100375,53808792,76478542,2000167000.0,45892000,0,1.0,3.2935220405514136,8982827412,2727422893,25100288,
1,wasmedge,tailcall_fsm,True,-1841735369,46,344625,25885875,37223083,50106959,1462202000.0,35884000,0,1.0,3.7446153338893615,7715253968,2060359551,25100288,
1,wasmedge,eh_parser_exnref,True,830008030,32,580875,45749708,59084375,70172458,1647446000.0,36310000,0,1.0,3.4337738732614222,7768756039,2262454176,25100288,
1,wasmedge,eh_parser_legacy,False,,,,,,,,,,,,,,,"WasmEdge VMLoadWasmFromBytes: illegal opcode
loading failed: illegal opcode, Code: 0x117
    Bytecode offset: 0x00000171
    At AST node: instruction
    At AST node: expression
    At AST node: code segment
    At AST node: code section
    At AST node: module"
1,wasmedge,gc_trees,True,-81253392,10,344875,166451667,188062584,196862584,1576319000.0,72564000,35542,1.0,3.4583691898416555,7634173921,2207449090,189513728,
1,wasmedge,callref_dispatch,True,-750120562,21,774416,89222167,106287667,120210958,1916616000.0,44988000,0,1.0,3.4713747101111,8781276744,2529625142,189513728,
1,wasmedge,callref_dispatch.indirect,True,-750120562,20,236042,76106875,102754083,110447791,1720908000.0,41269000,0,1.0,3.4911282046749146,8120801618,2326125293,189513728,
1,wasmedge,relaxed_dot,True,-551922832,511,700750,3110166,7246708,10736417,3147485000.0,78022000,0,1.0,3.557430383360755,14864285204,4178376975,189513728,
1,wasmedge,relaxed_madd,True,-1435646925,552,653500,1371708,3131500,5566500,1455735000.0,36887000,0,1.0,3.4749957213896665,7017791570,2019510852,189513728,
1,wasmedge,mem64_chase,True,433527714,15,14772625,121834667,170234000,184009500,2141758000.0,46635000,0,1.0,1.5450297079966038,5456471341,3531628753,244170752,
1,wasmedge,mem64_chase.mem32,True,433527714,10,339375,130266666,169536792,177779000,1488067000.0,39334000,0,1.0,1.6767240401293768,3209203220,1913972212,311279616,
1,wasmedge,multimem_transform,True,902712413,41,663583,22607709,40791791,53141042,1462088000.0,34589000,0,1.0,3.638151258039205,7388060236,2030718272,311279616,
1,wasmedge,multimem_transform.single,True,902712413,46,477666,28461625,41910333,57159375,1672606000.0,43301000,0,1.0,3.6200536465514643,8293504481,2290989386,311279616,
1,wasmedge,extconst_init,True,-1152068691,135,15093166,5812625,14005209,1491732167,813159000.0,668266000,69208,1.0,3.0009581236571448,6171265851,2056431845,311279616,
1,wasmedge,extconst_init.mvp,True,-1152068691,197,5960917,5430208,12777833,100472167,1044722000.0,972517000,113208,0.9999,3.074872054886429,8500821060,2764609684,311279616,
1,wasmedge,graphql_porf,True,0,48,10463417,33318458,44816917,62959167,1700933000.0,200876000,1887875,0.999,3.094526923880556,7892690068,2550532040,311279616,
1,wasmedge,sqlite3,False,,,,,,,,,,,,,,,N/A — the harness only has a WASI preview-1 + bench.* import shim for Pulley
1,zwasm,fib,True,832040,2,982792,777335125,851535291,851535291,1411992000.0,60723000,0,1.0,3.6115905766949785,6640999163,1838801775,5357568,
1,zwasm,fib_tail,True,873876091,466,226958,2269208,5159375,7641792,2067147000.0,94548000,0,1.0,4.46801307521404,11963105831,2677500184,5488640,
1,zwasm,factorial,False,,,,,,,,,,,,,,,init warmup failed: `factorial(20)` trapped: trap: unreachable
1,zwasm,sieve,False,,,,,,,,,,,,,,,init warmup failed: `sieve(10000)` trapped: trap: unreachable
1,zwasm,crc32,False,,,,,,,,,,,,,,,init warmup failed: `crc32(12648430)` trapped: trap: unreachable
1,zwasm,matmul_simd,False,,,,,,,,,,,,,,,init warmup failed: `matmul(48879)` trapped: trap: unreachable
1,zwasm,matmul_fma,False,,,,,,,,,,,,,,,init warmup failed: `matmul_fma(48879)` trapped: trap: unreachable
1,zwasm,convolution,False,,,,,,,,,,,,,,,init warmup failed: `convolve(51966)` trapped: trap: unreachable
1,zwasm,audio_dsp,True,761667740,1,329333,5440934041,5440934041,5440934041,4663214000.0,221008000,0,1.0,4.476206846490465,28611496094,6391906602,6094848,
1,zwasm,bulk_memory,False,,,,,,,,,,,,,,,init warmup failed: `bulk_memory(45260)` trapped: trap: unreachable
1,zwasm,call_indirect,True,-9175573,18,349666,93379791,110738125,126081833,1738195000.0,75912000,0,1.0,3.294037213968797,7482155020,2271423950,6209536,
1,zwasm,factorial.scalar,True,-2102132736,16384,351666,1625,4250,14375,64691000.0,3046000,0,1.0,4.157141152431577,319354564,76820717,6307840,
1,zwasm,sieve.scalar,True,1229,412,691709,1756209,4045667,6321584,1424270000.0,65104000,0,1.0,4.519907929005868,8544830250,1890487679,6340608,
1,zwasm,crc32.scalar,True,-1910355869,68,394041,23033334,29253875,35795375,1709655000.0,77812000,0,1.0,4.445720041886208,9766601698,2196854864,6406144,
1,zwasm,convolution.scalar,True,8190685,31,295166,46932584,64395375,71679333,1688642000.0,78602000,0,1.0,4.546425957665158,10417943241,2291457804,6471680,
1,zwasm,bulk_memory.scalar,True,8698902,24,436334,62677541,79696834,96851750,1604255000.0,74912000,0,1.0,4.476708958810286,9323098285,2082578602,6520832,
1,zwasm,xmrsplayer,True,-1187888079,23,3481292,66534875,80142000,98653583,1608597000.0,76732000,0,1.0,3.916681025009192,8298607524,2118785643,24674304,
1,zwasm,vtable_mono,True,-318559695,10,560875,161518792,183754917,204803334,1547727000.0,70370000,0,1.0,3.067689068618917,6512914692,2123068716,24674304,
1,zwasm,vtable_bi,True,-208336512,8,650042,209649792,217769833,246031542,1533078000.0,70643000,0,1.0,3.401230665009756,6770885063,1990716223,24674304,
1,zwasm,vtable_poly4,True,-126115384,8,528667,217715500,230415292,280354375,1615843000.0,73263000,0,1.0,3.3043316854302716,6999509553,2118282975,24674304,
1,zwasm,vtable_poly6,True,579248763,7,452916,218507833,242118541,270559417,1474048000.0,64920000,0,1.0,3.2996384575198583,6593182562,1998153024,24674304,
1,zwasm,graphql_as,True,5,40,1179542,39775042,55169209,65965459,1879184000.0,87036000,0,1.0,3.622018872993988,8786074058,2425739447,24674304,
1,zwasm,tailcall_fsm,True,-1841735369,39,248291,41050958,52811542,64807542,1741119000.0,110154000,0,1.0,3.3868310322040656,7705739586,2275206384,136314880,
1,zwasm,eh_parser_exnref,True,830008030,26,182750,71235125,81416916,91381209,1814319000.0,86711000,0,1.0,2.96371924356346,7103886666,2396949941,136904704,
1,zwasm,eh_parser_legacy,False,,,,,,,,,,,,,,,wasm_module_new failed (invalid wasm or unsupported feature)
1,zwasm,gc_trees,False,,,,,,,,,,,,,,,N/A — not run: zwasm v2.7.0 never reclaims GC structs and grows its GC heap far faster than the allocation rate (124 MB for 31K 24-byte structs); the process segfaults at ~2.3 GB
1,zwasm,callref_dispatch,True,-750120562,16,231708,106821583,121037042,132705833,1655295000.0,76857000,0,1.0,3.4254499636208804,7320923044,2137215000,137003008,
1,zwasm,callref_dispatch.indirect,True,-750120562,16,344958,93490583,116904208,147950208,1583496000.0,72362000,0,1.0,3.399368173541591,7122031255,2095104411,137019392,
1,zwasm,relaxed_dot,False,,,,,,,,,,,,,,,init warmup failed: `relaxed_dot(7)` trapped: trap: unreachable
1,zwasm,relaxed_madd,False,,,,,,,,,,,,,,,init warmup failed: `relaxed_madd(7)` trapped: trap: unreachable
1,zwasm,mem64_chase,True,433527714,18,11601833,76698541,128990667,146659625,1902346000.0,87500000,0,1.0,2.2493291653185805,6106332146,2714734793,204210176,
1,zwasm,mem64_chase.mem32,True,433527714,18,372208,110070084,121864917,141422125,1868211000.0,88310000,0,1.0,2.508309988568618,6099538232,2431732226,271319040,
1,zwasm,multimem_transform,True,902712413,62,424834,15619333,34097667,42842042,1702115000.0,74507000,0,1.0,4.644159086197541,11311674963,2435677752,271319040,
1,zwasm,multimem_transform.single,True,902712413,50,415042,27436208,35029667,40187250,1503801000.0,69717000,0,1.0,4.642999334479237,9127147287,1965786904,271319040,
1,zwasm,extconst_init,True,-1152068691,1216,4246708,959458,2476417,4224667,2130428000.0,451266000,11416,1.0,3.252365096755602,10517406956,3233771930,2140504064,
1,zwasm,extconst_init.mvp,True,-1152068691,1896,949041,392500,1194541,2774542,1480643000.0,473199000,49416,1.0,3.3251232446064427,8346180425,2510036414,3331653632,
1,zwasm,graphql_porf,True,0,48,3384792,20994292,43716292,55218791,1645751000.0,176809000,0,1.0,3.2313321770861974,8062460876,2495088847,3818684416,
1,zwasm,sqlite3,False,,,,,,,,,,,,,,,N/A — the harness only has a WASI preview-1 + bench.* import shim for Pulley
1,wasmz,fib,True,832040,17,926500,82260667,116919250,237908958,1551562000.0,75763000,0,1.0,2.7359100008577477,5776955289,2111529724,5668864,
1,wasmz,fib_tail,True,873876091,3014,493458,268500,689833,1555667,1656991000.0,114198000,21958,1.0,2.447152159144957,5454756328,2229022134,5947392,
1,wasmz,factorial,True,-2102132736,16384,383208,3083,6125,29583,21967000.0,88449000,104292,0.9991,2.107864588971134,340484558,161530565,5980160,
1,wasmz,sieve,False,,,,,,,,,,,,,,,N/A — not run: wasmz v0.1.4 segfaults on this module's v128 ops (the scalar build runs)
1,wasmz,crc32,False,,,,,,,,,,,,,,,N/A — not run: wasmz v0.1.4 segfaults on this module's v128 ops (the scalar build runs)
1,wasmz,matmul_simd,True,48907,269,450167,2493708,5541583,9204666,1261013000.0,65501000,0,1.0,3.4396160935624263,5844695845,1699229125,6209536,
1,wasmz,matmul_fma,True,48907,509,539875,1575583,3890709,6867250,1653741000.0,89558000,0,1.0,3.9573116413890626,8650574608,2185972547,6275072,
1,wasmz,convolution,True,8190685,167,243458,4982542,9475709,12765291,1384641000.0,68145000,0,1.0,3.7345506999173006,6804787455,1822116769,6324224,
1,wasmz,audio_dsp,True,761667740,1,333750,1141602834,1141602834,1141602834,996578000.0,44117000,0,1.0,2.9452928865817922,3807201777,1292639450,6438912,
1,wasmz,bulk_memory,True,8698902,199,536166,5114584,10326833,16322750,1773388000.0,86942000,0,1.0,3.2895720013980987,7745902098,2354683860,6651904,
1,wasmz,call_indirect,True,-9175573,69,693667,22170417,30325375,41160042,1789270000.0,81937000,0,1.0,2.6247972594104025,6277201092,2391499408,7176192,
1,wasmz,factorial.scalar,True,-2102132736,16384,806750,3000,8000,32542,25843000.0,108679000,0,1.0,2.155272259107811,331535529,153825359,7176192,
1,wasmz,sieve.scalar,True,1229,2709,627875,261708,675459,1495208,1471033000.0,101217000,0,1.0,3.089957257777037,6054036325,1959262158,7176192,
1,wasmz,crc32.scalar,True,-1910355869,744,441042,2191500,5035875,8428000,3139534000.0,163713000,0,1.0,3.2838454188052633,14425644173,4392912069,7176192,
1,wasmz,convolution.scalar,True,8190685,154,413375,8530584,14447333,18687125,1832432000.0,91465000,0,1.0,3.368941176042009,8252827682,2449679959,7176192,
1,wasmz,bulk_memory.scalar,True,8698902,190,528542,4377417,9794916,13736042,1578493000.0,79979000,21791,1.0,3.193455147196542,6849001006,2144699296,7176192,
1,wasmz,xmrsplayer,True,1704145993,159,3616500,6305375,12032833,16779792,1632716000.0,80668000,0,1.0,2.7818495727918737,6060136854,2178455986,26247168,
1,wasmz,vtable_mono,True,-318559695,54,1140084,32744875,44584791,60602041,2050028000.0,94909000,0,1.0,3.2255439958291183,8672036539,2688550071,26247168,
1,wasmz,vtable_bi,True,-208336512,41,1340417,37761500,50522959,60192458,1805254000.0,84142000,0,1.0,3.013769915859338,7099707677,2355756370,26247168,
1,wasmz,vtable_poly4,True,-126115384,37,885833,38351125,53104834,63039542,1675308000.0,77674000,0,1.0,3.027491245582162,6699694030,2212952404,26247168,
1,wasmz,vtable_poly6,True,579248763,38,1299708,40268333,56710625,65056542,1826598000.0,84594000,0,1.0,2.876390551366261,7063487656,2455677534,26247168,
1,wasmz,graphql_as,False,,,,,,,,,,,,,,,wasmz init-warmup failed: wasmz_instance_call trap: trap: wasm `unreachable` instruction executed
1,wasmz,tailcall_fsm,True,-1841735369,368,7146458,2229750,5325875,7784000,1666861000.0,84806000,6875,1.0,2.441654311620737,5440871927,2228354727,26247168,
1,wasmz,eh_parser_exnref,True,830008030,131,597292,7671875,13889625,17383250,1602034000.0,82918000,0,1.0,2.641065664109378,5580593302,2113008161,26247168,
1,wasmz,eh_parser_legacy,True,830008030,145,727375,6862584,14692292,18501667,1840951000.0,96530000,0,1.0,2.6413431480375222,6351559510,2404670334,26247168,
1,wasmz,gc_trees,True,-81253392,36,351667,39290041,49121500,72636083,1502693000.0,137729000,25459,1.0,2.8841759608805093,6059791543,2101047795,182173696,
1,wasmz,callref_dispatch,False,,,,,,,,,,,,,,,wasmz init-warmup failed: wasmz_instance_call trap: trap: null reference dereference
1,wasmz,callref_dispatch.indirect,True,-750120562,68,576167,19112000,29131500,35082750,1684476000.0,79039000,0,1.0,2.6298999770135616,5719745975,2174891070,182173696,
1,wasmz,relaxed_dot,True,-551922832,576,539041,1426875,3586458,5637500,1693680000.0,90877000,32708,1.0,3.958319785027613,8829094343,2230515679,182173696,
1,wasmz,relaxed_madd,True,-1435646925,2199,682875,355375,914208,1926333,1580971000.0,122206000,39958,1.0,3.120796680794542,6721413261,2153749170,182173696,
1,wasmz,mem64_chase,True,433527714,34,12327833,47919500,57110291,70762542,1715792000.0,82223000,0,1.0,0.4895460093761352,1109899249,2267201096,182173696,
1,wasmz,mem64_chase.mem32,True,433527714,36,12580792,43477125,58598083,78509541,1811051000.0,86457000,0,1.0,0.49268670782961504,1176271490,2387463415,182173696,
1,wasmz,multimem_transform,False,,,,,,,,,,,,,,,wasmz_module_new failed: module compilation failed: MultipleMemories
1,wasmz,multimem_transform.single,True,902712413,470,345208,2367625,5307041,8493291,2085134000.0,111394000,0,1.0,3.0622009864853172,8585464706,2803690791,182173696,
1,wasmz,extconst_init,False,,,,,,,,,,,,,,,"wrong result: got -1669113347, expected -1152068691 (cross-runtime consensus)"
1,wasmz,extconst_init.mvp,False,,,,,,,,,,,,,,,"wrong result: got 1844351884, expected -1152068691 (cross-runtime consensus)"
1,wasmz,graphql_porf,False,,,,,,,,,,,,,,,init warmup failed: wasmz m() trap: multi-value results are not supported by the C API (results_len = 2)
1,wasmz,sqlite3,False,,,,,,,,,,,,,,,N/A — the harness only has a WASI preview-1 + bench.* import shim for Pulley
1,tinywasm,fib,True,832040,8,1357625,222167125,232181875,245320209,1603202000.0,72993000,0,1.0,3.3857243693673715,7401478414,2186084160,5177344,
1,tinywasm,fib_tail,True,873876091,1226,93458,627125,1608709,3464375,1565844000.0,71256000,0,1.0,4.0705150121609925,8616158862,2116724502,5292032,
1,tinywasm,factorial,True,-2102132736,16384,560583,583,1042,1292,18692000.0,893000,0,1.0,3.3490579452436093,67595490,20183434,5603328,
1,tinywasm,sieve,True,1229,1373,382958,612333,1575792,3134458,1740994000.0,79985000,0,1.0,3.6196920387394123,8294892567,2291601738,5767168,
1,tinywasm,crc32,True,-1910355869,209,227000,5980417,11342458,16807958,2026311000.0,95007000,0,1.0,3.6010806989639694,9739122257,2704499863,5799936,
1,tinywasm,matmul_simd,True,48907,187,437250,4407375,8432667,12303792,1335027000.0,60571000,0,1.0,3.6303680405158594,6504661489,1791736104,5947392,
1,tinywasm,matmul_fma,True,48907,351,244667,2852875,6524250,9942708,1969891000.0,93396000,0,1.0,3.4714456336688664,9241889721,2662259674,6012928,
1,tinywasm,convolution,True,8190685,165,248500,5921750,12915917,17078583,1827294000.0,82844000,0,1.0,3.3947549056825252,8168943801,2406342734,6062080,
1,tinywasm,audio_dsp,True,761667740,1,228083,2556797000,2556797000,2556797000,2148167000.0,95898000,0,1.0,3.658850879097063,10296456149,2814122928,6160384,
1,tinywasm,bulk_memory,True,8698902,126,133250,12878875,21443750,27555166,2318929000.0,109477000,0,1.0,3.769062348227657,11639240239,3088099682,6324224,
1,tinywasm,call_indirect,True,-9175573,47,230042,35721500,47546042,62385459,1895796000.0,88124000,0,1.0,2.747100435890231,7105419503,2586516099,6455296,
1,tinywasm,factorial.scalar,True,-2102132736,16384,113875,291,750,958,12468000.0,628000,0,1.0,3.7186362754337385,56149660,15099530,6504448,
1,tinywasm,sieve.scalar,True,1229,1192,192583,642000,1647084,4030500,1572873000.0,71829000,0,1.0,3.6249270781943776,7566574504,2087372888,6569984,
1,tinywasm,crc32.scalar,True,-1910355869,153,251667,5239459,11635750,15866042,1531902000.0,71443000,0,1.0,3.5575740356648082,7167643399,2014755934,6651904,
1,tinywasm,convolution.scalar,True,8190685,74,84875,19267916,31225666,40707834,1949344000.0,88261000,0,1.0,3.464104708743813,9120777472,2632939313,6651904,
1,tinywasm,bulk_memory.scalar,True,8698902,81,171625,14987500,23161250,34207208,1614193000.0,75510000,0,1.0,3.7528845594592335,8004812895,2132976053,6651904,
1,tinywasm,xmrsplayer,True,-1252912274,63,7430458,19870542,27916125,34068333,1533851000.0,70929000,0,1.0,3.5056135494973044,7080419816,2019737691,24526848,
1,tinywasm,vtable_mono,True,-318559695,27,209959,60453416,71497000,84917666,1693901000.0,81831000,0,1.0,3.1212263727187697,6914273803,2215242657,24526848,
1,tinywasm,vtable_bi,True,-208336512,21,282042,70784375,85457000,98501375,1538722000.0,70913000,0,1.0,3.1994597835393135,6568733797,2053075907,24576000,
1,tinywasm,vtable_poly4,True,-126115384,21,276792,77292167,89813458,107879208,1607012000.0,72634000,0,1.0,3.2680004666031905,6928225676,2120019794,24592384,
1,tinywasm,vtable_poly6,True,579248763,20,439375,88162291,98083000,116657125,1714024000.0,77957000,0,1.0,3.104877664194334,7242179264,2332516784,24608768,
1,tinywasm,graphql_as,True,5,96,3595959,11642167,21353792,30444000,1757746000.0,81239000,0,1.0,3.3116014360018173,7862762236,2374308137,25083904,
1,tinywasm,tailcall_fsm,True,-1841735369,179,843917,5709833,10512917,14510834,1612179000.0,76424000,0,1.0,3.5859043884134705,7762372224,2164690238,25083904,
1,tinywasm,eh_parser_exnref,True,830008030,53,318333,15966209,34779833,46700625,1558368000.0,79123000,0,1.0,2.7289392891409725,5611856538,2056424106,25706496,
1,tinywasm,eh_parser_legacy,False,,,,,,,,,,,,,,,tinywasm::parse_bytes failed: error parsing module: legacy exceptions support is not enabled (at offset 0x171) at offset 369
1,tinywasm,gc_trees,True,-81253392,8,164042,215651167,221674292,232531250,1545682000.0,74678000,0,1.0,2.416187785994619,4821246007,1995393750,28213248,
1,tinywasm,callref_dispatch,True,-750120562,41,172917,31057750,44299500,56733875,1587977000.0,74430000,0,1.0,2.8299934935304214,5920922977,2092203742,28213248,
1,tinywasm,callref_dispatch.indirect,True,-750120562,38,115334,38593042,45177125,52297000,1493913000.0,76835000,0,1.0,2.7228645487483285,5256518871,1930510599,28213248,
1,tinywasm,relaxed_dot,True,-551922832,294,258750,2257625,5246541,7586459,1305798000.0,58727000,0,1.0,3.0550658617761806,5375852931,1759652058,28213248,
1,tinywasm,relaxed_madd,True,-1435646925,1637,390958,621167,1595500,2920416,2132666000.0,97676000,0,1.0,3.373910208473504,9364671657,2775613777,28213248,
1,tinywasm,mem64_chase,True,433527714,27,8636834,64829583,72984958,101952084,1723643000.0,80327000,0,1.0,1.1720991814868575,2704140469,2307091850,79183872,
1,tinywasm,mem64_chase.mem32,True,433527714,27,919292,52385666,69245125,93876750,1675012000.0,76935000,0,1.0,1.0877043940481284,2423900290,2228454995,79183872,
1,tinywasm,multimem_transform,True,902712413,159,82250,8063625,13726625,20086292,1879305000.0,89104000,0,1.0,3.8120390613145867,9378471196,2460224317,79200256,
1,tinywasm,multimem_transform.single,True,902712413,143,174375,8501458,13914667,17506583,1714178000.0,78295000,0,1.0,3.7259117639200996,8281022430,2222549259,79200256,
1,tinywasm,extconst_init,True,-1152068691,2239,12315333,336958,873833,1821375,1643217000.0,78534000,0,1.0,3.8119734674849703,8005322785,2100046827,80527360,
1,tinywasm,extconst_init.mvp,True,-1152068691,10086,3270708,74208,189041,521458,1617890000.0,73848000,0,1.0,3.6416781183925284,7604750274,2088254378,80674816,
1,tinywasm,graphql_porf,True,0,101,6682458,10885792,19579417,24349958,1474151000.0,313462000,86667,1.0,2.920949001470101,6416540734,2196731518,1109852160,
1,tinywasm,sqlite3,False,,,,,,,,,,,,,,,N/A — the harness only has a WASI preview-1 + bench.* import shim for Pulley
2,pulley,fib,True,832040,17,1824083,87952791,110560333,118907333,1603011000.0,74154000,0,1.0,2.8862550362661827,6087873153,2109263761,7094272,
2,pulley,fib_tail,True,873876091,3998,2031958,248666,634042,1417000,2067111000.0,95120000,0,1.0,3.2375248883029197,8749929565,2702660170,7798784,
2,pulley,factorial,True,-2102132736,16384,1898500,208,333,750,6876000.0,314000,0,1.0,2.8938789576198944,36872897,12741686,8454144,
2,pulley,sieve,True,1229,2354,3420167,349416,907125,1720416,1741534000.0,81833000,0,1.0,3.0921274202733815,7028140498,2272914257,9617408,
2,pulley,crc32,True,-1910355869,291,3252834,2304542,5387291,7976084,1355288000.0,62653000,0,1.0,3.794947250478265,6796623300,1790966475,9961472,
2,pulley,matmul_simd,True,48907,502,3955875,1636708,4063584,6809000,1714967000.0,81246000,0,1.0,3.394972158593001,7553620928,2224943409,10469376,
2,pulley,matmul_fma,True,48907,655,5249417,1200250,3081208,5997875,1632605000.0,76650000,0,1.0,3.7425737620361272,8013258395,2141109008,10584064,
2,pulley,convolution,True,8190685,259,3679500,3355041,6820084,10689083,1531519000.0,70018000,0,1.0,3.573625937633055,7398625130,2070341233,10813440,
2,pulley,audio_dsp,True,761667740,1,3518333,1424596750,1424596750,1424596750,1237188000.0,56210000,0,1.0,3.3663051842876457,5354092032,1590495139,10813440,
2,pulley,bulk_memory,True,8698902,68,4278166,14327750,27051250,44494667,1614008000.0,76137000,0,1.0,2.477080018345791,5217341374,2106246603,11059200,
2,pulley,call_indirect,True,-9175573,49,6208000,29758709,38114792,46716459,1632608000.0,72857000,0,1.0,2.058188237425732,4378661520,2127434916,11239424,
2,pulley,factorial.scalar,True,-2102132736,16384,1602833,291,833,1000,12726000.0,520000,0,1.0,2.585160862916344,41875038,16198233,11239424,
2,pulley,sieve.scalar,True,1229,3654,3769125,369125,943542,1690000,2763714000.0,124241000,0,1.0,3.2857924260684754,12076274668,3675300537,11272192,
2,pulley,crc32.scalar,True,-1910355869,490,1175708,2330000,5165292,8632458,2215591000.0,102668000,0,1.0,3.8034727336093868,11494005265,3021976512,11272192,
2,pulley,convolution.scalar,True,8190685,136,2925500,7611042,13823375,18092292,1626084000.0,75256000,0,1.0,4.108517904046535,9036065927,2199349288,11272192,
2,pulley,bulk_memory.scalar,True,8698902,60,5279083,18553458,28582542,35134750,1433847000.0,68113000,0,1.0,2.5098688505575693,4726864044,1883311171,11370496,
2,pulley,xmrsplayer,True,1580867102,94,297354625,11962458,19781750,26049292,1569838000.0,70893000,0,1.0,2.7257460566071563,5618067173,2061111731,37240832,
2,pulley,vtable_mono,True,-318559695,33,6553250,54605291,65190542,75597458,1888352000.0,86620000,0,1.0,2.2937024125227667,5685311672,2478661417,37240832,
2,pulley,vtable_bi,True,-208336512,31,12960917,48954459,66430500,77023500,1800967000.0,79665000,0,1.0,2.2910097881312717,5515304119,2407368204,37240832,
2,pulley,vtable_poly4,True,-126115384,29,9799417,51299500,72832541,80387875,1763171000.0,82938000,0,1.0,2.310572632362924,5323534876,2303989410,37240832,
2,pulley,vtable_poly6,True,579248763,29,12972375,60563875,79538708,87493708,1956019000.0,93520000,0,1.0,2.3137972208120856,5836622163,2522529680,37240832,
2,pulley,graphql_as,True,5,148,178589958,5471083,12226334,17940542,1529849000.0,72320000,0,1.0,2.5078709563960753,5151022150,2053942264,37240832,
2,pulley,tailcall_fsm,True,-1841735369,422,6585042,2597125,5893125,9571708,2154506000.0,97262000,0,1.0,2.3545839967088966,6798434395,2887318696,37240832,
2,pulley,eh_parser_exnref,True,830008030,102,4361375,12675333,21304500,29464583,1893968000.0,88283000,0,1.0,2.380696331438613,5887919657,2473192225,37240832,
2,pulley,eh_parser_legacy,False,,,,,,,,,,,,,,,Module::from_binary failed — invalid wasm or unsupported feature?: failed to compile: wasm[0]::function[6]: WebAssembly translation error: Unsupported feature: operator Try { blockty: Empty }
2,pulley,gc_trees,True,-81253392,13,4384542,147463792,161698708,182561250,1821855000.0,87419000,0,1.0,2.972155474294749,6971376817,2345562632,37240832,
2,pulley,callref_dispatch,True,-750120562,78,4236917,25338750,34002375,41054875,2301198000.0,106224000,0,1.0,1.8670207733785738,5668112092,3035912708,37240832,
2,pulley,callref_dispatch.indirect,True,-750120562,62,3878334,23921125,31849542,44875375,1691069000.0,81624000,0,1.0,1.9339488090739656,4317584526,2232522653,37240832,
2,pulley,relaxed_dot,True,-551922832,225,6163500,3331375,7520792,10819250,1449422000.0,68879000,0,1.0,3.403786660961341,6437373281,1891238765,37240832,
2,pulley,relaxed_madd,True,-1435646925,5857,8647041,162166,413542,1007375,1993319000.0,92638000,0,1.0,3.0570468262534582,7912071073,2588141930,37240832,
2,pulley,mem64_chase,True,433527714,31,2198833,62251833,69673083,92888584,1850665000.0,90798000,0,1.0,0.9067431338165014,2236893192,2466953549,91373568,
2,pulley,mem64_chase.mem32,True,433527714,35,2349583,50807208,58164500,67240666,1766722000.0,80477000,0,1.0,0.7222727492350556,1690670345,2340764409,91373568,
2,pulley,multimem_transform,True,902712413,236,1773792,3572834,7950750,12640208,1634132000.0,76368000,0,1.0,3.533068942307301,7646422034,2164243653,91373568,
2,pulley,multimem_transform.single,True,902712413,170,1197166,5336875,12468709,77446209,1706490000.0,85482000,0,1.0,3.365995685072853,7390094582,2195515168,91373568,
2,pulley,extconst_init,True,-1152068691,13064,874939416,56083,143875,424416,1494961000.0,246266000,0,1.0,2.8606943888418153,6261231726,2188710458,91373568,
2,pulley,extconst_init.mvp,True,-1152068691,16384,72008125,34042,87500,285667,1037571000.0,358372000,37750,1.0,2.599972152527661,4606597843,1771787378,91373568,
2,pulley,graphql_porf,True,0,136,347875917,7881583,13584541,17282375,1383241000.0,326456000,34708,1.0,2.0037332545635866,4270384691,2131214163,91373568,
2,pulley,sqlite3,True,0,1,2962730459,55130133084,55130133084,55130133084,46835154000.0,2226958000,0,1.0,2.4496439974422866,152561818267,62279179516,106790912,
2,wamr,fib,True,832040,13,984916,117656208,143022875,171167917,1547141000.0,69277000,0,1.0,3.256048273037556,6759883083,2076100388,11829248,
2,wamr,fib_tail,True,873876091,2082,1500167,388458,1000750,2007209,1707644000.0,77967000,0,1.0,2.1959633155566682,4849671181,2208448177,11960320,
2,wamr,factorial,True,-2102132736,16384,1337250,291,583,708,9603000.0,908000,0,1.0,3.418257654505623,41746856,12212905,12124160,
2,wamr,sieve,True,1229,2224,1374917,257417,667417,1417750,1218718000.0,56469000,0,1.0,3.307132649697624,5240168864,1584505195,12156928,
2,wamr,crc32,True,-1910355869,411,2442750,1954792,4772708,7559209,1659102000.0,76707000,0,1.0,2.569331894165989,5543700953,2157642991,12238848,
2,wamr,matmul_simd,True,48907,858,1738292,1317875,3325000,5831417,2350503000.0,111260000,0,1.0,3.6803906081807285,11322799458,3076521126,12255232,
2,wamr,matmul_fma,True,48907,751,1330083,983042,2532875,4690625,1566464000.0,74601000,0,1.0,3.693392443328944,7448431540,2016691065,12288000,
2,wamr,convolution,True,8190685,464,1444875,2102125,4998875,8163958,1975451000.0,91229000,0,1.0,3.2592609883601695,8450559762,2592784006,12386304,
2,wamr,audio_dsp,True,761667740,1,2523292,1083091667,1083091667,1083091667,938091000.0,42453000,0,1.0,2.171722742867619,2696671232,1241719847,12386304,
2,wamr,bulk_memory,True,8698902,157,763541,5545458,12455084,22057416,1659528000.0,79537000,0,1.0,2.6470124181983574,5888305290,2224509885,12468224,
2,wamr,call_indirect,True,-9175573,106,1779208,12914584,22423792,28407208,2012170000.0,95990000,0,1.0,2.505293953747613,6870380305,2742344983,12468224,
2,wamr,factorial.scalar,True,-2102132736,16384,1243125,166,250,708,7895000.0,777000,0,1.0,2.9794410203140553,36725317,12326244,12468224,
2,wamr,sieve.scalar,True,1229,2414,1882292,271542,701583,1660375,1338483000.0,63283000,0,1.0,2.5416481735978325,4642479786,1826562714,12468224,
2,wamr,crc32.scalar,True,-1910355869,522,1182375,1939041,4420542,7072584,1967282000.0,89805000,0,1.0,2.5521492845707208,7059275649,2766012040,12500992,
2,wamr,convolution.scalar,True,8190685,120,873250,6368166,12247750,17992042,1221687000.0,60964000,0,1.0,2.14450844728683,4206069566,1961321053,12550144,
2,wamr,bulk_memory.scalar,True,8698902,159,1734334,6159833,11898292,31570875,1601094000.0,51073000,0,1.0,2.5564041857530917,6023715762,2356323697,12599296,
2,wamr,xmrsplayer,True,1672263069,123,11736167,8422625,14288208,18947042,1541392000.0,51602000,0,1.0,2.879626271872528,5981399530,2077144381,28753920,
2,wamr,vtable_mono,True,-318559695,57,1997500,16513875,32314542,48125583,1560737000.0,47457000,0,1.0,3.252151232510933,7021657571,2159080888,28753920,
2,wamr,vtable_bi,True,-208336512,51,1893958,23301625,38181166,62016167,1657628000.0,46347000,0,1.0,3.0966574151619075,7013034805,2264711224,28753920,
2,wamr,vtable_poly4,True,-126115384,58,1590792,29652791,47366916,63775000,2225701000.0,60248000,0,1.0,2.8628640567959027,8198859095,2863866021,28753920,
2,wamr,vtable_poly6,True,579248763,38,1639625,34723292,50219541,71326625,1528298000.0,46793000,0,1.0,2.732689138461412,5543267987,2028502953,28753920,
2,wamr,graphql_as,True,5,193,8102042,3219709,8818875,15037375,1549996000.0,39900000,0,1.0,2.529088190515951,5198466428,2055470603,28753920,
2,wamr,tailcall_fsm,True,-1841735369,392,1846750,4673708,10725459,14465625,3546157000.0,89380000,0,1.0,3.6264053066419115,17399362622,4797964141,28753920,
2,wamr,eh_parser_exnref,False,,,,,,,,,,,,,,,wasm_runtime_load failed: WASM module load failed: unsupported opcode 1f
2,wamr,eh_parser_legacy,True,830008030,238,1964500,6890125,14018292,21436750,2952243000.0,80516000,0,1.0,2.9917271548384647,12249343130,4094405170,28753920,
2,wamr,gc_trees,False,,,,,,,,,,,,,,,wasm_runtime_load failed: WASM module load failed: invalid type flag
2,wamr,callref_dispatch,False,,,,,,,,,,,,,,,wasm_runtime_load failed: WASM module load failed: incompatible import type
2,wamr,callref_dispatch.indirect,True,-750120562,94,54584,14352000,22941791,29256125,1855157000.0,58884000,0,1.0,2.4982898497329553,6066969917,2428449172,28753920,
2,wamr,relaxed_dot,True,-551922832,1049,1747167,1123708,2702292,4787583,2379079000.0,74439000,0,1.0,3.0453889024451595,9601430096,3152776346,28753920,
2,wamr,relaxed_madd,True,-1435646925,3862,2112208,192500,490375,1301875,1466961000.0,47178000,0,1.0,3.483651741275463,6977020401,2002789291,28753920,
2,wamr,mem64_chase,False,,,,,,,,,,,,,,,wasm_runtime_load failed: WASM module load failed: invalid limits flags
2,wamr,mem64_chase.mem32,True,433527714,20,2088542,62487750,88172916,107254958,1544097000.0,36025000,0,1.0,0.2717776664662765,582945045,2144933587,81428480,
2,wamr,multimem_transform,False,,,,,,,,,,,,,,,wasm_runtime_load failed: WASM module load failed: multiple memories
2,wamr,multimem_transform.single,True,902712413,342,1797458,1943208,4394416,7198959,1293508000.0,31671000,0,1.0,2.8644847562633022,5058341930,1765881951,81428480,
2,wamr,extconst_init,True,-1152068691,5133,6936417,252667,647500,1517750,2567342000.0,181344000,64250,1.0,3.005342779082219,11013803151,3664741083,81428480,
2,wamr,extconst_init.mvp,True,-1152068691,15350,2726708,46333,118250,361083,1307919000.0,210267000,73292,1.0,3.1470349263869712,6576819064,2089846226,81428480,
2,wamr,graphql_porf,True,0,295,10009792,5186541,11137291,17835667,2214620000.0,805929000,705208,0.9998,2.5693174051834395,10085257283,3925267179,81428480,
2,wamr,sqlite3,False,,,,,,,,,,,,,,,N/A — the harness only has a WASI preview-1 + bench.* import shim for Pulley
2,wasm3,fib,True,832040,17,169667,80336208,96252042,111277625,1468021000.0,33882000,0,1.0,3.2579492867217774,6273838089,1925701580,4521984,
2,wasm3,fib_tail,True,873876091,7632,76666,251250,639375,1238250,3720766000.0,86355000,0,1.0,2.339082198413461,11938983261,5104131556,4685824,
2,wasm3,factorial,False,,,,,,,,,,,,,,,wasm3 m3_FindFunction(factorial) failed: compiling function underran the stack
2,wasm3,sieve,False,,,,,,,,,,,,,,,wasm3 m3_FindFunction(sieve) failed: incorrect type on stack
2,wasm3,crc32,False,,,,,,,,,,,,,,,wasm3 m3_FindFunction(crc32) failed: compiling function underran the stack
2,wasm3,matmul_simd,False,,,,,,,,,,,,,,,wasm3 m3_FindFunction(matmul) failed: unknown type
2,wasm3,matmul_fma,False,,,,,,,,,,,,,,,wasm3 m3_FindFunction(matmul_fma) failed: unknown type
2,wasm3,convolution,False,,,,,,,,,,,,,,,wasm3 m3_FindFunction(convolve) failed: incorrect type on stack
2,wasm3,audio_dsp,True,761667740,3,162541,559676000,594083000,623669958,1572776000.0,38392000,0,1.0,2.966034018904298,6015495044,2028127461,4947968,
2,wasm3,bulk_memory,False,,,,,,,,,,,,,,,wasm3 m3_FindFunction(bulk_memory) failed: unknown label
2,wasm3,call_indirect,True,-9175573,261,113333,6384042,13779458,21777709,3036861000.0,74753000,0,1.0,2.794228877187307,11605561795,4153404143,5062656,
2,wasm3,factorial.scalar,True,-2102132736,16384,103041,250,333,416,6944000.0,238000,0,1.0,3.4912856213370542,25402266,7275906,5062656,
2,wasm3,sieve.scalar,True,1229,5110,250834,128625,327667,704083,1266107000.0,26361000,0,1.0,3.9849209356035664,6980334179,1751686995,5111808,
2,wasm3,crc32.scalar,True,-1910355869,1678,138000,1106292,2710959,4326500,3689908000.0,87775000,0,1.0,3.4056760089822125,17001794507,4992193756,5128192,
2,wasm3,convolution.scalar,True,8190685,243,131709,3115209,7509792,26243458,1512883000.0,37137000,0,1.0,3.5207851528495127,6904138531,1960965589,5128192,
2,wasm3,bulk_memory.scalar,True,8698902,268,174417,3376250,7567000,12536917,1750876000.0,43970000,0,1.0,3.1617927017217258,7481052977,2366079526,5128192,
2,wasm3,xmrsplayer,True,731336352,193,2116875,3603792,7905750,11090459,1306546000.0,30539000,0,1.0,2.806286475803083,5166188970,1840934279,23281664,
2,wasm3,vtable_mono,True,-318559695,80,141958,10848375,22531917,28435667,1578964000.0,36967000,0,1.0,3.562807982914257,7494807657,2103623797,23298048,
2,wasm3,vtable_bi,True,-208336512,104,140333,11594459,23837708,32505417,2106623000.0,47248000,0,1.0,3.4981385575745434,10701761679,3059273240,23314432,
2,wasm3,vtable_poly4,True,-126115384,72,93167,13279125,25580125,31892542,1545297000.0,43804000,0,1.0,3.4549344573523486,7598422330,2199295652,23330816,
2,wasm3,vtable_poly6,True,579248763,68,120500,15329500,30693667,40304292,1768317000.0,43170000,0,1.0,3.1970445386466264,7448227014,2329722631,23330816,
2,wasm3,graphql_as,True,5,350,1471833,2641000,6760958,11852166,2012140000.0,50099000,0,1.0,2.5597641581242456,6887809063,2690798307,23543808,
2,wasm3,tailcall_fsm,True,-1841735369,223,59708,2258084,5649791,8278917,1021727000.0,22752000,0,1.0,2.935523739831285,3929603038,1338637799,23560192,
2,wasm3,eh_parser_exnref,False,,,,,,,,,,,,,,,wasm3 m3_ParseModule failed: out of order Wasm section
2,wasm3,eh_parser_legacy,False,,,,,,,,,,,,,,,wasm3 m3_ParseModule failed: out of order Wasm section
2,wasm3,gc_trees,False,,,,,,,,,,,,,,,wasm3 m3_ParseModule failed: malformed Wasm binary
2,wasm3,callref_dispatch,False,,,,,,,,,,,,,,,wasm3 m3_ParseModule failed: unknown value_type
2,wasm3,callref_dispatch.indirect,True,-750120562,177,35667,6363625,14092625,23298625,2124947000.0,51348000,0,1.0,2.898977121181311,8508745461,2935085413,23756800,
2,wasm3,relaxed_dot,False,,,,,,,,,,,,,,,wasm3 m3_FindFunction(relaxed_dot) failed: unknown type
2,wasm3,relaxed_madd,False,,,,,,,,,,,,,,,wasm3 m3_FindFunction(relaxed_madd) failed: unknown type
2,wasm3,mem64_chase,False,,,,,,,,,,,,,,,wasm3 m3_ParseModule failed: malformed Wasm binary
2,wasm3,mem64_chase.mem32,True,433527714,28,11425209,54009750,85964959,102004042,1982191000.0,48442000,0,1.0,0.28054135180627826,756865860,2697876285,90898432,
2,wasm3,multimem_transform,False,,,,,,,,,,,,,,,wasm3 m3_ParseModule failed: only one memory per module is supported
2,wasm3,multimem_transform.single,True,902712413,814,54541,1214083,2602750,5303500,1826701000.0,39130000,0,1.0,3.7586101327748254,9866468029,2625030977,90914816,
2,wasm3,extconst_init,True,-1152068691,127,76167,9968917,15809250,19905834,1756988000.0,46042000,0,1.0,3.160789841267105,7446743610,2355975558,91799552,
2,wasm3,extconst_init.mvp,True,-1152068691,271,53125,3957792,8405917,14655459,2026419000.0,54756000,0,1.0,2.767380803825877,7463445246,2696934674,91865088,
2,wasm3,graphql_porf,False,,,,,,,,,,,,,,,wasm3 m3_ParseModule failed: out of order Wasm section
2,wasm3,sqlite3,False,,,,,,,,,,,,,,,N/A — the harness only has a WASI preview-1 + bench.* import shim for Pulley
2,wasmedge,fib,True,832040,3,812833,628982750,644294500,674734959,1681641000.0,80884000,0,1.0,3.5507358588690674,8356782792,2353535471,4603904,
2,wasmedge,fib_tail,True,873876091,357,559500,2674167,5422209,11037292,1682928000.0,66507000,0,1.0,3.431831992819916,8708266094,2537497789,4816896,
2,wasmedge,factorial,True,-2102132736,16384,220917,3000,7750,26875,69111000.0,29076000,0,1.0,3.2596281650429773,460352631,141228572,5144576,
2,wasmedge,sieve,True,1229,400,296000,1985500,3999167,7294292,1440074000.0,44503000,0,1.0,3.650560702351892,7157816151,1960744317,5210112,
2,wasmedge,crc32,True,-1910355869,81,324500,20903792,32578292,43935250,2311263000.0,63284000,0,1.0,3.40929463134199,10727226597,3146465107,5439488,
2,wasmedge,matmul_simd,True,48907,75,812208,12531958,20136792,26979584,1317041000.0,32538000,0,1.0,3.6267228593435954,6610588318,1822744272,5521408,
2,wasmedge,matmul_fma,True,48907,132,654250,8140875,15947833,23340750,1793631000.0,48167000,0,1.0,3.5411655198956375,8495752628,2399140221,5570560,
2,wasmedge,convolution,True,8190685,38,246041,14191000,29382042,35571709,937500000.0,27343000,0,1.0,3.449844337082611,4378638290,1269227786,5701632,
2,wasmedge,audio_dsp,True,761667740,1,636250,5928140750,5928140750,5928140750,5054011000.0,144454000,0,1.0,3.533850189599426,25518368222,7221123379,5701632,
2,wasmedge,bulk_memory,True,8698902,25,634459,61289917,88981375,270861958,1699792000.0,59378000,0,1.0,3.609253988675343,8201465303,2272343628,5914624,
2,wasmedge,call_indirect,True,-9175573,23,961500,72614709,97683083,116564250,1976988000.0,59248000,0,1.0,3.2893787932928116,8844988369,2688954032,5914624,
2,wasmedge,factorial.scalar,True,-2102132736,16384,481834,3458,8917,26292,89311000.0,31465000,0,1.0,3.3734418109402626,534743372,158515665,5914624,
2,wasmedge,sieve.scalar,True,1229,419,450167,2082250,4707875,8028042,1710182000.0,59215000,0,1.0,3.550470728073665,7833663792,2206373293,5914624,
2,wasmedge,crc32.scalar,True,-1910355869,65,255875,17679833,34105583,56595417,1922351000.0,55856000,0,1.0,3.406629888084157,8691017046,2551206715,5914624,
2,wasmedge,convolution.scalar,True,8190685,26,416083,55456417,71168709,81577333,1605230000.0,42351000,0,1.0,3.45503556776527,7147909907,2068838299,5963776,
2,wasmedge,bulk_memory.scalar,True,8698902,24,550250,62442458,79429083,102521625,1657994000.0,39042000,0,1.0,3.654211698362043,8256489218,2259444690,6029312,
2,wasmedge,xmrsplayer,True,1101642729,22,9557042,70281500,87025042,103942042,1635212000.0,47294000,0,1.0,3.408233685021182,7490333464,2197717104,25133056,
2,wasmedge,vtable_mono,True,-318559695,14,714500,116177333,153617375,163772958,1844539000.0,54074000,0,1.0,3.186768263247801,7552730160,2370028046,25133056,
2,wasmedge,vtable_bi,True,-208336512,11,705250,166756000,183822250,198751833,1751758000.0,54811000,0,1.0,3.4050265760807767,8224920732,2415523212,25133056,
2,wasmedge,vtable_poly4,True,-126115384,10,588875,167644458,197476625,230381125,1639433000.0,61210000,0,1.0,3.2748583491306205,7707921939,2353665752,25133056,
2,wasmedge,vtable_poly6,True,579248763,9,503750,210334083,224607625,248786083,1748333000.0,82978000,0,1.0,3.24120492518467,7488688959,2310464513,25133056,
2,wasmedge,graphql_as,True,5,38,10506917,41346333,60329500,71872166,1925366000.0,90531000,0,1.0,3.220097092536967,8166917295,2536233244,25133056,
2,wasmedge,tailcall_fsm,True,-1841735369,46,513792,24865125,41277709,50960166,1624466000.0,77019000,0,1.0,3.6613511239631595,7754514069,2117937834,25133056,
2,wasmedge,eh_parser_exnref,True,830008030,40,686959,49310250,61972917,79521334,2177749000.0,102219000,0,1.0,3.3609890010236003,9762167661,2904552100,25133056,
2,wasmedge,eh_parser_legacy,False,,,,,,,,,,,,,,,"WasmEdge VMLoadWasmFromBytes: illegal opcode
loading failed: illegal opcode, Code: 0x117
    Bytecode offset: 0x00000171
    At AST node: instruction
    At AST node: expression
    At AST node: code segment
    At AST node: code section
    At AST node: module"
2,wasmedge,gc_trees,True,-81253392,11,156500,156382000,181329500,201903791,1707609000.0,87841000,95416,0.9999,3.405170445190759,8404538809,2468169786,203096064,
2,wasmedge,callref_dispatch,True,-750120562,20,713083,82913083,95939125,121822792,1708975000.0,54847000,0,1.0,3.429721983430257,8366213128,2439326910,203096064,
2,wasmedge,callref_dispatch.indirect,True,-750120562,23,373625,74076542,96311958,122148417,1995961000.0,56500000,0,1.0,3.444287470340366,9339335292,2711543497,203096064,
2,wasmedge,relaxed_dot,True,-551922832,366,663208,3096166,6590292,10021167,2047155000.0,58689000,0,1.0,3.538454111045338,10645513904,3008521114,203096064,
2,wasmedge,relaxed_madd,True,-1435646925,1411,263292,1370084,3165750,6396958,3706249000.0,125135000,0,1.0,3.4322543996076558,17970912941,5235891880,203096064,
2,wasmedge,mem64_chase,True,433527714,14,14551333,78025875,161805750,180668917,1760206000.0,52280000,0,1.0,1.9409394411848926,5098106543,2626618036,257753088,
2,wasmedge,mem64_chase.mem32,True,433527714,11,228917,134704917,160350208,205821375,1539696000.0,46442000,0,1.0,1.678054456720316,3531825520,2104714484,324861952,
2,wasmedge,multimem_transform,True,902712413,48,845459,20194750,39873250,51927875,1647275000.0,44621000,0,1.0,3.6088666325554466,8652139655,2397467276,324861952,
2,wasmedge,multimem_transform.single,True,902712413,65,284250,29502916,42332750,53586334,2379552000.0,69055000,0,1.0,3.6049168969585526,11720471811,3251246047,324861952,
2,wasmedge,extconst_init,True,-1152068691,187,11965500,5717708,12162708,17081792,1148296000.0,936671000,26333,1.0,3.03281219829092,8513726944,2807205454,324861952,
2,wasmedge,extconst_init.mvp,True,-1152068691,183,4956834,5213625,11606542,17090333,993833000.0,936669000,285667,0.9999,3.0887880979376154,7888526428,2553922826,324861952,
2,wasmedge,graphql_porf,True,0,45,7458750,33974250,42941792,53724209,1544460000.0,187566000,851416,0.9995,3.068113022405015,7393196406,2409688415,324861952,
2,wasmedge,sqlite3,False,,,,,,,,,,,,,,,N/A — the harness only has a WASI preview-1 + bench.* import shim for Pulley
2,zwasm,fib,True,832040,2,728042,692747000,761039917,761039917,1280512000.0,34032000,0,1.0,3.65594921647244,6616018833,1809658297,5357568,
2,zwasm,fib_tail,True,873876091,473,279625,2110000,4134917,9123417,1711637000.0,44326000,0,1.0,4.533622887969231,12097593575,2668416380,5488640,
2,zwasm,factorial,False,,,,,,,,,,,,,,,init warmup failed: `factorial(20)` trapped: trap: unreachable
2,zwasm,sieve,False,,,,,,,,,,,,,,,init warmup failed: `sieve(10000)` trapped: trap: unreachable
2,zwasm,crc32,False,,,,,,,,,,,,,,,init warmup failed: `crc32(12648430)` trapped: trap: unreachable
2,zwasm,matmul_simd,False,,,,,,,,,,,,,,,init warmup failed: `matmul(48879)` trapped: trap: unreachable
2,zwasm,matmul_fma,False,,,,,,,,,,,,,,,init warmup failed: `matmul_fma(48879)` trapped: trap: unreachable
2,zwasm,convolution,False,,,,,,,,,,,,,,,init warmup failed: `convolve(51966)` trapped: trap: unreachable
2,zwasm,audio_dsp,True,761667740,1,160083,5219639333,5219639333,5219639333,4534056000.0,122996000,0,1.0,4.538343972160063,28509584119,6281935502,6094848,
2,zwasm,bulk_memory,False,,,,,,,,,,,,,,,init warmup failed: `bulk_memory(45260)` trapped: trap: unreachable
2,zwasm,call_indirect,True,-9175573,17,442167,86202208,100107167,118974792,1516666000.0,33602000,0,1.0,3.3563827118603853,7029703857,2094428574,6209536,
2,zwasm,factorial.scalar,True,-2102132736,16384,285750,1666,3792,8250,54555000.0,1683000,0,1.0,4.0894005348057645,319027917,78013370,6307840,
2,zwasm,sieve.scalar,True,1229,476,455708,1684167,3774958,5929375,1556076000.0,33517000,0,1.0,4.611454809598567,9832850699,2132266520,6356992,
2,zwasm,crc32.scalar,True,-1910355869,107,578708,14256667,26998625,34087916,2516967000.0,54974000,0,1.0,4.539712897187037,15307679683,3371948850,6422528,
2,zwasm,convolution.scalar,True,8190685,32,275375,35562125,61008750,76727833,1726016000.0,38512000,0,1.0,4.639738034700368,10709562624,2308225711,6488064,
2,zwasm,bulk_memory.scalar,True,8698902,26,438333,49460125,68962292,97757292,1610323000.0,35403000,0,1.0,4.562911226460157,10051086297,2202779278,6537216,
2,zwasm,xmrsplayer,True,-1187566882,27,4813708,48558334,71081958,91259917,1698882000.0,55941000,0,1.0,3.9545526210517736,9707398153,2454739912,24674304,
2,zwasm,vtable_mono,True,-318559695,11,528875,162156042,174725583,199764584,1713403000.0,47751000,0,1.0,3.10999701402969,7134514491,2294058309,24674304,
2,zwasm,vtable_bi,True,-208336512,11,437375,192301625,213902625,245848000,2100990000.0,52106000,0,1.0,3.463430197116881,9264980857,2675088086,24674304,
2,zwasm,vtable_poly4,True,-126115384,9,473000,200398834,228561459,245426583,1798786000.0,48497000,0,1.0,3.350395629524927,7840025377,2340029729,24674304,
2,zwasm,vtable_poly6,True,579248763,9,305292,196532792,241137709,298683208,1846374000.0,43067000,0,1.0,3.3516506447933425,8438739067,2517785999,24674304,
2,zwasm,graphql_as,True,5,51,1458667,32453708,48178541,81200667,2238559000.0,58621000,0,1.0,3.679281013954964,11120792046,3022544895,24674304,
2,zwasm,tailcall_fsm,True,-1841735369,83,534542,23387125,45697125,56899417,3155131000.0,128558000,46875,1.0,3.4363624804374844,16305441188,4744971254,274759680,
2,zwasm,eh_parser_exnref,True,830008030,24,558250,59845500,78594958,94033875,1675123000.0,41884000,0,1.0,2.963827575756669,6517824084,2199123909,275365888,
2,zwasm,eh_parser_legacy,False,,,,,,,,,,,,,,,wasm_module_new failed (invalid wasm or unsupported feature)
2,zwasm,gc_trees,False,,,,,,,,,,,,,,,N/A — not run: zwasm v2.7.0 never reclaims GC structs and grows its GC heap far faster than the allocation rate (124 MB for 31K 24-byte structs); the process segfaults at ~2.3 GB
2,zwasm,callref_dispatch,True,-750120562,19,247958,88340500,104831375,128232083,1699559000.0,56123000,0,1.0,3.4551328656104796,8661930966,2506974783,275447808,
2,zwasm,callref_dispatch.indirect,True,-750120562,18,328708,88256209,105303625,112688584,1626653000.0,50561000,0,1.0,3.431642729964036,7988015987,2327752804,275464192,
2,zwasm,relaxed_dot,False,,,,,,,,,,,,,,,init warmup failed: `relaxed_dot(7)` trapped: trap: unreachable
2,zwasm,relaxed_madd,False,,,,,,,,,,,,,,,init warmup failed: `relaxed_madd(7)` trapped: trap: unreachable
2,zwasm,mem64_chase,True,433527714,11,1397833,124356250,160951291,169870750,1526590000.0,39801000,0,1.0,1.7800003703623404,3714638709,2086875245,278937600,
2,zwasm,mem64_chase.mem32,True,433527714,13,189417,104146791,124942791,159226583,1480556000.0,48441000,0,1.0,2.15811661135245,4390323168,2034330835,346046464,
2,zwasm,multimem_transform,True,902712413,65,215500,24965542,31998042,40020417,1835203000.0,56521000,0,1.0,4.692935019220487,11835773074,2522040690,346046464,
2,zwasm,multimem_transform.single,True,902712413,50,373583,26108667,33962084,39901333,1492295000.0,43229000,0,1.0,4.696771952850109,9101040991,1937722564,346046464,
2,zwasm,extconst_init,True,-1152068691,866,4577084,960208,2212000,4148208,1392127000.0,286063000,503792,0.9997,3.1974287845367946,7456514029,2332034435,1638531072,
2,zwasm,extconst_init.mvp,True,-1152068691,2396,2520875,401583,1101500,2627792,1836172000.0,582286000,49125,1.0,3.281387661669909,10565057846,3219692074,4355080192,
2,zwasm,graphql_porf,True,0,57,4579333,30868458,44945167,69700541,2117615000.0,192256000,52416,1.0,3.2527382007366215,9531922396,2930430243,4726784000,
2,zwasm,sqlite3,False,,,,,,,,,,,,,,,N/A — the harness only has a WASI preview-1 + bench.* import shim for Pulley
2,wasmz,fib,True,832040,15,461792,86955333,98340458,108401875,1303756000.0,33128000,0,1.0,2.7775679129260338,5053326180,1819334878,5668864,
2,wasmz,fib_tail,True,873876091,2887,600959,268458,683375,1623958,1485856000.0,71072000,102292,0.9999,2.469520753233525,5184452912,2099376126,5947392,
2,wasmz,factorial,True,-2102132736,16384,527292,3125,8375,30916,27188000.0,103714000,0,1.0,2.0869118832291047,338610072,162254130,5980160,
2,wasmz,sieve,False,,,,,,,,,,,,,,,N/A — not run: wasmz v0.1.4 segfaults on this module's v128 ops (the scalar build runs)
2,wasmz,crc32,False,,,,,,,,,,,,,,,N/A — not run: wasmz v0.1.4 segfaults on this module's v128 ops (the scalar build runs)
2,wasmz,matmul_simd,True,48907,327,543291,2345333,4965583,9168208,1432768000.0,44200000,8541,1.0,3.4868268690426136,7068688634,2027255410,6209536,
2,wasmz,matmul_fma,True,48907,866,577875,1598458,3516917,6370250,2648820000.0,86213000,0,1.0,4.01047562918253,14650171992,3652976192,6275072,
2,wasmz,convolution,True,8190685,187,628916,4090042,7647916,12621083,1226807000.0,45903000,0,1.0,3.7595836721156144,7598139061,2021005442,6340608,
2,wasmz,audio_dsp,True,761667740,1,231167,955346750,955346750,955346750,826936000.0,27385000,0,1.0,2.9672196412805567,3794738026,1278886798,6455296,
2,wasmz,bulk_memory,True,8698902,210,359459,4469167,9580958,14227500,1789711000.0,47055000,59625,1.0,3.3368075386666183,8132761643,2437288201,6651904,
2,wasmz,call_indirect,True,-9175573,56,1156625,17316417,26246916,35330708,1302790000.0,41804000,11166,1.0,2.659744826768502,5068865553,1905771374,7176192,
2,wasmz,factorial.scalar,True,-2102132736,16384,728292,3041,7875,43292,23619000.0,98313000,537625,0.9956,2.0398212652367196,334094486,163786157,7176192,
2,wasmz,sieve.scalar,True,1229,2156,591000,261958,674000,1800500,1140941000.0,60824000,103417,0.9999,3.112522693154642,4796105833,1540906302,7176192,
2,wasmz,crc32.scalar,True,-1910355869,345,380750,2208916,4889125,7085041,1456296000.0,45922000,0,1.0,3.3320644455557336,6659077688,1998484062,7176192,
2,wasmz,convolution.scalar,True,8190685,163,445000,6194834,12854458,17922875,1891981000.0,56872000,24917,1.0,3.4179131035707027,8689688514,2542395974,7176192,
2,wasmz,bulk_memory.scalar,True,8698902,349,696208,4485250,9669208,12925959,3026887000.0,79701000,44208,1.0,3.246865188867358,12506202293,3851777504,7176192,
2,wasmz,xmrsplayer,True,-1837551460,162,3869750,6012958,12251375,15696667,1729868000.0,44690000,8041,1.0,2.828879636793252,6135441807,2168859264,26279936,
2,wasmz,vtable_mono,True,-318559695,54,1436583,27705625,38846500,67586333,1892960000.0,52079000,0,1.0,3.273590651208327,8626008130,2635029559,26279936,
2,wasmz,vtable_bi,True,-208336512,41,1322041,28180000,49185500,60071041,1769191000.0,39959000,0,1.0,3.065220724120279,7056926966,2302257358,26279936,
2,wasmz,vtable_poly4,True,-126115384,55,989125,31930000,47895333,72469375,2384821000.0,70726000,24541,1.0,3.061621281473641,9906161431,3235593341,26279936,
2,wasmz,vtable_poly6,True,579248763,36,816125,28763250,52728583,60123916,1667300000.0,52353000,27583,1.0,2.9028493452649924,6655936175,2292897558,26279936,
2,wasmz,graphql_as,False,,,,,,,,,,,,,,,wasmz init-warmup failed: wasmz_instance_call trap: trap: wasm `unreachable` instruction executed
2,wasmz,tailcall_fsm,True,-1841735369,549,260250,2239417,5133709,8861208,2406459000.0,91522000,69917,1.0,2.4594503747871035,8079839579,3285221634,26279936,
2,wasmz,eh_parser_exnref,True,830008030,120,296417,7221041,13954458,19377333,1434608000.0,53653000,9541,1.0,2.66139369141409,5086431580,1911190966,26279936,
2,wasmz,eh_parser_legacy,True,830008030,141,522042,6715708,14196375,19232208,1740728000.0,59870000,34959,1.0,2.670150438659616,6134769132,2297536889,26279936,
2,wasmz,gc_trees,True,-81253392,26,159041,30178209,45376209,65462416,1031348000.0,80117000,1018166,0.9991,2.896567653181069,4370068711,1508705901,162693120,
2,wasmz,callref_dispatch,False,,,,,,,,,,,,,,,wasmz init-warmup failed: wasmz_instance_call trap: trap: null reference dereference
2,wasmz,callref_dispatch.indirect,True,-750120562,75,400542,12281416,25177917,32930958,1634093000.0,53274000,0,1.0,2.658097646973536,6274078946,2360364358,162693120,
2,wasmz,relaxed_dot,True,-551922832,540,807292,1424916,3299542,5342333,1540893000.0,61257000,75500,1.0,3.9973226771087886,8250700278,2064056606,162693120,
2,wasmz,relaxed_madd,True,-1435646925,2200,696708,357167,920500,1944583,1616455000.0,109430000,126584,0.9999,3.127912022801025,6699935495,2141983357,162693120,
2,wasmz,mem64_chase,True,433527714,21,14497000,56654584,91182583,103311666,1626904000.0,52196000,0,1.0,0.3213272853938827,684136371,2129095169,162693120,
2,wasmz,mem64_chase.mem32,True,433527714,38,14386750,36474958,78823041,181779084,2398045000.0,76219000,0,1.0,0.35920499426399616,1220635803,3398159331,162693120,
2,wasmz,multimem_transform,False,,,,,,,,,,,,,,,wasmz_module_new failed: module compilation failed: MultipleMemories
2,wasmz,multimem_transform.single,True,902712413,339,393000,2379042,5141833,7827708,1458933000.0,51115000,40416,1.0,3.093974963708864,6162260907,1991697082,162693120,
2,wasmz,extconst_init,False,,,,,,,,,,,,,,,"wrong result: got -1669113347, expected -1152068691 (cross-runtime consensus)"
2,wasmz,extconst_init.mvp,False,,,,,,,,,,,,,,,"wrong result: got 1844351884, expected -1152068691 (cross-runtime consensus)"
2,wasmz,graphql_porf,False,,,,,,,,,,,,,,,init warmup failed: wasmz m() trap: multi-value results are not supported by the C API (results_len = 2)
2,wasmz,sqlite3,False,,,,,,,,,,,,,,,N/A — the harness only has a WASI preview-1 + bench.* import shim for Pulley
2,tinywasm,fib,True,832040,8,422583,220926542,239764375,287673250,1578782000.0,41565000,0,1.0,3.4242817056427888,7370420132,2152398887,5177344,
2,tinywasm,fib_tail,True,873876091,741,173750,628250,1618083,4116000,930732000.0,25176000,0,1.0,4.114868669524676,5190946317,1261509597,5292032,
2,tinywasm,factorial,True,-2102132736,16384,154708,375,1041,1250,14333000.0,531000,0,1.0,3.3975466183000336,67233537,19788849,5586944,
2,tinywasm,sieve,True,1229,2466,135709,612750,1561791,3531000,2932172000.0,74804000,0,1.0,3.665389219947998,14843031462,4049510317,5767168,
2,tinywasm,crc32,True,-1910355869,148,279458,5103167,11380875,18026292,1328063000.0,36660000,0,1.0,3.6440671310074633,6866467852,1884286871,5816320,
2,tinywasm,matmul_simd,True,48907,196,305125,3642500,8744083,14252459,1335396000.0,38796000,0,1.0,3.6659284323377315,6797488184,1854233739,5931008,
2,tinywasm,matmul_fma,True,48907,305,520875,2973458,6446500,10866500,1666431000.0,42761000,0,1.0,3.5762467599229204,7995095812,2235610781,5980160,
2,tinywasm,convolution,True,8190685,258,248458,5809208,12937792,22139709,2753167000.0,66986000,0,1.0,3.441431444908167,12718154330,3695600082,6094848,
2,tinywasm,audio_dsp,True,761667740,1,183750,2600043292,2600043292,2600043292,2123456000.0,53402000,0,1.0,3.6949551462450225,10259538409,2776634087,6193152,
2,tinywasm,bulk_memory,True,8698902,157,325667,10064792,22246042,28796541,2817790000.0,72241000,0,1.0,3.8234409170687234,14448514453,3778929704,6307840,
2,tinywasm,call_indirect,True,-9175573,42,323333,32532458,48401125,64710750,1716061000.0,44327000,0,1.0,2.7163370013238666,6319212214,2326372689,6504448,
2,tinywasm,factorial.scalar,True,-2102132736,16384,149875,416,750,958,13935000.0,320000,0,1.0,3.836491569327133,55840388,14555066,6520832,
2,tinywasm,sieve.scalar,True,1229,1211,443500,645125,1652417,3524375,1564885000.0,39233000,0,1.0,3.661051425677332,7659984176,2092290789,6635520,
2,tinywasm,crc32.scalar,True,-1910355869,206,166500,5246833,11908500,18534084,2029520000.0,53415000,0,1.0,3.6183501763626684,9613278148,2656812547,6668288,
2,tinywasm,convolution.scalar,True,8190685,62,203291,16737416,31852417,42820333,1623544000.0,41188000,0,1.0,3.504043425855546,7615438613,2173328834,6668288,
2,tinywasm,bulk_memory.scalar,True,8698902,88,490667,11298709,24353291,33200125,1750447000.0,46123000,0,1.0,3.805428597181119,8664752873,2276945330,6701056,
2,tinywasm,xmrsplayer,True,-1464994193,85,8590125,13790417,28462458,44150084,2036669000.0,49773000,0,1.0,3.561771811283831,9511566576,2670459277,24559616,
2,tinywasm,vtable_mono,True,-318559695,28,448542,55460500,73802666,96053416,1812121000.0,47463000,0,1.0,3.014663709838839,7135112761,2366802220,24559616,
2,tinywasm,vtable_bi,True,-208336512,22,350584,72580375,87751000,106985042,1604036000.0,36306000,0,1.0,3.1496353631415985,6849709604,2174762731,24608768,
2,tinywasm,vtable_poly4,True,-126115384,23,355250,63367583,93355417,132287666,1785998000.0,44680000,0,1.0,3.2044054643300557,7554918057,2357666076,24625152,
2,tinywasm,vtable_poly6,True,579248763,18,325875,91160667,104054125,137923250,1611502000.0,37841000,0,1.0,3.0548069625244434,6489303495,2124292492,24625152,
2,tinywasm,graphql_as,True,5,99,4086417,8658417,21071209,33790375,1595273000.0,38603000,0,1.0,3.352514646163257,8065102722,2405687543,25116672,
2,tinywasm,tailcall_fsm,True,-1841735369,242,315625,4716875,9484750,22335709,1721413000.0,46930000,0,1.0,3.6240598135194184,10453104623,2884363162,25116672,
2,tinywasm,eh_parser_exnref,True,830008030,48,194959,16330542,30839875,64374750,1002090000.0,28621000,0,1.0,2.7747887482936706,5054741264,1821667061,25739264,
2,tinywasm,eh_parser_legacy,False,,,,,,,,,,,,,,,tinywasm::parse_bytes failed: error parsing module: legacy exceptions support is not enabled (at offset 0x171) at offset 369
2,tinywasm,gc_trees,True,-81253392,10,138292,166225833,198917458,252405292,1521452000.0,38985000,0,1.0,2.4250771821884927,5987807821,2469120515,28246016,
2,tinywasm,callref_dispatch,True,-750120562,51,184666,31164250,44669541,80765500,1923985000.0,48640000,0,1.0,2.875312103255841,7329379457,2549072655,28246016,
2,tinywasm,callref_dispatch.indirect,True,-750120562,47,167500,34397375,47644584,55435375,1855188000.0,45354000,0,1.0,2.777894812735312,6461336388,2325983100,28246016,
2,tinywasm,relaxed_dot,True,-551922832,335,359666,2197167,5399209,7983167,1477593000.0,35015000,0,1.0,3.096766585442919,6096691111,1968728008,28246016,
2,tinywasm,relaxed_madd,True,-1435646925,1021,312750,621542,1590375,4247459,1276113000.0,30209000,0,1.0,3.4238402706924123,5814657793,1698285356,28246016,
2,tinywasm,mem64_chase,True,433527714,17,20201333,72848916,113669542,125190917,1548128000.0,39984000,0,1.0,0.8871773375075903,1696319747,1912041342,79183872,
2,tinywasm,mem64_chase.mem32,True,433527714,18,1917292,72209250,113146709,127522083,1588835000.0,40441000,0,1.0,0.7746144254255587,1611890473,2080893952,79200256,
2,tinywasm,multimem_transform,True,902712413,128,214167,7947292,16470250,26808834,1562590000.0,44033000,0,1.0,3.850307555592652,7528073200,1955187499,79216640,
2,tinywasm,multimem_transform.single,True,902712413,227,150000,6485833,15262708,25575833,2585383000.0,70772000,0,1.0,3.9114711824161743,13107159015,3350953747,79216640,
2,tinywasm,extconst_init,True,-1152068691,2301,14990916,340042,967416,4419875,1706550000.0,56252000,0,1.0,3.798507893346659,8213317045,2162248250,80543744,
2,tinywasm,extconst_init.mvp,True,-1152068691,3035,4381750,75083,191833,1285958,494007000.0,16181000,0,1.0,3.576414623005912,2285907515,639161774,80707584,
2,tinywasm,graphql_porf,True,0,79,10878083,15520541,25846000,45637167,1169260000.0,239972000,48291,1.0,2.7598462435630506,4987648826,1807219818,1109868544,
2,tinywasm,sqlite3,False,,,,,,,,,,,,,,,N/A — the harness only has a WASI preview-1 + bench.* import shim for Pulley
3,pulley,fib,True,832040,19,1790667,85807250,107663709,116833291,1785842000.0,47893000,0,1.0,2.8854629376176066,6767775707,2345473102,7143424,
3,pulley,fib_tail,True,873876091,2996,1961333,247250,547750,1411834,1384735000.0,43560000,0,1.0,3.2816759070173016,6528270016,1989309792,7700480,
3,pulley,factorial,True,-2102132736,16384,4867250,208,416,708,8120000.0,575000,0,1.0,2.7413621727245387,37171780,13559602,8388608,
3,pulley,sieve,True,1229,5526,2605916,356000,857291,1897417,3743679000.0,97750000,0,1.0,3.1015374809049963,16400933375,5288001024,9535488,
3,pulley,crc32,True,-1910355869,301,3082250,2270084,4906250,8827875,1232867000.0,35964000,0,1.0,3.844951234198024,6999327472,1820394342,9895936,
3,pulley,matmul_simd,True,48907,583,5012750,1627208,3188834,5476875,1666003000.0,47061000,0,1.0,3.4451456166307435,8728857509,2533668669,10436608,
3,pulley,matmul_fma,True,48907,528,5655000,1202209,2075250,4191541,1060062000.0,32645000,0,1.0,3.7938328428197385,6431565988,1695268678,10518528,
3,pulley,convolution,True,8190685,180,3760917,3111917,6464000,9613541,1017619000.0,30249000,0,1.0,3.59689335417392,5123659058,1424467882,10780672,
3,pulley,audio_dsp,True,761667740,1,1683208,1147909750,1147909750,1147909750,1035377000.0,27389000,0,1.0,3.4233636386086004,5327751472,1556291424,10780672,
3,pulley,bulk_memory,True,8698902,107,3092875,13773208,26099000,34521708,2435006000.0,70729000,0,1.0,2.501611481300298,8158573883,3261327326,11042816,
3,pulley,call_indirect,True,-9175573,51,8038250,28099583,36180709,42066834,1619579000.0,51150000,0,1.0,2.072635235961486,4530447601,2185839323,11157504,
3,pulley,factorial.scalar,True,-2102132736,16384,1318458,291,833,1041,11346000.0,470000,0,1.0,2.562592260875224,41899347,16350376,11157504,
3,pulley,sieve.scalar,True,1229,2043,2509250,369250,560541,1648042,1235379000.0,35888000,0,1.0,3.323110063576832,6719700481,2022111923,11206656,
3,pulley,crc32.scalar,True,-1910355869,434,2478083,2344208,4741042,7830791,1844870000.0,60060000,0,1.0,3.8442074364802297,10144137577,2638811184,11206656,
3,pulley,convolution.scalar,True,8190685,187,2079250,6105167,13207583,21185208,2061752000.0,58240000,0,1.0,4.169142697991294,12373039252,2967765833,11206656,
3,pulley,bulk_memory.scalar,True,8698902,64,4295250,12792958,25861500,33761458,1408326000.0,44619000,0,1.0,2.534168375778579,5009542915,1976799554,11321344,
3,pulley,xmrsplayer,True,-1612982694,86,229770000,8450792,17847250,27164292,1245030000.0,33462000,0,1.0,2.7640925803717624,5110388258,1848848441,37208064,
3,pulley,vtable_mono,True,-318559695,61,4590250,29362500,58141167,72221917,2966845000.0,84239000,0,1.0,2.3150123430883793,10432364407,4506396883,37208064,
3,pulley,vtable_bi,True,-208336512,31,8230709,30319917,54683208,78148333,1439279000.0,38964000,0,1.0,2.3127835323990293,5477942610,2368549643,37208064,
3,pulley,vtable_poly4,True,-126115384,32,13205458,31391167,60598000,77192167,1634356000.0,44815000,0,1.0,2.340739172726279,5830972101,2491081522,37208064,
3,pulley,vtable_poly6,True,579248763,23,12328042,50757083,71597583,86865083,1447316000.0,39167000,0,1.0,2.35284728651525,4594227167,1952624462,37208064,
3,pulley,graphql_as,True,5,190,186185250,5418750,11202042,18051791,1873577000.0,53232000,0,1.0,2.551843698042504,6570674186,2574873293,37208064,
3,pulley,tailcall_fsm,True,-1841735369,270,4166083,2538625,5087292,9348542,1167695000.0,29847000,0,1.0,2.3843505477384372,4316031350,1810149667,37208064,
3,pulley,eh_parser_exnref,True,830008030,97,4361083,12428000,20771750,26429916,1739577000.0,48696000,0,1.0,2.4062681301213913,5559509747,2310428201,37208064,
3,pulley,eh_parser_legacy,False,,,,,,,,,,,,,,,Module::from_binary failed — invalid wasm or unsupported feature?: failed to compile: wasm[0]::function[6]: WebAssembly translation error: Unsupported feature: operator Try { blockty: Empty }
3,pulley,gc_trees,True,-81253392,12,4026291,115847125,154796792,167009084,1568297000.0,39678000,0,1.0,3.0123240138214142,6396392533,2123407875,37208064,
3,pulley,callref_dispatch,True,-750120562,113,2820166,17758000,33547333,41656583,3215432000.0,87383000,0,1.0,1.8819225626143061,8144470055,4327739205,37208064,
3,pulley,callref_dispatch.indirect,True,-750120562,69,3693833,19274834,30231167,38474500,1824762000.0,48253000,0,1.0,1.9546569491024772,4760514517,2435473150,37208064,
3,pulley,relaxed_dot,True,-551922832,326,5319667,3104583,7259791,10417167,2011197000.0,46594000,0,1.0,3.4647998941606293,9271210165,2675828460,37208064,
3,pulley,relaxed_madd,True,-1435646925,8074,7535667,162166,412833,746459,2667795000.0,60696000,0,1.0,3.104407011561369,10834597962,3490070059,37208064,
3,pulley,mem64_chase,True,433527714,19,2653500,48392041,97284792,107966459,1565548000.0,36218000,0,1.0,0.662674756207634,1352527824,2041013048,91308032,
3,pulley,mem64_chase.mem32,True,433527714,47,2204708,46693958,74020917,98238083,3206302000.0,80280000,0,1.0,0.5089568808386116,2244366964,4409738916,91308032,
3,pulley,multimem_transform,True,902712413,318,1387500,3488916,8040000,10641959,2225495000.0,44405000,0,1.0,3.60351588083905,10242968591,2842492979,91308032,
3,pulley,multimem_transform.single,True,902712413,181,2834583,5053209,11053500,15885667,1774590000.0,43033000,0,1.0,3.431717493358877,7801939745,2273479609,91308032,
3,pulley,extconst_init,True,-1152068691,12298,831161792,56083,143750,335917,1376076000.0,190792000,137708,0.9999,2.913338717781358,5855063866,2009743608,91308032,
3,pulley,extconst_init.mvp,True,-1152068691,16384,65902958,34167,88083,254625,1022104000.0,335116000,967750,0.9993,2.596474543328066,4583969343,1765458997,91308032,
3,pulley,graphql_porf,True,0,347,199393542,5462000,12151417,16707125,3137366000.0,681698000,3101334,0.9992,2.041700834748069,10791249266,5285421391,91308032,
3,pulley,sqlite3,True,0,1,2654744459,50161991959,50161991959,50161991959,45093747000.0,1089649000,26458,1.0,2.5017779596162524,151372551839,60505989853,106233856,
3,wamr,fib,True,832040,18,1726042,66380792,119738250,145267958,1887778000.0,48090000,0,1.0,3.2960785657877665,9316002957,2826389836,11829248,
3,wamr,fib_tail,True,873876091,778,1948500,388500,993167,1970459,608353000.0,15439000,0,1.0,2.221920844186495,1800927396,810527252,11943936,
3,wamr,factorial,True,-2102132736,16384,1046167,208,291,459,5810000.0,350000,0,1.0,3.487999063745119,41486948,11894197,12107776,
3,wamr,sieve,True,1229,7508,862959,255375,653417,1254375,3706815000.0,112976000,0,1.0,3.3895264029054206,17623981855,5199541104,12156928,
3,wamr,crc32,True,-1910355869,781,1414417,1922875,4045083,7334666,2785333000.0,75269000,0,1.0,2.5993099914534015,10470805606,4028301988,12238848,
3,wamr,matmul_simd,True,48907,523,2069416,1329083,2478375,4468042,1205023000.0,28909000,0,1.0,3.6904404714246684,6867613279,1860919674,12238848,
3,wamr,matmul_fma,True,48907,1003,1591166,982000,2029917,3724333,1831100000.0,47772000,0,1.0,3.7523741314648937,9903056369,2639144185,12255232,
3,wamr,convolution,True,8190685,429,1225916,2047000,4443208,6845292,1680718000.0,39408000,0,1.0,3.319689868308849,7772325573,2341280626,12353536,
3,wamr,audio_dsp,True,761667740,2,910541,938807208,1017074625,1017074625,1694327000.0,34289000,0,1.0,2.3125231058225277,5342890428,2310416019,12353536,
3,wamr,bulk_memory,True,8698902,129,2533041,5902250,12556625,17276417,1434240000.0,28514000,0,1.0,2.6987190196136326,4800144708,1778675243,12419072,
3,wamr,call_indirect,True,-9175573,77,2030334,12225708,19878042,74934625,1362105000.0,35976000,0,1.0,2.534249280519145,4961524650,1957788718,12419072,
3,wamr,factorial.scalar,True,-2102132736,16384,1380250,166,250,333,4851000.0,283000,0,1.0,3.0061776428430242,36531209,12152046,12419072,
3,wamr,sieve.scalar,True,1229,4060,1534250,277333,460375,1764125,1884050000.0,69135000,0,1.0,2.529751219507739,7779465124,3075189791,12419072,
3,wamr,crc32.scalar,True,-1910355869,498,1249708,1972292,3998125,7154083,1785398000.0,71034000,0,1.0,2.551470763785166,6720982518,2634160114,12484608,
3,wamr,convolution.scalar,True,8190685,177,1493791,6248459,12721541,17568333,1986001000.0,65075000,44375,1.0,2.1654417659623744,6166781787,2847816960,12517376,
3,wamr,bulk_memory.scalar,True,8698902,237,1854459,5945292,12287167,20711125,2589155000.0,75557000,0,1.0,2.561418098797333,8959068032,3497698418,12566528,
3,wamr,xmrsplayer,True,150467775,145,9941125,6558416,12643792,21771625,1640764000.0,45313000,0,1.0,2.995427942994407,7038685046,2349809503,28753920,
3,wamr,vtable_mono,True,-318559695,51,2057750,16783708,30460208,36432375,1347431000.0,37534000,0,1.0,3.263336447401968,6270382691,1921463751,28753920,
3,wamr,vtable_bi,True,-208336512,57,1622917,27467625,37234500,50131250,1930780000.0,59809000,0,1.0,3.0918345976724164,7828201041,2531895156,28753920,
3,wamr,vtable_poly4,True,-126115384,33,1651375,26053292,40533125,50595459,1190375000.0,40015000,0,1.0,2.8646125425017246,4665020964,1628499804,28753920,
3,wamr,vtable_poly6,True,579248763,43,892083,20199958,38014750,51848375,1415193000.0,32789000,0,1.0,2.748996020805877,6243782495,2271295574,28753920,
3,wamr,graphql_as,True,5,244,6181750,3125958,8303333,14668416,1921246000.0,44691000,0,1.0,2.543674446000722,6600000562,2594671882,28753920,
3,wamr,tailcall_fsm,True,-1841735369,300,945042,4760250,10426125,13783875,2802803000.0,69634000,0,1.0,3.6128604692197595,13314231231,3685232614,28753920,
3,wamr,eh_parser_exnref,False,,,,,,,,,,,,,,,wasm_runtime_load failed: WASM module load failed: unsupported opcode 1f
3,wamr,eh_parser_legacy,True,830008030,110,2110167,6565833,12484833,18113834,1232068000.0,26591000,0,1.0,3.0014648169161453,5657730676,1884989837,28753920,
3,wamr,gc_trees,False,,,,,,,,,,,,,,,wasm_runtime_load failed: WASM module load failed: invalid type flag
3,wamr,callref_dispatch,False,,,,,,,,,,,,,,,wasm_runtime_load failed: WASM module load failed: incompatible import type
3,wamr,callref_dispatch.indirect,True,-750120562,104,26959,9823542,18743375,32833917,1631834000.0,46194000,0,1.0,2.5271165996448555,6712986423,2656381753,28753920,
3,wamr,relaxed_dot,True,-551922832,669,1675333,1119875,2517459,3840833,1459762000.0,22719000,0,1.0,3.0761271544550404,6104213779,1984382788,28753920,
3,wamr,relaxed_madd,True,-1435646925,4066,1658625,192042,391542,947458,1457002000.0,40249000,0,1.0,3.488227129642268,7339655734,2104122083,28753920,
3,wamr,mem64_chase,False,,,,,,,,,,,,,,,wasm_runtime_load failed: WASM module load failed: invalid limits flags
3,wamr,mem64_chase.mem32,True,433527714,56,1133666,30334083,36810292,41170042,1885187000.0,74960000,132417,0.9999,0.5374771296260411,1575870337,2931976544,81412096,
3,wamr,multimem_transform,False,,,,,,,,,,,,,,,wasm_runtime_load failed: WASM module load failed: multiple memories
3,wamr,multimem_transform.single,True,902712413,454,1421417,1943875,3811125,5712584,1594203000.0,35580000,0,1.0,2.868285727240874,6708387988,2338814409,81412096,
3,wamr,extconst_init,True,-1152068691,7734,5974958,252083,643334,1059417,3828084000.0,192806000,47708,1.0,3.093862847913818,16559878893,5352492889,81412096,
3,wamr,extconst_init.mvp,True,-1152068691,16276,2705791,45750,117083,260416,1479405000.0,205020000,20583,1.0,3.263524488043541,6966813039,2134751268,81412096,
3,wamr,graphql_porf,True,0,216,8247583,4599625,9316291,11985000,1506268000.0,456367000,338667,0.9998,2.8339551369072553,7386821733,2606541521,81412096,
3,wamr,sqlite3,False,,,,,,,,,,,,,,,N/A — the harness only has a WASI preview-1 + bench.* import shim for Pulley
3,wasm3,fib,True,832040,19,418083,71701583,88514416,106362208,1500125000.0,32034000,0,1.0,3.263116138558275,7007420673,2147462847,4521984,
3,wasm3,fib_tail,True,873876091,3127,88000,251291,621167,1064667,1516300000.0,30163000,0,1.0,2.345265020754375,4886809380,2083691752,4653056,
3,wasm3,factorial,False,,,,,,,,,,,,,,,wasm3 m3_FindFunction(factorial) failed: compiling function underran the stack
3,wasm3,sieve,False,,,,,,,,,,,,,,,wasm3 m3_FindFunction(sieve) failed: incorrect type on stack
3,wasm3,crc32,False,,,,,,,,,,,,,,,wasm3 m3_FindFunction(crc32) failed: compiling function underran the stack
3,wasm3,matmul_simd,False,,,,,,,,,,,,,,,wasm3 m3_FindFunction(matmul) failed: unknown type
3,wasm3,matmul_fma,False,,,,,,,,,,,,,,,wasm3 m3_FindFunction(matmul_fma) failed: unknown type
3,wasm3,convolution,False,,,,,,,,,,,,,,,wasm3 m3_FindFunction(convolve) failed: incorrect type on stack
3,wasm3,audio_dsp,True,761667740,3,168208,471184500,490358625,558991417,1404841000.0,24369000,0,1.0,2.9819399205147876,6002753373,2013036323,4980736,
3,wasm3,bulk_memory,False,,,,,,,,,,,,,,,wasm3 m3_FindFunction(bulk_memory) failed: unknown label
3,wasm3,call_indirect,True,-9175573,172,75541,6161209,13246083,17995541,1989884000.0,38988000,0,1.0,2.8046009233129463,7632878807,2721556120,5079040,
3,wasm3,factorial.scalar,True,-2102132736,16384,86042,84,333,375,5325000.0,58000,0,1.0,3.6348372430340685,25250262,6946738,5079040,
3,wasm3,sieve.scalar,True,1229,6069,186250,128583,327541,613000,1539657000.0,29129000,0,1.0,3.9920478659098455,8284294386,2075199162,5111808,
3,wasm3,crc32.scalar,True,-1910355869,733,160166,1107417,2534500,4605667,1598984000.0,33170000,0,1.0,3.41600208779627,7419508270,2171985871,5111808,
3,wasm3,convolution.scalar,True,8190685,378,113875,3059084,6400041,10988000,2146862000.0,43974000,0,1.0,3.533793846804768,10725719759,3035185476,5111808,
3,wasm3,bulk_memory.scalar,True,8698902,344,162292,3316333,7183333,13960125,2194566000.0,40628000,0,1.0,3.1811824581336348,9584904531,3013000561,5111808,
3,wasm3,xmrsplayer,True,-1078819143,252,835917,3577084,7761667,10939250,1720461000.0,34251000,0,1.0,2.8184503569244406,6733732437,2389161271,23265280,
3,wasm3,vtable_mono,True,-318559695,96,116458,10617375,21446875,57778125,1829451000.0,36362000,0,1.0,3.55476625620372,8982621526,2526923257,23281664,
3,wasm3,vtable_bi,True,-208336512,85,100167,12755125,24691750,32496375,1892386000.0,35602000,0,1.0,3.4625720774246433,8738426061,2523680624,23281664,
3,wasm3,vtable_poly4,True,-126115384,86,108125,12533041,23700625,29659750,1786473000.0,27588000,0,1.0,3.467681857105635,9049076176,2609546247,23281664,
3,wasm3,vtable_poly6,True,579248763,82,112375,14224625,27659000,40260167,1996542000.0,38904000,0,1.0,3.179989233313751,8966974433,2819812828,23330816,
3,wasm3,graphql_as,True,5,284,1864500,2556083,6274625,9525875,1587081000.0,29809000,0,1.0,2.57929811184486,5575139980,2161495003,23560192,
3,wasm3,tailcall_fsm,True,-1841735369,873,54958,2255625,5096917,7190042,3893415000.0,75066000,0,1.0,2.9452550868714735,15365842928,5217151817,23560192,
3,wasm3,eh_parser_exnref,False,,,,,,,,,,,,,,,wasm3 m3_ParseModule failed: out of order Wasm section
3,wasm3,eh_parser_legacy,False,,,,,,,,,,,,,,,wasm3 m3_ParseModule failed: out of order Wasm section
3,wasm3,gc_trees,False,,,,,,,,,,,,,,,wasm3 m3_ParseModule failed: malformed Wasm binary
3,wasm3,callref_dispatch,False,,,,,,,,,,,,,,,wasm3 m3_ParseModule failed: unknown value_type
3,wasm3,callref_dispatch.indirect,True,-750120562,213,53958,6362375,13157709,17224917,2524034000.0,40982000,0,1.0,2.920932638125368,10212390644,3496277357,23560192,
3,wasm3,relaxed_dot,False,,,,,,,,,,,,,,,wasm3 m3_FindFunction(relaxed_dot) failed: unknown type
3,wasm3,relaxed_madd,False,,,,,,,,,,,,,,,wasm3 m3_FindFunction(relaxed_madd) failed: unknown type
3,wasm3,mem64_chase,False,,,,,,,,,,,,,,,wasm3 m3_ParseModule failed: malformed Wasm binary
3,wasm3,mem64_chase.mem32,True,433527714,23,9946916,46762208,80524292,92533167,1667727000.0,33093000,0,1.0,0.263932006564757,612051428,2318973875,74743808,
3,wasm3,multimem_transform,False,,,,,,,,,,,,,,,wasm3 m3_ParseModule failed: only one memory per module is supported
3,wasm3,multimem_transform.single,True,902712413,1221,64583,1214750,2926458,4251417,2980580000.0,54786000,0,1.0,3.7671666757344773,14788694914,3925681072,74760192,
3,wasm3,extconst_init,True,-1152068691,134,80875,9502417,15173417,18246208,1845193000.0,35959000,0,1.0,3.107281825554896,7841808588,2523687592,75546624,
3,wasm3,extconst_init.mvp,True,-1152068691,283,49667,5052125,7798417,9864666,2054514000.0,39789000,16000,1.0,2.795265610322616,7771397461,2780200004,75612160,
3,wasm3,graphql_porf,False,,,,,,,,,,,,,,,wasm3 m3_ParseModule failed: out of order Wasm section
3,wasm3,sqlite3,False,,,,,,,,,,,,,,,N/A — the harness only has a WASI preview-1 + bench.* import shim for Pulley
3,wasmedge,fib,True,832040,3,804834,572257208,593931750,642243667,1666967000.0,30441000,0,1.0,3.651048779938545,8304480786,2274546654,4620288,
3,wasmedge,fib_tail,True,873876091,315,554709,2669416,5608833,8410417,1581915000.0,27711000,0,1.0,3.502479374201846,7646568814,2183187393,4882432,
3,wasmedge,factorial,True,-2102132736,16384,472875,3000,4500,14917,64845000.0,25733000,0,1.0,3.3569417910961574,457435214,136265459,5128192,
3,wasmedge,sieve,True,1229,655,615667,1822625,3971125,5705875,2291632000.0,44123000,0,1.0,3.6991324837606707,11693958415,3161270505,5226496,
3,wasmedge,crc32,True,-1910355869,60,536792,18284250,29194500,37068250,1602687000.0,25766000,0,1.0,3.439559590854708,7925278006,2304154877,5406720,
3,wasmedge,matmul_simd,True,48907,99,242875,9594083,20356875,25573542,1748782000.0,34121000,0,1.0,3.6650439559973713,8713048862,2377338162,5505024,
3,wasmedge,matmul_fma,True,48907,124,402833,6952417,13704541,18892333,1531558000.0,23810000,0,1.0,3.599821251872721,7957845211,2210622321,5570560,
3,wasmedge,convolution,True,8190685,67,297458,13315041,25356292,33169125,1550381000.0,23134000,0,1.0,3.504290270857027,7698142355,2196776454,5718016,
3,wasmedge,audio_dsp,True,761667740,1,743125,5764090125,5764090125,5764090125,5285966000.0,99452000,0,1.0,3.5796597602815976,25462926025,7113225203,5718016,
3,wasmedge,bulk_memory,True,8698902,29,828000,48013917,65431333,87634500,1798672000.0,33371000,0,1.0,3.693900494351766,9472378632,2564329669,5914624,
3,wasmedge,call_indirect,True,-9175573,22,670375,73645000,89754959,116431875,1835741000.0,33155000,0,1.0,3.340873645524859,8436138264,2525129400,5914624,
3,wasmedge,factorial.scalar,True,-2102132736,16384,257292,3417,8875,17333,96102000.0,32388000,0,1.0,3.4515127529032044,533205391,154484549,5914624,
3,wasmedge,sieve.scalar,True,1229,951,324417,1955667,4334083,7097708,3658118000.0,80927000,0,1.0,3.5939199984428014,17730881019,4933576993,5914624,
3,wasmedge,crc32.scalar,True,-1910355869,72,773083,19733833,31809750,66367792,1968732000.0,44971000,0,1.0,3.4491640842344102,9611341722,2786571322,5914624,
3,wasmedge,convolution.scalar,True,8190685,28,485375,50315167,62825916,72263625,1564154000.0,31272000,0,1.0,3.488582247150896,7684572138,2202777975,5963776,
3,wasmedge,bulk_memory.scalar,True,8698902,28,578042,62808583,75251916,91878917,1952362000.0,39408000,0,1.0,3.6889758981147396,9625932374,2609377952,6045696,
3,wasmedge,xmrsplayer,True,-1187888079,23,12276166,65266958,76018375,97309667,1640374000.0,34987000,0,1.0,3.4407004963017,7822116347,2273408091,25116672,
3,wasmedge,vtable_mono,True,-318559695,16,449417,99945042,129488208,145092542,1791934000.0,37614000,0,1.0,3.239755910042854,8614271576,2658926109,25116672,
3,wasmedge,vtable_bi,True,-208336512,12,1336375,86683042,169925250,179157250,1683317000.0,32722000,0,1.0,3.5171130138891264,8955571685,2546284879,25116672,
3,wasmedge,vtable_poly4,True,-126115384,10,769916,158960208,173772250,197972125,1590077000.0,29982000,0,1.0,3.3305883424190017,7671284385,2303282062,25116672,
3,wasmedge,vtable_poly6,True,579248763,10,826416,161962583,185821708,217381000,1707932000.0,34425000,0,1.0,3.326724944396949,8266393559,2484844313,25116672,
3,wasmedge,graphql_as,True,5,35,8652042,34597375,51090625,63459541,1575218000.0,30818000,0,1.0,3.3031989467481497,7464074306,2259650244,25116672,
3,wasmedge,tailcall_fsm,True,-1841735369,53,625459,21028583,36602125,69578625,1720893000.0,35562000,0,1.0,3.75648553784668,8880640403,2364082149,25116672,
3,wasmedge,eh_parser_exnref,True,830008030,32,542875,38653292,54961292,66406375,1606000000.0,30293000,0,1.0,3.44936849563038,7758292429,2249192117,25116672,
3,wasmedge,eh_parser_legacy,False,,,,,,,,,,,,,,,"WasmEdge VMLoadWasmFromBytes: illegal opcode
loading failed: illegal opcode, Code: 0x117
    Bytecode offset: 0x00000171
    At AST node: instruction
    At AST node: expression
    At AST node: code segment
    At AST node: code section
    At AST node: module"
3,wasmedge,gc_trees,True,-81253392,10,1259333,165212875,193043917,211964791,1654741000.0,65663000,19791,1.0,3.471406453288601,7627404752,2197208784,189497344,
3,wasmedge,callref_dispatch,True,-750120562,24,760125,71132459,95505125,109388500,2072566000.0,39956000,0,1.0,3.482438010017826,10022291083,2877952473,189497344,
3,wasmedge,callref_dispatch.indirect,True,-750120562,24,224042,67976334,90295250,106125833,1998730000.0,36688000,0,1.0,3.5022114935395736,9729739686,2778170223,189497344,
3,wasmedge,relaxed_dot,True,-551922832,540,471500,3086000,6714083,9001500,3210227000.0,67696000,0,1.0,3.57150649142354,15693237467,4394010624,189497344,
3,wasmedge,relaxed_madd,True,-1435646925,585,649625,1365833,2942916,4299916,1515628000.0,31141000,0,1.0,3.496897709207033,7427678845,2124076671,189497344,
3,wasmedge,mem64_chase,True,433527714,11,13094916,152560750,164739500,177078417,1686273000.0,32343000,0,1.0,1.7303776839881804,3994321523,2308352425,244170752,
3,wasmedge,mem64_chase.mem32,True,433527714,12,372959,133385209,163393666,169742708,1775956000.0,35187000,0,1.0,1.6251817618148932,3833983752,2359110742,311279616,
3,wasmedge,multimem_transform,True,902712413,39,739625,22607208,39827375,53701375,1379850000.0,23943000,0,1.0,3.6458934114042574,7013770927,1923745468,311279616,
3,wasmedge,multimem_transform.single,True,902712413,55,477041,27128542,38187875,48292833,1985680000.0,33587000,0,1.0,3.642702346829029,9892601013,2715731364,311279616,
3,wasmedge,extconst_init,True,-1152068691,206,6708292,5728084,12015583,20281875,1258252000.0,1024151000,0,1.0,3.0430172894951,9376648014,3081365343,311279616,
3,wasmedge,extconst_init.mvp,True,-1152068691,144,6247416,5206917,10635750,17361250,748645000.0,688963000,0,1.0,3.117730772890028,6192780937,1986310361,311279616,
3,wasmedge,graphql_porf,True,0,69,9193750,28497750,40654834,50299625,2409920000.0,251311000,423417,0.9998,3.1710817469244184,11303859270,3564669779,311279616,
3,wasmedge,sqlite3,False,,,,,,,,,,,,,,,N/A — the harness only has a WASI preview-1 + bench.* import shim for Pulley
3,zwasm,fib,True,832040,2,399542,643464750,683221125,683221125,1259564000.0,21416000,0,1.0,3.6955471945338756,6602448313,1786595588,5357568,
3,zwasm,fib_tail,True,873876091,368,408500,2117583,4522125,7172458,1476323000.0,25769000,0,1.0,4.565826423771263,9398762930,2058502023,5488640,
3,zwasm,factorial,False,,,,,,,,,,,,,,,init warmup failed: `factorial(20)` trapped: trap: unreachable
3,zwasm,sieve,False,,,,,,,,,,,,,,,init warmup failed: `sieve(10000)` trapped: trap: unreachable
3,zwasm,crc32,False,,,,,,,,,,,,,,,init warmup failed: `crc32(12648430)` trapped: trap: unreachable
3,zwasm,matmul_simd,False,,,,,,,,,,,,,,,init warmup failed: `matmul(48879)` trapped: trap: unreachable
3,zwasm,matmul_fma,False,,,,,,,,,,,,,,,init warmup failed: `matmul_fma(48879)` trapped: trap: unreachable
3,zwasm,convolution,False,,,,,,,,,,,,,,,init warmup failed: `convolve(51966)` trapped: trap: unreachable
3,zwasm,audio_dsp,True,761667740,1,285250,4956962458,4956962458,4956962458,4604836000.0,87826000,0,1.0,4.591410098994543,28470284276,6200771367,6094848,
3,zwasm,bulk_memory,False,,,,,,,,,,,,,,,init warmup failed: `bulk_memory(45260)` trapped: trap: unreachable
3,zwasm,call_indirect,True,-9175573,20,502208,80378083,98325333,115967667,1847385000.0,34070000,0,1.0,3.385173961210845,8262878136,2440902072,6209536,
3,zwasm,factorial.scalar,True,-2102132736,16384,377125,1625,2250,4542,43749000.0,759000,0,1.0,4.2589984179008145,317636217,74580027,6291456,
3,zwasm,sieve.scalar,True,1229,568,265708,1676375,3620250,5161625,1798984000.0,27494000,0,1.0,4.643038775316321,11719516334,2524104773,6324224,
3,zwasm,crc32.scalar,True,-1910355869,77,425375,13215917,24902791,31559875,1727472000.0,30903000,0,1.0,4.549588857542543,11007066565,2419354124,6389760,
3,zwasm,convolution.scalar,True,8190685,35,471583,43605416,60294208,70385333,1917504000.0,34299000,0,1.0,4.649022946989047,11703495095,2517409621,6455296,
3,zwasm,bulk_memory.scalar,True,8698902,26,315708,57596958,68726375,79729958,1646523000.0,31008000,0,1.0,4.577942829952883,10043419022,2193871657,6504448,
3,zwasm,xmrsplayer,True,458972751,29,2307792,51132375,73598459,101704916,1921845000.0,34773000,0,1.0,4.026270984624004,10396981847,2582285665,24641536,
3,zwasm,vtable_mono,True,-318559695,13,477625,142522250,160834958,191578042,2018785000.0,35877000,0,1.0,3.1496637540230936,8407418196,2669306584,24641536,
3,zwasm,vtable_bi,True,-208336512,10,389833,162469833,184731584,208981375,1741782000.0,31014000,0,1.0,3.506785713052761,8404660878,2396685046,24641536,
3,zwasm,vtable_poly4,True,-126115384,10,332625,182596667,199823708,245641083,1865010000.0,31654000,0,1.0,3.3915447139393975,8688161769,2561712288,24641536,
3,zwasm,vtable_poly6,True,579248763,8,477708,200528875,215909584,236517084,1610623000.0,27121000,0,1.0,3.385213958932437,7485868044,2211342661,24641536,
3,zwasm,graphql_as,True,5,45,2543834,28156875,44835958,88334375,1891582000.0,32148000,0,1.0,3.7524021007216386,9791431151,2609376844,24641536,
3,zwasm,tailcall_fsm,True,-1841735369,51,331084,33996875,46893500,55038458,2105282000.0,78433000,23208,1.0,3.449301763892976,10013042582,2902918697,174080000,
3,zwasm,eh_parser_exnref,True,830008030,26,476750,49838625,70644500,88612333,1699686000.0,31080000,0,1.0,3.0445059244549517,7048859750,2315272141,174686208,
3,zwasm,eh_parser_legacy,False,,,,,,,,,,,,,,,wasm_module_new failed (invalid wasm or unsupported feature)
3,zwasm,gc_trees,False,,,,,,,,,,,,,,,N/A — not run: zwasm v2.7.0 never reclaims GC structs and grows its GC heap far faster than the allocation rate (124 MB for 31K 24-byte structs); the process segfaults at ~2.3 GB
3,zwasm,callref_dispatch,True,-750120562,24,301500,86491542,105086334,122863916,2348889000.0,43770000,0,1.0,3.5166527415737123,10908310400,3101901496,174751744,
3,zwasm,callref_dispatch.indirect,True,-750120562,20,308083,75286375,97132417,111732084,1767864000.0,28306000,0,1.0,3.4982306610470095,8839437648,2526830991,174768128,
3,zwasm,relaxed_dot,False,,,,,,,,,,,,,,,init warmup failed: `relaxed_dot(7)` trapped: trap: unreachable
3,zwasm,relaxed_madd,False,,,,,,,,,,,,,,,init warmup failed: `relaxed_madd(7)` trapped: trap: unreachable
3,zwasm,mem64_chase,True,433527714,13,12823709,140110209,148918292,158755708,1828492000.0,29175000,0,1.0,1.6647737418673543,4374769726,2627846425,241975296,
3,zwasm,mem64_chase.mem32,True,433527714,14,430333,119653292,146270375,181091833,1852062000.0,33879000,0,1.0,1.8807373416833684,4711633429,2505205445,309084160,
3,zwasm,multimem_transform,True,902712413,89,373083,16836666,30833542,38316417,2506299000.0,40956000,0,1.0,4.751482387360383,16163851380,3401854424,309084160,
3,zwasm,multimem_transform.single,True,902712413,76,399958,18639500,32200708,70769875,2193143000.0,44442000,0,1.0,4.740067247305656,13813701467,2914241665,309084160,
3,zwasm,extconst_init,True,-1152068691,851,4083084,1026333,2419334,4097041,1440652000.0,305677000,117333,0.9999,3.203185776434951,7363059691,2298667703,1576828928,
3,zwasm,extconst_init.mvp,True,-1152068691,2953,2017416,424166,1104583,2099458,2214524000.0,800436000,264833,0.9999,3.231545593342526,13327860579,4124299099,5236817920,
3,zwasm,graphql_porf,True,0,43,2826875,28418959,37780125,51942167,1382093000.0,126696000,297084,0.9998,3.2852635885344923,7200621416,2191794120,5490475008,
3,zwasm,sqlite3,False,,,,,,,,,,,,,,,N/A — the harness only has a WASI preview-1 + bench.* import shim for Pulley
3,wasmz,fib,True,832040,20,572000,77514125,94674250,115420250,1773946000.0,36464000,0,1.0,2.788690479187469,6729481050,2413133010,5668864,
3,wasmz,fib_tail,True,873876091,5107,557875,268417,684041,1109916,2660945000.0,102400000,8958,1.0,2.494909257582008,9158377708,3670825975,5947392,
3,wasmz,factorial,True,-2102132736,16384,533000,3291,6667,20958,23482000.0,90853000,0,1.0,2.072130924867044,336285674,162289781,5996544,
3,wasmz,sieve,False,,,,,,,,,,,,,,,N/A — not run: wasmz v0.1.4 segfaults on this module's v128 ops (the scalar build runs)
3,wasmz,crc32,False,,,,,,,,,,,,,,,N/A — not run: wasmz v0.1.4 segfaults on this module's v128 ops (the scalar build runs)
3,wasmz,matmul_simd,True,48907,382,339750,2338750,4983791,7087125,1684330000.0,40542000,15500,1.0,3.50917036095283,8245173813,2349607732,6176768,
3,wasmz,matmul_fma,True,48907,1246,355292,1578250,3655917,5513166,3881232000.0,97632000,0,1.0,4.042134903852926,21053836883,5208593326,6242304,
3,wasmz,convolution,True,8190685,478,594750,4049250,8800583,12177250,3701657000.0,88990000,20333,1.0,3.80564248814292,19375698300,5091308067,6307840,
3,wasmz,audio_dsp,True,761667740,2,521167,981241833,988076625,988076625,1835162000.0,31738000,0,1.0,3.0107176763065646,7559469311,2510852934,6422528,
3,wasmz,bulk_memory,True,8698902,189,400875,4443916,10208375,12896625,1725055000.0,40512000,0,1.0,3.348030265496519,7314909625,2184839755,6619136,
3,wasmz,call_indirect,True,-9175573,56,1171166,18852875,29622417,35986208,1464546000.0,30525000,0,1.0,2.6815145570259618,5056862403,1885823215,7143424,
3,wasmz,factorial.scalar,True,-2102132736,16384,504833,3208,8250,21583,26977000.0,109023000,0,1.0,2.1595920254169383,327411160,151607876,7143424,
3,wasmz,sieve.scalar,True,1229,2951,528042,261708,671875,1182000,1597248000.0,64277000,0,1.0,3.1474990838112435,6553702911,2082193747,7143424,
3,wasmz,crc32.scalar,True,-1910355869,455,613208,2179167,4939083,7783833,1955033000.0,48145000,0,1.0,3.349316157682056,8765002940,2616952992,7143424,
3,wasmz,convolution.scalar,True,8190685,159,250834,5952209,12763167,16531583,1802725000.0,35457000,0,1.0,3.4433702581137515,8456432369,2455859154,7143424,
3,wasmz,bulk_memory.scalar,True,8698902,351,677083,4184250,9202833,12143458,2847786000.0,63505000,0,1.0,3.258774103725807,12563174045,3855184080,7143424,
3,wasmz,xmrsplayer,True,41803053,144,3696167,5188125,10521666,14435000,1348271000.0,26028000,0,1.0,2.8164043617110464,5444377567,1933095134,26230784,
3,wasmz,vtable_mono,True,-318559695,66,1219833,26087042,41554625,47660667,2412493000.0,45381000,0,1.0,3.3073862549274518,10524194777,3182027730,26230784,
3,wasmz,vtable_bi,True,-208336512,36,1746958,28451125,44668167,52096625,1447799000.0,24213000,0,1.0,3.082475967936247,6184250387,2006260698,26230784,
3,wasmz,vtable_poly4,True,-126115384,39,1617375,31863917,45747958,56417958,1624572000.0,31245000,12917,1.0,3.089762450105165,7012406868,2269561813,26230784,
3,wasmz,vtable_poly6,True,579248763,44,1098208,33416916,54353375,66420875,2174342000.0,44521000,0,1.0,2.93380564398231,8121183928,2768139718,26230784,
3,wasmz,graphql_as,False,,,,,,,,,,,,,,,wasmz init-warmup failed: wasmz_instance_call trap: trap: wasm `unreachable` instruction executed
3,wasmz,tailcall_fsm,True,-1841735369,621,477334,2223500,4818416,7088375,2636228000.0,62716000,13042,1.0,2.491662635593229,9101722435,3652871101,26230784,
3,wasmz,eh_parser_exnref,True,830008030,125,757542,5981334,13318000,16892875,1473905000.0,36096000,0,1.0,2.696128087087414,5282280972,1959209949,26230784,
3,wasmz,eh_parser_legacy,True,830008030,121,304791,6161209,13421958,24280834,1392378000.0,77200000,6750,1.0,2.636270104289661,5281757898,2003496489,26230784,
3,wasmz,gc_trees,True,-81253392,43,354333,22353792,45649000,138864959,1649174000.0,154986000,0,1.0,2.8744236972528676,7269205441,2528926215,319242240,
3,wasmz,callref_dispatch,False,,,,,,,,,,,,,,,wasmz init-warmup failed: wasmz_instance_call trap: trap: null reference dereference
3,wasmz,callref_dispatch.indirect,True,-750120562,84,357500,12556917,25045000,33671708,1928264000.0,36187000,0,1.0,2.685785031908207,7005561514,2608385046,319242240,
3,wasmz,relaxed_dot,True,-551922832,598,515209,1445167,3620292,4554083,1801215000.0,46065000,15958,1.0,4.047393932654053,9119728571,2253234729,319242240,
3,wasmz,relaxed_madd,True,-1435646925,1874,614125,352541,914166,1828541,1438629000.0,64275000,0,1.0,3.1841873025909386,5681337916,1784234838,319242240,
3,wasmz,mem64_chase,True,433527714,25,14355125,38335917,75416417,112067166,1610543000.0,33059000,0,1.0,0.36452952710633624,797134335,2186748331,319242240,
3,wasmz,mem64_chase.mem32,True,433527714,22,12741042,38935875,84615750,99012500,1490164000.0,30444000,0,1.0,0.37972272270989915,699851183,1843058477,319242240,
3,wasmz,multimem_transform,False,,,,,,,,,,,,,,,wasmz_module_new failed: module compilation failed: MultipleMemories
3,wasmz,multimem_transform.single,True,902712413,464,271541,2210208,5484333,7821500,2143813000.0,51491000,0,1.0,3.1254079962251917,8418824905,2693672287,319242240,
3,wasmz,extconst_init,False,,,,,,,,,,,,,,,"wrong result: got -1669113347, expected -1152068691 (cross-runtime consensus)"
3,wasmz,extconst_init.mvp,False,,,,,,,,,,,,,,,"wrong result: got 1844351884, expected -1152068691 (cross-runtime consensus)"
3,wasmz,graphql_porf,False,,,,,,,,,,,,,,,init warmup failed: wasmz m() trap: multi-value results are not supported by the C API (results_len = 2)
3,wasmz,sqlite3,False,,,,,,,,,,,,,,,N/A — the harness only has a WASI preview-1 + bench.* import shim for Pulley
3,tinywasm,fib,True,832040,7,519166,195504750,240246917,261140875,1579450000.0,25635000,0,1.0,3.456215197227044,6436033717,1862162322,5177344,
3,tinywasm,fib_tail,True,873876091,1234,189208,627208,1629000,2885375,1753897000.0,29453000,0,1.0,4.1641691560848875,8627966873,2071953984,5292032,
3,tinywasm,factorial,True,-2102132736,16384,146250,333,500,1125,10412000.0,261000,0,1.0,3.3980373024305996,66946629,19701558,5603328,
3,tinywasm,sieve,True,1229,2680,180041,611042,1567250,2104500,3677327000.0,57893000,0,1.0,3.70590851696697,16091184758,4342035073,5783552,
3,tinywasm,crc32,True,-1910355869,178,248959,5135916,11995458,13442000,1919541000.0,29875000,0,1.0,3.6884776419526966,8236501047,2233035373,5799936,
3,tinywasm,matmul_simd,True,48907,234,511500,3538333,9099500,9910333,1859507000.0,29567000,0,1.0,3.7145825296860617,8088675555,2177546330,5914624,
3,tinywasm,matmul_fma,True,48907,357,492750,2752625,6983375,9171917,2158827000.0,39849000,0,1.0,3.6387329667812227,9343072183,2567671843,5996544,
3,tinywasm,convolution,True,8190685,142,313791,5493333,12904083,15473459,1660614000.0,27077000,0,1.0,3.470149893160847,6983751525,2012521574,6045696,
3,tinywasm,audio_dsp,True,761667740,1,239834,2449527625,2449527625,2449527625,2298332000.0,36945000,0,1.0,3.7051239022087215,10234195131,2762173520,6209536,
3,tinywasm,bulk_memory,True,8698902,91,438791,10692792,21927625,26859208,1820848000.0,29369000,0,1.0,3.87125069280173,8353538000,2157839588,6340608,
3,tinywasm,call_indirect,True,-9175573,39,314708,27298667,49517125,63654625,1741884000.0,30509000,0,1.0,2.803418335321938,5847692256,2085914964,6471680,
3,tinywasm,factorial.scalar,True,-2102132736,16384,215084,500,750,875,12363000.0,214000,0,1.0,3.8566064964179296,55784575,14464679,6520832,
3,tinywasm,sieve.scalar,True,1229,1217,251541,642208,1645000,2220541,1752600000.0,26238000,0,1.0,3.7137628585319664,7676812658,2067125164,6602752,
3,tinywasm,crc32.scalar,True,-1910355869,151,648333,4976750,12503667,16145208,1652109000.0,25798000,0,1.0,3.6534053762417664,7026371812,1923239030,6635520,
3,tinywasm,convolution.scalar,True,8190685,61,177000,17684041,31987584,35995625,1773617000.0,29571000,0,1.0,3.5441146772845937,7473041515,2108577796,6635520,
3,tinywasm,bulk_memory.scalar,True,8698902,116,250125,13413250,23091917,27307125,2426865000.0,39498000,0,1.0,3.849163475359744,11392354746,2959696261,6668288,
3,tinywasm,xmrsplayer,True,-714300932,72,4621208,16965583,26439333,34790792,1734625000.0,27608000,0,1.0,3.621830783751553,8036242839,2218834429,24608768,
3,tinywasm,vtable_mono,True,-318559695,28,368916,51763667,68557125,80421334,1762942000.0,26303000,0,1.0,3.194648583952435,7106985652,2224653343,24657920,
3,tinywasm,vtable_bi,True,-208336512,27,317666,70083500,87367500,107219083,2188323000.0,37034000,0,1.0,3.2714463799049742,8391575044,2565096312,24657920,
3,tinywasm,vtable_poly4,True,-126115384,22,376875,71442333,91114000,100226417,1845054000.0,28687000,0,1.0,3.3376954674339276,7204085792,2158401167,24723456,
3,tinywasm,vtable_poly6,True,579248763,18,343583,78161541,105981250,112966084,1726301000.0,27859000,0,1.0,3.163059987523771,6473368866,2046552671,24739840,
3,tinywasm,graphql_as,True,5,94,3667083,10763458,21111208,29425417,1865515000.0,30371000,0,1.0,3.423165481592505,7652757607,2235579217,25214976,
3,tinywasm,tailcall_fsm,True,-1841735369,182,276875,4557834,10914458,12900666,1783495000.0,28082000,0,1.0,3.6768451183747946,7840755920,2132468371,25214976,
3,tinywasm,eh_parser_exnref,True,830008030,68,218541,15282750,33180750,36020958,2066552000.0,34246000,0,1.0,2.991583235201965,7135310222,2385128429,25853952,
3,tinywasm,eh_parser_legacy,False,,,,,,,,,,,,,,,tinywasm::parse_bytes failed: error parsing module: legacy exceptions support is not enabled (at offset 0x171) at offset 369
3,tinywasm,gc_trees,True,-81253392,9,130041,196037125,216614084,238375208,1842420000.0,28623000,0,1.0,2.4781969004220805,5369469345,2166683908,28344320,
3,tinywasm,callref_dispatch,True,-750120562,48,144125,31164000,45741209,51286084,2033721000.0,35861000,0,1.0,2.855049275579708,6882332103,2410582599,28360704,
3,tinywasm,callref_dispatch.indirect,True,-750120562,42,173708,36073041,47049375,52019916,1850916000.0,27329000,0,1.0,2.6635876809422356,5755306073,2160734604,28360704,
3,tinywasm,relaxed_dot,True,-551922832,462,397750,2305375,5686166,7303375,2308314000.0,34843000,0,1.0,3.1223038484750067,8386819949,2686099866,28360704,
3,tinywasm,relaxed_madd,True,-1435646925,2168,231333,621250,1594916,2431416,3082625000.0,53018000,0,1.0,3.452252228109585,12326325034,3570516932,28360704,
3,tinywasm,mem64_chase,True,433527714,19,11617125,78687375,106057208,115042625,1839883000.0,29099000,0,1.0,0.8780720190249255,1874714775,2135035321,79347712,
3,tinywasm,mem64_chase.mem32,True,433527714,31,1609625,76269459,99212667,116145333,2863396000.0,50519000,0,1.0,0.7984375648976565,2747092730,3440585527,79347712,
3,tinywasm,multimem_transform,True,902712413,134,182709,6742333,14150167,17308625,1717517000.0,27605000,0,1.0,3.9059212939019203,7855959297,2011294828,79347712,
3,tinywasm,multimem_transform.single,True,902712413,137,172167,6574000,14105166,16691875,1720398000.0,25590000,0,1.0,3.970393869187018,7885705690,1986126805,79347712,
3,tinywasm,extconst_init,True,-1152068691,2087,11372625,337000,863750,1450833,1449560000.0,27349000,0,1.0,3.9126065276867448,7420665676,1896604124,80625664,
3,tinywasm,extconst_init.mvp,True,-1152068691,10425,3946917,74750,189292,380833,1862800000.0,28844000,0,1.0,3.7389383982271296,7811284499,2089171756,80756736,
3,tinywasm,graphql_porf,True,0,103,6779958,11933417,19424416,22464500,1592971000.0,308481000,32292,1.0,2.949866070551747,6489721078,2200005330,1109884928,
3,tinywasm,sqlite3,False,,,,,,,,,,,,,,,N/A — the harness only has a WASI preview-1 + bench.* import shim for Pulley
4,pulley,fib,True,832040,18,1772541,95778416,103995750,115994375,1716713000.0,41657000,0,1.0,2.96489407711182,6403994066,2159940254,7127040,
4,pulley,fib_tail,True,873876091,3123,2040958,248666,634709,1065792,1734736000.0,32050000,0,1.0,3.3026655120419486,6792311868,2056615132,7782400,
4,pulley,factorial,True,-2102132736,16384,948166,250,375,708,8601000.0,122000,0,1.0,2.938810191069305,36612291,12458202,8454144,
4,pulley,sieve,True,1229,5042,5309708,356292,913667,1489375,3911668000.0,74537000,0,1.0,3.1219682864391682,14943008147,4786406131,9601024,
4,pulley,crc32,True,-1910355869,324,3139584,2297542,5280833,6781958,1538868000.0,43543000,0,1.0,3.8405857070975515,7531670148,1961073316,9912320,
4,pulley,matmul_simd,True,48907,455,5507500,1626583,3655792,5556042,1489165000.0,38625000,0,1.0,3.4488545216108792,6807084569,1973723312,10436608,
4,pulley,matmul_fma,True,48907,772,4587792,1199042,3051625,4157958,1943784000.0,46937000,0,1.0,3.809449736126461,9393797040,2465919671,10534912,
4,pulley,convolution,True,8190685,380,3312833,2948750,7466083,8674375,2456176000.0,49020000,0,1.0,3.63821389260644,10798260338,2968011408,10764288,
4,pulley,audio_dsp,True,761667740,1,3157042,1339235917,1339235917,1339235917,1245299000.0,23910000,0,1.0,3.4443276941666863,5320127204,1544605414,10764288,
4,pulley,bulk_memory,True,8698902,71,4211500,15762958,28108625,33277583,1834788000.0,33579000,0,1.0,2.5297947769891205,5401873436,2135301047,11059200,
4,pulley,call_indirect,True,-9175573,51,6645833,19291667,34566292,41405708,1607683000.0,39900000,0,1.0,2.08831759118076,4517297678,2163127724,11190272,
4,pulley,factorial.scalar,True,-2102132736,16384,908959,291,333,375,6008000.0,135000,0,1.0,2.621049156301653,41504738,15835162,11190272,
4,pulley,sieve.scalar,True,1229,5373,1826875,369042,942916,1633667,3961843000.0,91232000,0,1.0,3.3357562635133604,17656642825,5293145371,11223040,
4,pulley,crc32.scalar,True,-1910355869,335,2561875,2320250,5851875,6652084,1655736000.0,36827000,0,1.0,3.875257983530531,7817607859,2017312884,11223040,
4,pulley,convolution.scalar,True,8190685,128,2619041,6107041,14538750,16852709,1692031000.0,28679000,0,1.0,4.20369063728933,8455425856,2011429143,11223040,
4,pulley,bulk_memory.scalar,True,8698902,84,4187166,14095084,27728209,36156292,2116812000.0,35689000,0,1.0,2.566836747273163,6553318009,2553071603,11321344,
4,pulley,xmrsplayer,True,-367930254,116,290381416,9564833,19503542,25272375,2074366000.0,35141000,0,1.0,2.7835051119089296,6878118744,2471027883,37224448,
4,pulley,vtable_mono,True,-318559695,28,12312625,53156416,68491834,73626125,1766328000.0,28481000,0,1.0,2.338868958688274,4774087851,2041195097,37224448,
4,pulley,vtable_bi,True,-208336512,26,11576875,52416709,68895834,74320917,1646113000.0,35499000,0,1.0,2.3222039388417053,4589497185,1976354061,37224448,
4,pulley,vtable_poly4,True,-126115384,28,9240000,54067250,68932917,76865709,1763156000.0,40948000,0,1.0,2.3506028646661483,5094159837,2167171628,37224448,
4,pulley,vtable_poly6,True,579248763,25,9860375,49473167,72768250,83120500,1658668000.0,40102000,0,1.0,2.3603902138731385,4985847384,2112297939,37224448,
4,pulley,graphql_as,True,5,188,154015875,4941000,12651291,15228625,2183888000.0,34284000,0,1.0,2.6008436145391207,6476616683,2490198429,37224448,
4,pulley,tailcall_fsm,True,-1841735369,326,5370250,2612625,6064000,8021500,1759736000.0,37315000,0,1.0,2.3911492955764477,5208253460,2178138132,37224448,
4,pulley,eh_parser_exnref,True,830008030,90,3220417,10662542,21460375,26750333,1733866000.0,42711000,0,1.0,2.4171972857481565,5153812883,2132144080,37224448,
4,pulley,eh_parser_legacy,False,,,,,,,,,,,,,,,Module::from_binary failed — invalid wasm or unsupported feature?: failed to compile: wasm[0]::function[6]: WebAssembly translation error: Unsupported feature: operator Try { blockty: Empty }
4,pulley,gc_trees,True,-81253392,13,5275333,125706292,145517584,169662708,1768259000.0,49367000,0,1.0,3.020945011574934,6929406232,2293787608,37224448,
4,pulley,callref_dispatch,True,-750120562,63,5423208,23185208,32845542,40866541,1878224000.0,54847000,0,1.0,1.881901009589399,4533557760,2409030941,37224448,
4,pulley,callref_dispatch.indirect,True,-750120562,75,3951000,17776292,30692625,37118208,2112997000.0,48303000,0,1.0,1.9593457720572347,5160110773,2633588643,37224448,
4,pulley,relaxed_dot,True,-551922832,247,7442750,3143333,7564750,8953000,1654299000.0,34488000,0,1.0,3.4752946835740692,7019729142,2019894651,37224448,
4,pulley,relaxed_madd,True,-1435646925,4096,6902166,162250,413542,718500,1396682000.0,32843000,0,1.0,3.102891977259865,5494070193,1770628895,37224448,
4,pulley,mem64_chase,True,433527714,36,2572667,56333458,84010417,113135375,2749168000.0,58169000,0,1.0,0.7466830611097276,2545266309,3408763961,91340800,
4,pulley,mem64_chase.mem32,True,433527714,24,2177166,59230709,76095458,101448583,1742650000.0,32972000,0,1.0,0.5288956848063576,1132418464,2141099836,91340800,
4,pulley,multimem_transform,True,902712413,214,2922209,4234875,8760041,10303667,1673191000.0,27756000,0,1.0,3.6128107766910484,6885353714,1905816313,91340800,
4,pulley,multimem_transform.single,True,902712413,176,2485542,5584417,10899584,13055334,1742012000.0,47601000,0,1.0,3.4226163737176054,7583577534,2215725254,91340800,
4,pulley,extconst_init,True,-1152068691,5598,816460084,56125,144167,297625,672731000.0,84595000,43542,0.9999,2.95703771722869,2659238009,899291204,91340800,
4,pulley,extconst_init.mvp,True,-1152068691,5467,72917875,34708,89500,243959,382837000.0,116890000,0,1.0,2.659097237217356,1526262971,573977871,91340800,
4,pulley,graphql_porf,True,0,178,356452959,7170792,12978292,16201250,1780514000.0,391924000,1034333,0.9995,2.046158034478667,5540936318,2707970853,91340800,
4,pulley,sqlite3,True,0,1,2681922500,52855992708,52855992708,52855992708,49162269000.0,1000251000,0,1.0,2.5224888777243675,151207100211,59943614240,106725376,
4,wamr,fib,True,832040,16,1784417,84021833,135414375,161169416,1873689000.0,36235000,0,1.0,3.3086318807648682,8266602077,2498495564,11829248,
4,wamr,fib_tail,True,873876091,2011,1702625,387875,995666,1455250,1696963000.0,28391000,0,1.0,2.2361140132827604,4635373049,2072959170,11943936,
4,wamr,factorial,True,-2102132736,16384,1831416,250,333,625,7442000.0,454000,0,1.0,3.4420589877650327,41422977,12034360,12107776,
4,wamr,sieve,True,1229,3054,1458792,257666,667084,1044375,1778000000.0,34724000,0,1.0,3.375830038114713,7150115892,2118031954,12173312,
4,wamr,crc32,True,-1910355869,399,1593334,1943833,4941750,5988583,1679139000.0,35870000,0,1.0,2.6138671631994193,5338387727,2042333215,12255232,
4,wamr,matmul_simd,True,48907,490,1625792,1319375,3363375,4444667,1392461000.0,27618000,0,1.0,3.7629805206759017,6427462127,1708077438,12255232,
4,wamr,matmul_fma,True,48907,702,2333000,982833,2517917,3249958,1487527000.0,24989000,0,1.0,3.786521495003928,6916626073,1826643816,12304384,
4,wamr,convolution,True,8190685,376,2149083,2071333,4877375,7574375,1573360000.0,37031000,0,1.0,3.309227217878104,6807159117,2057023791,12386304,
4,wamr,audio_dsp,True,761667740,1,1541209,1043001042,1043001042,1043001042,974922000.0,24776000,0,1.0,2.203717016678616,2676810263,1214679672,12386304,
4,wamr,bulk_memory,True,8698902,204,1906334,5547334,11877166,14473709,2202700000.0,55629000,0,1.0,2.6754386492927464,7584458426,2834846700,12468224,
4,wamr,call_indirect,True,-9175573,103,1717292,10982125,21138792,27272000,1955110000.0,56239000,0,1.0,2.5356279847804313,6630603825,2614975014,12468224,
4,wamr,factorial.scalar,True,-2102132736,16384,1718375,166,583,750,10158000.0,526000,0,1.0,3.0726327998417124,36571720,11902405,12468224,
4,wamr,sieve.scalar,True,1229,2010,1627250,314084,835833,1286125,1404066000.0,44790000,0,1.0,2.1924258836560773,3849577940,1755853171,12468224,
4,wamr,crc32.scalar,True,-1910355869,357,1258375,2319125,5320042,6891416,1729788000.0,42149000,0,1.0,2.1825302690935393,4801163112,2199815132,12517376,
4,wamr,convolution.scalar,True,8190685,135,1193500,6567666,14940916,31611500,1772644000.0,40724000,0,1.0,2.0815414812671205,4690146022,2253208050,12566528,
4,wamr,bulk_memory.scalar,True,8698902,253,2019791,5925459,12934667,16563291,2906319000.0,61277000,0,1.0,2.4813955058344024,9552275407,3849557793,12632064,
4,wamr,xmrsplayer,True,552462961,128,9646500,6261208,13912500,17253584,1576409000.0,31912000,0,1.0,3.0003948545508843,6204761763,2067981737,28852224,
4,wamr,vtable_mono,True,-318559695,56,2129750,19286208,30583167,53607667,1509809000.0,42293000,0,1.0,3.2632764589581194,6889075955,2111091733,28852224,
4,wamr,vtable_bi,True,-208336512,67,1327917,19648417,36259625,44732750,2181754000.0,55453000,0,1.0,3.099538628256509,9197075052,2967240017,28852224,
4,wamr,vtable_poly4,True,-126115384,71,1307958,27685500,40870500,48152042,2613580000.0,68173000,0,1.0,2.870068815939722,10012545956,3488608322,28852224,
4,wamr,vtable_poly6,True,579248763,39,2291917,27338000,47864625,53115709,1719824000.0,28991000,0,1.0,2.7675736991299615,5658931037,2044726411,28852224,
4,wamr,graphql_as,True,5,247,6628250,4463042,9434000,12791541,2276611000.0,37621000,0,1.0,2.5621113703736746,6673305521,2604611805,28852224,
4,wamr,tailcall_fsm,True,-1841735369,162,2228542,4673625,11995250,15244583,1697508000.0,29800000,0,1.0,3.619820166372196,7178678992,1983159014,28852224,
4,wamr,eh_parser_exnref,False,,,,,,,,,,,,,,,wasm_runtime_load failed: WASM module load failed: unsupported opcode 1f
4,wamr,eh_parser_legacy,True,830008030,140,1503667,7302625,15611041,18158083,2005072000.0,41977000,0,1.0,3.007222018164316,7193784966,2392169558,28852224,
4,wamr,gc_trees,False,,,,,,,,,,,,,,,wasm_runtime_load failed: WASM module load failed: invalid type flag
4,wamr,callref_dispatch,False,,,,,,,,,,,,,,,wasm_runtime_load failed: WASM module load failed: incompatible import type
4,wamr,callref_dispatch.indirect,True,-750120562,86,70375,12758333,23335708,27792583,1753450000.0,48011000,0,1.0,2.325174217320901,5541498079,2383261451,28852224,
4,wamr,relaxed_dot,True,-551922832,1031,2114959,1152084,2957834,5073292,2573311000.0,47282000,0,1.0,2.988332269770011,9411103385,3149282789,28852224,
4,wamr,relaxed_madd,True,-1435646925,4882,1561583,192916,494042,838208,2140276000.0,35430000,0,1.0,3.5156668295486,8794890474,2501627970,28852224,
4,wamr,mem64_chase,False,,,,,,,,,,,,,,,wasm_runtime_load failed: WASM module load failed: invalid limits flags
4,wamr,mem64_chase.mem32,True,433527714,28,1805666,41292375,70805667,87177916,1818363000.0,33407000,0,1.0,0.36687643662087727,786589583,2144017725,81461248,
4,wamr,multimem_transform,False,,,,,,,,,,,,,,,wasm_runtime_load failed: WASM module load failed: multiple memories
4,wamr,multimem_transform.single,True,902712413,394,1802000,1948500,4836709,5818625,1626495000.0,34954000,0,1.0,2.871307874318607,5818720519,2026505263,81461248,
4,wamr,extconst_init,True,-1152068691,2910,6758875,253208,651583,1043625,1662257000.0,84640000,0,1.0,3.090074661126719,6224800623,2014449910,81461248,
4,wamr,extconst_init.mvp,True,-1152068691,16384,2228333,46000,118334,273208,1650081000.0,233521000,29250,1.0,3.2504386668335066,7002937155,2154459097,81461248,
4,wamr,graphql_porf,True,0,168,10852042,5053458,10920792,15711875,1283173000.0,461741000,987958,0.9994,2.624003142371594,5723992609,2181397010,81461248,
4,wamr,sqlite3,False,,,,,,,,,,,,,,,N/A — the harness only has a WASI preview-1 + bench.* import shim for Pulley
4,wasm3,fib,True,832040,21,271709,46271875,94944625,112791000,1705823000.0,49233000,0,1.0,3.2439800379587056,7754817531,2390525663,4505600,
4,wasm3,fib_tail,True,873876091,3334,124250,251292,513708,1011875,1541257000.0,42001000,0,1.0,2.3306763308885903,5217782142,2238741636,4636672,
4,wasm3,factorial,False,,,,,,,,,,,,,,,wasm3 m3_FindFunction(factorial) failed: compiling function underran the stack
4,wasm3,sieve,False,,,,,,,,,,,,,,,wasm3 m3_FindFunction(sieve) failed: incorrect type on stack
4,wasm3,crc32,False,,,,,,,,,,,,,,,wasm3 m3_FindFunction(crc32) failed: compiling function underran the stack
4,wasm3,matmul_simd,False,,,,,,,,,,,,,,,wasm3 m3_FindFunction(matmul) failed: unknown type
4,wasm3,matmul_fma,False,,,,,,,,,,,,,,,wasm3 m3_FindFunction(matmul_fma) failed: unknown type
4,wasm3,convolution,False,,,,,,,,,,,,,,,wasm3 m3_FindFunction(convolve) failed: incorrect type on stack
4,wasm3,audio_dsp,True,761667740,3,125458,457879917,470344750,504257625,1290456000.0,33427000,0,1.0,2.959011387890761,6011386737,2031552417,4964352,
4,wasm3,bulk_memory,False,,,,,,,,,,,,,,,wasm3 m3_FindFunction(bulk_memory) failed: unknown label
4,wasm3,call_indirect,True,-9175573,159,71042,6132166,11871583,19883917,1649652000.0,47037000,0,1.0,2.786918612580232,7070595891,2537065797,5046272,
4,wasm3,factorial.scalar,True,-2102132736,16384,111125,291,334,417,6942000.0,166000,0,1.0,3.5113682416800427,25308464,7207579,5062656,
4,wasm3,sieve.scalar,True,1229,8358,203292,128583,265833,635042,1988848000.0,52765000,0,1.0,3.961771480879431,11419577743,2882442311,5095424,
4,wasm3,crc32.scalar,True,-1910355869,659,148958,1109250,2748542,4607167,1436325000.0,25635000,0,1.0,3.4220393018603765,6665804999,1947904279,5095424,
4,wasm3,convolution.scalar,True,8190685,304,112084,3058667,7782750,9594584,2065924000.0,36059000,0,1.0,3.544240706921258,8619317753,2431922227,5111808,
4,wasm3,bulk_memory.scalar,True,8698902,219,157750,3302167,6965583,11910000,1328764000.0,33516000,0,1.0,3.163596095045936,6108048949,1930729703,5111808,
4,wasm3,xmrsplayer,True,2063895579,310,834458,3595208,7199750,10431416,1956914000.0,50438000,0,1.0,2.799965343431014,8452741361,3018873566,23248896,
4,wasm3,vtable_mono,True,-318559695,106,157334,10569083,20736541,30809542,1979009000.0,60012000,0,1.0,3.520568948413877,9932822995,2821368688,23265280,
4,wasm3,vtable_bi,True,-208336512,67,76375,12507875,25930000,32089750,1520316000.0,52470000,0,1.0,3.435358636330034,6909376899,2011253447,23281664,
4,wasm3,vtable_poly4,True,-126115384,70,125042,13343750,26576667,56004750,1606411000.0,51879000,0,1.0,3.4659327512253255,7388358379,2131708521,23281664,
4,wasm3,vtable_poly6,True,579248763,96,112958,18526500,30128542,35927542,2549454000.0,82758000,0,1.0,3.1439172754002804,10526711886,3348278903,23314432,
4,wasm3,graphql_as,True,5,283,1873042,2573125,5740750,10573041,1428185000.0,39483000,0,1.0,2.557666397670909,5564504930,2175617952,23527424,
4,wasm3,tailcall_fsm,True,-1841735369,871,30208,2261791,5772708,6996083,4258966000.0,87928000,0,1.0,2.941137526137178,15331162828,5212664383,23560192,
4,wasm3,eh_parser_exnref,False,,,,,,,,,,,,,,,wasm3 m3_ParseModule failed: out of order Wasm section
4,wasm3,eh_parser_legacy,False,,,,,,,,,,,,,,,wasm3 m3_ParseModule failed: out of order Wasm section
4,wasm3,gc_trees,False,,,,,,,,,,,,,,,wasm3 m3_ParseModule failed: malformed Wasm binary
4,wasm3,callref_dispatch,False,,,,,,,,,,,,,,,wasm3 m3_ParseModule failed: unknown value_type
4,wasm3,callref_dispatch.indirect,True,-750120562,180,48625,6856666,14777375,19325667,2386508000.0,67390000,0,1.0,2.8967477326218423,8654119453,2987529551,23560192,
4,wasm3,relaxed_dot,False,,,,,,,,,,,,,,,wasm3 m3_FindFunction(relaxed_dot) failed: unknown type
4,wasm3,relaxed_madd,False,,,,,,,,,,,,,,,wasm3 m3_FindFunction(relaxed_madd) failed: unknown type
4,wasm3,mem64_chase,False,,,,,,,,,,,,,,,wasm3 m3_ParseModule failed: malformed Wasm binary
4,wasm3,mem64_chase.mem32,True,433527714,32,12573583,46646583,59595125,87606500,1868505000.0,55968000,0,1.0,0.36957252602636065,853803158,2310245210,74678272,
4,wasm3,multimem_transform,False,,,,,,,,,,,,,,,wasm3 m3_ParseModule failed: only one memory per module is supported
4,wasm3,multimem_transform.single,True,902712413,642,51125,1214542,2893125,4187958,1592699000.0,36676000,0,1.0,3.751063396373505,7776077238,2073032742,74694656,
4,wasm3,extconst_init,True,-1152068691,115,105958,7680167,15286667,17681042,1620115000.0,41943000,0,1.0,3.228502441677622,6733477945,2085635079,75595776,
4,wasm3,extconst_init.mvp,True,-1152068691,247,53875,3555667,7744250,13215625,1769415000.0,39288000,12000,1.0,2.952840273527908,6786833736,2298408687,75661312,
4,wasm3,graphql_porf,False,,,,,,,,,,,,,,,wasm3 m3_ParseModule failed: out of order Wasm section
4,wasm3,sqlite3,False,,,,,,,,,,,,,,,N/A — the harness only has a WASI preview-1 + bench.* import shim for Pulley
4,wasmedge,fib,True,832040,3,298167,611582417,642820458,669335042,1800421000.0,36081000,0,1.0,3.6437883207672006,8304634813,2279121091,4603904,
4,wasmedge,fib_tail,True,873876091,297,517625,2614875,6227542,8945666,1594642000.0,33617000,0,1.0,3.4950484267890434,7219369472,2065599268,4816896,
4,wasmedge,factorial,True,-2102132736,16384,589584,3000,7791,14208,81218000.0,32260000,0,1.0,3.3814610999395005,457574910,135318697,5111808,
4,wasmedge,sieve,True,1229,1031,604458,1832833,4332792,6148916,3928553000.0,106846000,0,1.0,3.6670063168252063,18424471379,5024390412,5226496,
4,wasmedge,crc32,True,-1910355869,54,584292,19835500,33999042,43695875,1676306000.0,39102000,0,1.0,3.418551345699755,7138371164,2088127526,5439488,
4,wasmedge,matmul_simd,True,48907,86,693375,13896792,21698542,25850875,1732328000.0,28653000,0,1.0,3.672770163801355,7565721742,2059949685,5521408,
4,wasmedge,matmul_fma,True,48907,138,250333,7005500,16153083,19586625,1968555000.0,46046000,0,1.0,3.5735230621101097,8870946633,2482409230,5586944,
4,wasmedge,convolution,True,8190685,74,527792,13191666,24126459,38617375,1486103000.0,45859000,0,1.0,3.456220316157398,8529518192,2467874560,5718016,
4,wasmedge,audio_dsp,True,761667740,1,496333,6078409208,6078409208,6078409208,5119468000.0,162707000,0,1.0,3.529374677123251,25537319639,7235649931,5718016,
4,wasmedge,bulk_memory,True,8698902,22,648833,48481542,71958875,87197167,1359188000.0,43635000,0,1.0,3.6270751282655036,7206253703,1986794717,5914624,
4,wasmedge,call_indirect,True,-9175573,28,528250,47416708,84030209,107708584,1933046000.0,50908000,0,1.0,3.312367305916819,10757434600,3247657523,5914624,
4,wasmedge,factorial.scalar,True,-2102132736,16384,206375,3416,3583,29416,58500000.0,21617000,0,1.0,3.334941781435437,536557646,160889659,5914624,
4,wasmedge,sieve.scalar,True,1229,1001,204125,1953583,3695042,8386875,3401487000.0,78220000,0,1.0,3.5944204583464465,18665066809,5192788942,5914624,
4,wasmedge,crc32.scalar,True,-1910355869,53,181375,15368458,29549917,53932292,1230377000.0,40861000,0,1.0,3.4145548243322197,7087165729,2075575322,5914624,
4,wasmedge,convolution.scalar,True,8190685,28,602250,49707709,62847958,163404833,1494478000.0,42987000,0,1.0,3.4546559392130827,7703118388,2229778746,5947392,
4,wasmedge,bulk_memory.scalar,True,8698902,26,220583,43112333,80459041,92857375,1781947000.0,43016000,0,1.0,3.665017697710735,8941161621,2439595756,6029312,
4,wasmedge,xmrsplayer,True,-677324721,20,10100333,49065542,84370625,112564209,1457249000.0,53208000,0,1.0,3.399737329014037,6820163032,2006085286,25100288,
4,wasmedge,vtable_mono,True,-318559695,21,832833,79339542,109317167,143371667,2021623000.0,56556000,0,1.0,3.22391817990925,11316849986,3510278287,25100288,
4,wasmedge,vtable_bi,True,-208336512,15,311417,136924333,153405125,195000667,2227367000.0,47070000,0,1.0,3.509742281603546,11197677854,3190455867,25100288,
4,wasmedge,vtable_poly4,True,-126115384,11,727500,149704625,192165250,209589541,1810923000.0,52647000,0,1.0,3.3048108234811266,8453898595,2558058251,25100288,
4,wasmedge,vtable_poly6,True,579248763,18,325333,155145875,202242709,243094333,3199812000.0,101428000,0,1.0,3.29184781514127,14925066561,4533947922,25100288,
4,wasmedge,graphql_as,True,5,41,10631166,29920500,51677709,67732666,1936384000.0,64052000,0,1.0,3.283231801511333,8772321797,2671855759,25100288,
4,wasmedge,tailcall_fsm,True,-1841735369,53,491208,23072667,36090292,47768125,1653832000.0,48656000,0,1.0,3.720599919092155,8893091457,2390230514,25100288,
4,wasmedge,eh_parser_exnref,True,830008030,39,248334,31221166,59206250,95834042,1949753000.0,65063000,0,1.0,3.3972583290681646,9485297367,2792044775,25100288,
4,wasmedge,eh_parser_legacy,False,,,,,,,,,,,,,,,"WasmEdge VMLoadWasmFromBytes: illegal opcode
loading failed: illegal opcode, Code: 0x117
    Bytecode offset: 0x00000171
    At AST node: instruction
    At AST node: expression
    At AST node: code segment
    At AST node: code section
    At AST node: module"
4,wasmedge,gc_trees,True,-81253392,11,209250,157604958,177220625,237577667,1706482000.0,79808000,73833,1.0,3.450023786580782,8402951013,2435621182,203063296,
4,wasmedge,callref_dispatch,True,-750120562,24,1116792,73719750,102886417,181537084,2161647000.0,62227000,0,1.0,3.4526870279381447,10034907311,2906405136,203063296,
4,wasmedge,callref_dispatch.indirect,True,-750120562,17,404417,57796167,90791167,108955541,1385293000.0,41814000,0,1.0,3.472799560505651,6903619208,1987911795,203063296,
4,wasmedge,relaxed_dot,True,-551922832,254,253834,3181334,6936125,14715875,1550996000.0,49192000,0,1.0,3.5390979334368433,7395949174,2089783700,203063296,
4,wasmedge,relaxed_madd,True,-1435646925,460,345500,1385875,2791500,10876625,1191214000.0,35090000,0,1.0,3.4660398944378144,5845346711,1686462617,203063296,
4,wasmedge,mem64_chase,True,433527714,18,14120958,90986292,133755625,174464042,2090574000.0,71194000,0,1.0,2.2777921127181044,6547865233,2874654450,257720320,
4,wasmedge,mem64_chase.mem32,True,433527714,17,451208,65729083,107375500,141180500,1584994000.0,46165000,0,1.0,2.222930474694007,5427611627,2441647046,324845568,
4,wasmedge,multimem_transform,True,902712413,50,317625,20889333,41910166,75893167,1809273000.0,66014000,0,1.0,3.5945649431565543,9029369368,2511950545,324845568,
4,wasmedge,multimem_transform.single,True,902712413,50,226083,21816916,41871875,54368500,1839502000.0,63128000,0,1.0,3.6012570038104887,9024103291,2505820407,324845568,
4,wasmedge,extconst_init,True,-1152068691,161,13876292,5594833,11972000,20203375,976317000.0,805698000,49917,1.0,3.039945156237132,7348825925,2417420561,324845568,
4,wasmedge,extconst_init.mvp,True,-1152068691,236,5589375,5528958,11636875,27003500,1297295000.0,1210443000,56000,1.0,3.1047799496003234,10182289715,3279552780,324845568,
4,wasmedge,graphql_porf,True,0,53,6359542,20893541,39620833,53860125,1699878000.0,196079000,613458,0.9997,3.156271880346081,8718585325,2762304914,324845568,
4,wasmedge,sqlite3,False,,,,,,,,,,,,,,,N/A — the harness only has a WASI preview-1 + bench.* import shim for Pulley
4,zwasm,fib,True,832040,2,552708,739192833,751398083,751398083,1361668000.0,26616000,0,1.0,3.686224919753513,6606070858,1792096522,5357568,
4,zwasm,fib_tail,True,873876091,349,465334,2147709,5053167,8486125,1489817000.0,32585000,6584,1.0,4.549874694728443,8922264788,1960991321,5488640,
4,zwasm,factorial,False,,,,,,,,,,,,,,,init warmup failed: `factorial(20)` trapped: trap: unreachable
4,zwasm,sieve,False,,,,,,,,,,,,,,,init warmup failed: `sieve(10000)` trapped: trap: unreachable
4,zwasm,crc32,False,,,,,,,,,,,,,,,init warmup failed: `crc32(12648430)` trapped: trap: unreachable
4,zwasm,matmul_simd,False,,,,,,,,,,,,,,,init warmup failed: `matmul(48879)` trapped: trap: unreachable
4,zwasm,matmul_fma,False,,,,,,,,,,,,,,,init warmup failed: `matmul_fma(48879)` trapped: trap: unreachable
4,zwasm,convolution,False,,,,,,,,,,,,,,,init warmup failed: `convolve(51966)` trapped: trap: unreachable
4,zwasm,audio_dsp,True,761667740,1,365333,5510133667,5510133667,5510133667,4932852000.0,113379000,0,1.0,4.469995013374222,28493296550,6374346384,6029312,
4,zwasm,bulk_memory,False,,,,,,,,,,,,,,,init warmup failed: `bulk_memory(45260)` trapped: trap: unreachable
4,zwasm,call_indirect,True,-9175573,14,258250,79495541,112063333,118930958,1314813000.0,29520000,0,1.0,3.3660073520043743,5788349817,1719648596,6176768,
4,zwasm,factorial.scalar,True,-2102132736,16384,340458,1625,4291,6125,62784000.0,1647000,0,1.0,4.226441067825311,317929917,75224027,6275072,
4,zwasm,sieve.scalar,True,1229,445,469834,1678500,4288625,6009584,1547748000.0,32953000,0,1.0,4.616440026419142,9191186804,1990968528,6340608,
4,zwasm,crc32.scalar,True,-1910355869,113,332167,15352834,29261583,34848709,2911768000.0,64324000,0,1.0,4.439915356949356,16164725348,3640773314,6406144,
4,zwasm,convolution.scalar,True,8190685,28,347958,35690792,63442291,76328542,1469237000.0,53398000,0,1.0,4.556821533068782,9388679271,2060357028,6455296,
4,zwasm,bulk_memory.scalar,True,8698902,23,487083,60766167,73951084,86984834,1508900000.0,47808000,0,1.0,4.532390835170314,8902268047,1964143952,6488064,
4,zwasm,xmrsplayer,True,613227689,28,3890792,56823708,78495583,91015375,1913369000.0,47662000,0,1.0,3.9599125536210424,10055002464,2539198108,24657920,
4,zwasm,vtable_mono,True,-318559695,12,571167,158535917,173947833,216718333,1868009000.0,58162000,0,1.0,3.0916091376836756,7787856129,2519029988,24657920,
4,zwasm,vtable_bi,True,-208336512,11,321292,174962750,204937917,229336291,2011905000.0,47379000,0,1.0,3.4588756179220277,9257679571,2676499705,24657920,
4,zwasm,vtable_poly4,True,-126115384,9,685417,187290458,227206666,244387708,1740970000.0,58347000,0,1.0,3.3252246763607376,7846987646,2359836826,24657920,
4,zwasm,vtable_poly6,True,579248763,8,447792,222546875,247108375,267326125,1750547000.0,41772000,0,1.0,3.348722919997864,7498285750,2239147857,24657920,
4,zwasm,graphql_as,True,5,37,2737959,33290209,48025708,60897875,1588003000.0,35720000,0,1.0,3.70647088587119,8064052149,2175668553,24657920,
4,zwasm,tailcall_fsm,True,-1841735369,42,490166,34969750,48209125,57908250,1732184000.0,67316000,6833,1.0,3.464982491375486,8248800347,2380618190,145784832,
4,zwasm,eh_parser_exnref,True,830008030,29,521000,57762625,76555208,94463500,2005643000.0,46913000,0,1.0,3.02225674603441,7869376242,2603807983,146374656,
4,zwasm,eh_parser_legacy,False,,,,,,,,,,,,,,,wasm_module_new failed (invalid wasm or unsupported feature)
4,zwasm,gc_trees,False,,,,,,,,,,,,,,,N/A — not run: zwasm v2.7.0 never reclaims GC structs and grows its GC heap far faster than the allocation rate (124 MB for 31K 24-byte structs); the process segfaults at ~2.3 GB
4,zwasm,callref_dispatch,True,-750120562,16,236708,89241917,118449083,129433875,1640845000.0,32147000,0,1.0,3.5441906789141497,7274816732,2052603088,146423808,
4,zwasm,callref_dispatch.indirect,True,-750120562,19,140125,79682250,113458625,137791417,1905086000.0,47016000,0,1.0,3.491087274138735,8416887034,2410964371,146423808,
4,zwasm,relaxed_dot,False,,,,,,,,,,,,,,,init warmup failed: `relaxed_dot(7)` trapped: trap: unreachable
4,zwasm,relaxed_madd,False,,,,,,,,,,,,,,,init warmup failed: `relaxed_madd(7)` trapped: trap: unreachable
4,zwasm,mem64_chase,True,433527714,15,14515042,89217584,154198458,171800125,2016401000.0,43989000,0,1.0,1.9501083545086146,5054223065,2591765249,213598208,
4,zwasm,mem64_chase.mem32,True,433527714,13,267209,121818958,144725917,161975875,1710165000.0,38983000,0,1.0,2.0220505268388473,4382105576,2167159286,280707072,
4,zwasm,multimem_transform,True,902712413,77,601292,18396667,33454625,45220333,2219932000.0,50359000,0,1.0,4.734565055103756,14000104479,2956999073,280707072,
4,zwasm,multimem_transform.single,True,902712413,50,381667,18142000,32858084,54867833,1409585000.0,29940000,0,1.0,4.741399813016293,9089091874,1916963815,280707072,
4,zwasm,extconst_init,True,-1152068691,1192,4352292,960000,2293708,4757875,1931150000.0,423286000,404125,0.9998,3.168602893856206,10299506919,3250488390,2110439424,
4,zwasm,extconst_init.mvp,True,-1152068691,3244,1297375,466666,1241084,2392209,2530087000.0,962160000,577333,0.9998,3.2403561954138573,14687138306,4532569082,5633490944,
4,zwasm,graphql_porf,True,0,40,5781916,28120208,46667750,52329709,1554837000.0,146515000,0,1.0,3.2922567620811294,6701144041,2035425705,6015369216,
4,zwasm,sqlite3,False,,,,,,,,,,,,,,,N/A — the harness only has a WASI preview-1 + bench.* import shim for Pulley
4,wasmz,fib,True,832040,20,491375,93137875,109649083,119218209,2054458000.0,30512000,0,1.0,2.799136207562357,6719922895,2400713076,5668864,
4,wasmz,fib_tail,True,873876091,2451,576833,268625,688125,1051584,1456320000.0,47398000,0,1.0,2.5063173394032225,4390486310,1751767919,5947392,
4,wasmz,factorial,True,-2102132736,16384,759208,3166,8625,21750,29112000.0,110285000,0,1.0,2.151865733594231,337037961,156625925,5980160,
4,wasmz,sieve,False,,,,,,,,,,,,,,,N/A — not run: wasmz v0.1.4 segfaults on this module's v128 ops (the scalar build runs)
4,wasmz,crc32,False,,,,,,,,,,,,,,,N/A — not run: wasmz v0.1.4 segfaults on this module's v128 ops (the scalar build runs)
4,wasmz,matmul_simd,True,48907,325,457833,2337875,5933833,7093250,1678639000.0,34189000,9083,1.0,3.5235869013515715,7011553158,1989890800,6209536,
4,wasmz,matmul_fma,True,48907,545,470000,1587000,4065042,5430667,1950145000.0,46074000,0,1.0,4.051953657372634,9211733386,2273405415,6275072,
4,wasmz,convolution,True,8190685,376,426666,4138792,10362625,12297625,3428162000.0,63311000,0,1.0,3.8246136535423383,15225973332,3981048731,6324224,
4,wasmz,audio_dsp,True,761667740,2,420417,1100509083,1107938750,1107938750,2098984000.0,30171000,0,1.0,3.017749322789302,7555274178,2503612252,6438912,
4,wasmz,bulk_memory,True,8698902,161,548875,4830625,11313125,12036125,1634077000.0,28775000,0,1.0,3.3655272202028046,6223423943,1849167615,6635520,
4,wasmz,call_indirect,True,-9175573,82,1312125,16879208,30260708,35010209,2160223000.0,51389000,0,1.0,2.67411199233463,7412541557,2771963769,7159808,
4,wasmz,factorial.scalar,True,-2102132736,16384,550292,3042,7875,25542,22424000.0,95842000,0,1.0,2.0428881790671225,329181371,161135286,7159808,
4,wasmz,sieve.scalar,True,1229,2794,556750,261583,674000,1252042,1559396000.0,78148000,12625,1.0,3.123606676048688,6211597489,1988597840,7159808,
4,wasmz,crc32.scalar,True,-1910355869,424,614833,2176041,5200875,10383750,1857826000.0,67331000,0,1.0,3.3206860336852917,8187444885,2465588376,7159808,
4,wasmz,convolution.scalar,True,8190685,241,439541,6027584,13764208,17997458,2876815000.0,77781000,0,1.0,3.421831735458343,12836023755,3751214188,7159808,
4,wasmz,bulk_memory.scalar,True,8698902,188,754875,4591625,9678792,12673417,1637467000.0,52609000,0,1.0,3.232938261525744,6742162457,2085459700,7159808,
4,wasmz,xmrsplayer,True,-632683641,149,3819333,5460083,11623166,14451542,1556144000.0,46436000,0,1.0,2.8242776488833035,5643339049,1998153068,26230784,
4,wasmz,vtable_mono,True,-318559695,50,1133417,23570833,41743500,50780417,1874447000.0,52264000,0,1.0,3.2684403826097683,7984785637,2442995650,26230784,
4,wasmz,vtable_bi,True,-208336512,63,988542,22805250,47805208,56339167,2690107000.0,74289000,0,1.0,3.0482361193616594,10845596011,3557990781,26230784,
4,wasmz,vtable_poly4,True,-126115384,40,1125250,23854083,49473375,59842417,1698391000.0,54185000,0,1.0,3.0742355820507052,7213192822,2346337042,26230784,
4,wasmz,vtable_poly6,True,579248763,47,1159125,24024709,52811375,64373542,2124541000.0,60545000,0,1.0,2.9074746125863236,8693453092,2990035770,26230784,
4,wasmz,graphql_as,False,,,,,,,,,,,,,,,wasmz init-warmup failed: wasmz_instance_call trap: trap: wasm `unreachable` instruction executed
4,wasmz,tailcall_fsm,True,-1841735369,328,502541,2228208,5229125,7177625,1517896000.0,42170000,0,1.0,2.4843221413544088,4814451423,1937933629,26230784,
4,wasmz,eh_parser_exnref,True,830008030,167,634875,6135750,12865875,16589125,1912035000.0,60849000,16625,1.0,2.6776816185086765,7064780206,2638394407,26230784,
4,wasmz,eh_parser_legacy,True,830008030,150,537875,6445625,13947792,18581000,1808218000.0,60985000,6541,1.0,2.6762906314576544,6530764891,2440230076,26230784,
4,wasmz,gc_trees,True,-81253392,41,203333,27668291,45789833,67366667,1621732000.0,113581000,0,1.0,2.9220445080227275,6855627759,2346174995,184811520,
4,wasmz,callref_dispatch,False,,,,,,,,,,,,,,,wasmz init-warmup failed: wasmz_instance_call trap: trap: null reference dereference
4,wasmz,callref_dispatch.indirect,True,-750120562,72,337125,13240791,27794125,33188708,1785144000.0,54082000,0,1.0,2.662047321852885,6018131400,2260715409,184811520,
4,wasmz,relaxed_dot,True,-551922832,521,615334,1423875,3656125,5057375,1611715000.0,41556000,0,1.0,4.044027841445569,7941928150,1963865844,184811520,
4,wasmz,relaxed_madd,True,-1435646925,2200,803875,354584,914375,1484333,1698722000.0,80463000,0,1.0,3.189356454439559,6680839150,2094729531,184811520,
4,wasmz,mem64_chase,True,433527714,21,13800041,45274500,84643542,98448000,1517484000.0,41617000,7750,1.0,0.3349060519267387,670167402,2001060889,184811520,
4,wasmz,mem64_chase.mem32,True,433527714,23,9757709,58326500,71787458,88250833,1532721000.0,28876000,0,1.0,0.39011455702582726,724080236,1856070795,184811520,
4,wasmz,multimem_transform,False,,,,,,,,,,,,,,,wasmz_module_new failed: module compilation failed: MultipleMemories
4,wasmz,multimem_transform.single,True,902712413,410,434125,2246208,5600917,6550750,1946347000.0,58434000,0,1.0,3.1119076242452115,7443437878,2391921219,184811520,
4,wasmz,extconst_init,False,,,,,,,,,,,,,,,"wrong result: got -1669113347, expected -1152068691 (cross-runtime consensus)"
4,wasmz,extconst_init.mvp,False,,,,,,,,,,,,,,,"wrong result: got 1844351884, expected -1152068691 (cross-runtime consensus)"
4,wasmz,graphql_porf,False,,,,,,,,,,,,,,,init warmup failed: wasmz m() trap: multi-value results are not supported by the C API (results_len = 2)
4,wasmz,sqlite3,False,,,,,,,,,,,,,,,N/A — the harness only has a WASI preview-1 + bench.* import shim for Pulley
4,tinywasm,fib,True,832040,9,339375,205069292,227527750,246192583,1864165000.0,51056000,0,1.0,3.427108310058868,8284011735,2417201613,5177344,
4,tinywasm,fib_tail,True,873876091,2308,66000,627042,1620875,2392166,3054718000.0,88037000,0,1.0,4.12177081934693,16167216064,3922395682,5308416,
4,tinywasm,factorial,True,-2102132736,16384,196959,959,1042,1291,18813000.0,599000,0,1.0,3.405040732616538,67138860,19717491,5619712,
4,tinywasm,sieve,True,1229,1713,212250,612250,1565709,2354500,2203042000.0,57139000,0,1.0,3.6727630249227086,10304147472,2805557397,5783552,
4,tinywasm,crc32,True,-1910355869,168,178500,5152167,11075583,14095042,1682399000.0,37126000,0,1.0,3.669251290489336,7783122066,2121174444,5799936,
4,tinywasm,matmul_simd,True,48907,351,265167,3554167,8216500,11136458,2523270000.0,61723000,0,1.0,3.6762270012044795,12151939411,3305546531,5931008,
4,tinywasm,matmul_fma,True,48907,324,164666,2823000,6645375,9102917,1920386000.0,40285000,0,1.0,3.5385640838564645,8478901331,2396141805,6045696,
4,tinywasm,convolution,True,8190685,221,221625,6359125,12962541,15703958,2555364000.0,51999000,0,1.0,3.4553380660506883,10876747462,3147809926,6111232,
4,tinywasm,audio_dsp,True,761667740,1,144333,2361173375,2361173375,2361173375,2170949000.0,44466000,0,1.0,3.7230920346875176,10244247778,2751542987,6242304,
4,tinywasm,bulk_memory,True,8698902,92,450292,12120291,20317291,29562209,1691229000.0,45452000,0,1.0,3.8275470191096415,8457581347,2209660993,6356992,
4,tinywasm,call_indirect,True,-9175573,49,233583,21608750,45582875,56575416,1992241000.0,44196000,0,1.0,2.7870296885440213,7353680120,2638536701,6504448,
4,tinywasm,factorial.scalar,True,-2102132736,16384,151166,250,542,875,9651000.0,357000,0,1.0,3.8011757144786484,56009830,14734870,6537216,
4,tinywasm,sieve.scalar,True,1229,1397,216917,642833,1644292,2288875,1837187000.0,40609000,0,1.0,3.6817731220188303,8825921562,2397193219,6635520,
4,tinywasm,crc32.scalar,True,-1910355869,152,82500,4913333,10121916,14027709,1405173000.0,18279000,0,1.0,3.6462827025924724,7066940983,1938122071,6668288,
4,tinywasm,convolution.scalar,True,8190685,134,146166,14113416,28815875,43061541,3444288000.0,70832000,0,1.0,3.51205932819077,16424010234,4676461500,6668288,
4,tinywasm,bulk_memory.scalar,True,8698902,75,155709,13848250,23176459,26864209,1579374000.0,46790000,0,1.0,3.8098060184229845,7383678705,1938072088,6684672,
4,tinywasm,xmrsplayer,True,212325309,76,5601750,16174125,26345042,32102875,1814638000.0,40699000,0,1.0,3.5719579837861724,8488968969,2376559021,24592384,
4,tinywasm,vtable_mono,True,-318559695,28,349416,54993375,69746125,81761875,1732912000.0,41936000,0,1.0,3.178998623902855,7117448705,2238896441,24625152,
4,tinywasm,vtable_bi,True,-208336512,26,192250,54964666,81669167,92536500,1901456000.0,36460000,0,1.0,3.2640300553837345,8079189115,2475218971,24625152,
4,tinywasm,vtable_poly4,True,-126115384,21,345166,61921125,73290333,100876417,1503132000.0,29558000,0,1.0,3.3307172278872,6875593455,2064298163,24674304,
4,tinywasm,vtable_poly6,True,579248763,21,322416,78388584,88910584,112163000,1702318000.0,37482000,0,1.0,3.1577037465846907,7561164907,2394513708,24674304,
4,tinywasm,graphql_as,True,5,99,4263833,9574125,18081708,26897666,1657478000.0,38140000,0,1.0,3.395129211035179,8054088355,2372247963,25083904,
4,tinywasm,tailcall_fsm,True,-1841735369,208,249750,4542208,9477458,13048625,1752522000.0,58157000,0,1.0,3.621580802846317,8984323998,2480774139,25083904,
4,tinywasm,eh_parser_exnref,True,830008030,61,209458,13771542,28782333,36022042,1588155000.0,51017000,0,1.0,2.9483841267209603,6423397782,2178616322,25706496,
4,tinywasm,eh_parser_legacy,False,,,,,,,,,,,,,,,tinywasm::parse_bytes failed: error parsing module: legacy exceptions support is not enabled (at offset 0x171) at offset 369
4,tinywasm,gc_trees,True,-81253392,8,103792,194876125,216311667,232882667,1559922000.0,48339000,0,1.0,2.4480579286950275,4795627765,1958951914,28196864,
4,tinywasm,callref_dispatch,True,-750120562,41,125791,34016708,45174375,57333000,1684618000.0,51016000,0,1.0,2.8330456591970816,5895588919,2081007378,28196864,
4,tinywasm,callref_dispatch.indirect,True,-750120562,44,107167,20125791,41183084,50331750,1561623000.0,41033000,0,1.0,2.755751674013421,6040744848,2192049779,28196864,
4,tinywasm,relaxed_dot,True,-551922832,421,296500,2215625,5308459,6963084,1915156000.0,48866000,0,1.0,3.0984004625887573,7659174891,2471977068,28196864,
4,tinywasm,relaxed_madd,True,-1435646925,1217,246959,621208,1586250,2815958,1541358000.0,40105000,0,1.0,3.423152920787189,6927410792,2023693055,28196864,
4,tinywasm,mem64_chase,True,433527714,29,14618958,54200417,81609500,105857500,2126952000.0,56466000,0,1.0,1.048084709336835,2869019033,2737392319,79167488,
4,tinywasm,mem64_chase.mem32,True,433527714,20,1720333,52351834,64816042,89175250,1242133000.0,37476000,0,1.0,1.0848527509099877,1773441817,1634730442,79167488,
4,tinywasm,multimem_transform,True,902712413,128,129708,6432125,12624667,16034792,1448751000.0,44526000,0,1.0,3.857807663852919,7523162987,1950113547,79183872,
4,tinywasm,multimem_transform.single,True,902712413,218,135042,5816667,11973958,15884000,2331825000.0,63916000,0,1.0,3.9261805311501283,12565653668,3200477810,79183872,
4,tinywasm,extconst_init,True,-1152068691,1912,12004709,337209,868333,1538042,1383870000.0,38492000,0,1.0,3.8714886775972253,6803576009,1757353973,80461824,
4,tinywasm,extconst_init.mvp,True,-1152068691,10514,3970792,74208,189084,400625,1631909000.0,42173000,0,1.0,3.6948072209814535,7889958781,2135418253,80609280,
4,tinywasm,graphql_porf,True,0,140,7089667,9151458,17566625,23759584,1851168000.0,450336000,5443917,0.9976,2.8381141367711584,8979369614,3163850776,1109819392,
4,tinywasm,sqlite3,False,,,,,,,,,,,,,,,N/A — the harness only has a WASI preview-1 + bench.* import shim for Pulley
5,pulley,fib,True,832040,17,2665959,85926292,105889834,115156583,1639251000.0,30766000,0,1.0,2.9780242746510734,6044658387,2029754572,7127040,
5,pulley,fib_tail,True,873876091,3088,2081500,248291,633334,1079250,1596883000.0,43140000,0,1.0,3.28140823572327,6721237578,2048278390,7798784,
5,pulley,factorial,True,-2102132736,16384,2003708,208,666,791,10122000.0,280000,0,1.0,2.9009458802311956,36693638,12648853,8437760,
5,pulley,sieve,True,1229,2189,3277667,356292,913334,1511542,1613024000.0,40493000,0,1.0,3.1071844352151508,6490965389,2089018378,9568256,
5,pulley,crc32,True,-1910355869,453,1749250,2271500,5726041,7684250,2236913000.0,41952000,0,1.0,3.872417665461768,10519685355,2716567856,9814016,
5,pulley,matmul_simd,True,48907,577,4898708,1630417,4192958,5021792,2158984000.0,31361000,0,1.0,3.4821396655879338,8621091242,2475802831,10338304,
5,pulley,matmul_fma,True,48907,318,4846667,1205167,3115708,4749084,861602000.0,14633000,0,1.0,3.8314128527978784,3869733284,1010001645,10420224,
5,pulley,convolution,True,8190685,261,3270792,3001417,7609042,11594917,1713439000.0,32270000,0,1.0,3.641994546581404,7416428382,2036364494,10747904,
5,pulley,audio_dsp,True,761667740,1,3277083,1415669291,1415669291,1415669291,1322555000.0,33400000,0,1.0,3.427684054621409,5329231216,1554761504,10747904,
5,pulley,bulk_memory,True,8698902,70,3686250,15296583,27492792,30816333,1737322000.0,34056000,0,1.0,2.526240240582134,5326447456,2108448504,10977280,
5,pulley,call_indirect,True,-9175573,51,6899708,20013708,37791916,44208750,1757456000.0,28488000,0,1.0,2.103240763002231,4509354636,2144003062,11190272,
5,pulley,factorial.scalar,True,-2102132736,16384,1542833,291,833,959,13504000.0,321000,0,1.0,2.628371122013692,41686652,15860261,11190272,
5,pulley,sieve.scalar,True,1229,2234,3231458,369250,945000,1514625,1728071000.0,53110000,0,1.0,3.3182035217130177,7353468734,2216099370,11223040,
5,pulley,crc32.scalar,True,-1910355869,410,2538708,2278417,5312291,7091000,1891293000.0,37724000,0,1.0,3.880508492197217,9564511824,2464757349,11223040,
5,pulley,convolution.scalar,True,8190685,227,2444334,6096417,14450834,17417250,2949322000.0,52148000,0,1.0,4.204330281134833,14999545440,3567642035,11223040,
5,pulley,bulk_memory.scalar,True,8698902,75,4126708,12370667,27576625,46186416,1841404000.0,36610000,0,1.0,2.5610255221580576,5858150153,2287423574,11321344,
5,pulley,xmrsplayer,True,-1885905528,90,297100333,9334042,20253916,22222500,1664127000.0,28432000,0,1.0,2.7918349743371924,5335829732,1911226767,37191680,
5,pulley,vtable_mono,True,-318559695,27,13222750,46013792,67360792,73834333,1696247000.0,25874000,0,1.0,2.340423489472241,4603789013,1967075204,37191680,
5,pulley,vtable_bi,True,-208336512,27,10417792,60233375,72024959,77025875,1839250000.0,29029000,0,1.0,2.332568918295674,4761482851,2041304252,37191680,
5,pulley,vtable_poly4,True,-126115384,28,12391792,50403834,70554166,79364834,1782880000.0,49959000,0,1.0,2.342419200542969,5103167666,2178588557,37191680,
5,pulley,vtable_poly6,True,579248763,25,12132958,48531875,73615416,81151792,1656847000.0,38409000,0,1.0,2.363699692258389,4987367950,2109983754,37191680,
5,pulley,graphql_as,True,5,172,171831917,5133916,11592458,15559375,1834436000.0,34664000,0,1.0,2.5853075369485197,5934639061,2295525378,37191680,
5,pulley,tailcall_fsm,True,-1841735369,743,2970458,2524500,5741542,8346167,3832134000.0,81259000,0,1.0,2.3905186760928463,11874232446,4967220112,37191680,
5,pulley,eh_parser_exnref,True,830008030,109,4094209,9193042,17910792,25472208,1855388000.0,34560000,0,1.0,2.4296269566457362,6233201735,2565497439,37191680,
5,pulley,eh_parser_legacy,False,,,,,,,,,,,,,,,Module::from_binary failed — invalid wasm or unsupported feature?: failed to compile: wasm[0]::function[6]: WebAssembly translation error: Unsupported feature: operator Try { blockty: Empty }
5,pulley,gc_trees,True,-81253392,12,2487833,125233833,142024916,164659042,1590482000.0,38581000,0,1.0,3.0292094897895403,6389086815,2109159778,37191680,
5,pulley,callref_dispatch,True,-750120562,59,2840875,23481542,35205917,46666708,1844965000.0,35647000,0,1.0,1.8952144133881297,4244544704,2239611874,37191680,
5,pulley,callref_dispatch.indirect,True,-750120562,63,4212875,25538250,33415875,43530708,1900200000.0,37829000,0,1.0,1.9652698582848933,4344431305,2210602929,37191680,
5,pulley,relaxed_dot,True,-551922832,237,7078833,3097166,8160292,10544041,1648824000.0,32020000,0,1.0,3.4777143601077456,6741589013,1938511423,37191680,
5,pulley,relaxed_madd,True,-1435646925,4654,8179125,162208,413666,1179250,1671129000.0,38502000,0,1.0,3.104369914217986,6258370275,2015987285,37191680,
5,pulley,mem64_chase,True,433527714,20,1900417,80252333,99616708,180469958,1776234000.0,37960000,0,1.0,0.618338804731691,1422321509,2300230065,91258880,
5,pulley,mem64_chase.mem32,True,433527714,25,1760625,66433541,86761042,102014667,2007093000.0,36527000,0,1.0,0.5092930857062384,1186560864,2329819307,91258880,
5,pulley,multimem_transform,True,902712413,253,2449291,3459625,8698084,11354542,1925737000.0,32406000,0,1.0,3.6136973759157978,8144805673,2253870434,91258880,
5,pulley,multimem_transform.single,True,902712413,161,2126584,4915459,12046625,14491541,1666418000.0,28711000,0,1.0,3.454761219536411,6933273881,2006874988,91258880,
5,pulley,extconst_init,True,-1152068691,16384,880365625,56167,144417,337125,2026152000.0,259751000,0,1.0,2.9537653003000286,7788655843,2636856707,91258880,
5,pulley,extconst_init.mvp,True,-1152068691,16384,75184375,34791,89208,228625,1162673000.0,366482000,26167,1.0,2.6599661145824522,4570169743,1718130813,91258880,
5,pulley,graphql_porf,True,0,135,321308417,5884375,13477708,17758333,1407801000.0,307996000,109792,0.9999,2.0580462170222367,4205386826,2043387943,91258880,
5,pulley,sqlite3,True,0,1,2767389417,51401441000,51401441000,51401441000,47549151000.0,977457000,0,1.0,2.5186643714279087,151202791995,60032926066,106119168,
5,wamr,fib,True,832040,31,1872125,62348625,136292166,153100791,3467075000.0,77139000,0,1.0,3.2998305584928684,16019827929,4854742583,11829248,
5,wamr,fib_tail,True,873876091,4136,1532333,388167,997208,1508833,3542167000.0,68890000,0,1.0,2.2310285183777694,9542998328,4277398630,11976704,
5,wamr,factorial,True,-2102132736,16384,1817292,208,292,500,5770000.0,326000,0,1.0,3.4890901735685036,41408100,11867879,12091392,
5,wamr,sieve,True,1229,3132,970708,257792,659584,1021250,1631347000.0,39388000,0,1.0,3.3869277430941365,7338884767,2166826494,12156928,
5,wamr,crc32,True,-1910355869,412,1851708,1958875,4828875,5819417,1706700000.0,38008000,0,1.0,2.6066420316233065,5514864656,2115696973,12255232,
5,wamr,matmul_simd,True,48907,572,1931000,1315166,3350542,4661250,1559302000.0,32391000,0,1.0,3.7554391761617802,7504688138,1998351667,12255232,
5,wamr,matmul_fma,True,48907,1928,1538417,982292,2510375,3513042,4002388000.0,86582000,0,1.0,3.7687344871910904,19006139120,5043109082,12304384,
5,wamr,convolution,True,8190685,418,1791000,2056667,2709333,6296750,1290108000.0,30102000,0,1.0,3.3175209696118726,7561679124,2279316150,12402688,
5,wamr,audio_dsp,True,761667740,2,1407125,754318041,947583208,947583208,1540676000.0,37816000,0,1.0,2.2009890277446704,5342544243,2427337972,12402688,
5,wamr,bulk_memory,True,8698902,202,1214541,5897875,11664750,15003667,2153676000.0,49447000,0,1.0,2.6961907793935422,7513950941,2786876581,12468224,
5,wamr,call_indirect,True,-9175573,84,2310000,10103375,22960333,25848750,1741485000.0,29462000,0,1.0,2.5619252202869274,5395864078,2106175479,12468224,
5,wamr,factorial.scalar,True,-2102132736,16384,1908167,541,584,667,11251000.0,501000,0,1.0,3.0625526168740262,36523488,11925832,12468224,
5,wamr,sieve.scalar,True,1229,2847,2353250,275292,710791,1059334,1629930000.0,28685000,0,1.0,2.585183844101365,5427440125,2099440679,12500992,
5,wamr,crc32.scalar,True,-1910355869,383,1951584,1959750,5005333,6312542,1635067000.0,28993000,0,1.0,2.600233529473247,5140601911,1976977011,12566528,
5,wamr,convolution.scalar,True,8190685,141,2050291,6018584,14024833,18350084,1747407000.0,33525000,0,1.0,2.1859601071459247,4894762811,2239182131,12615680,
5,wamr,bulk_memory.scalar,True,8698902,159,2070292,5712833,12854542,17525750,1857858000.0,32014000,0,1.0,2.5835267334239895,6001517098,2322993999,12664832,
5,wamr,xmrsplayer,True,-590191860,137,10583417,6403083,13585084,18643916,1647964000.0,29547000,0,1.0,3.0064282108039824,6641440468,2209080012,28901376,
5,wamr,vtable_mono,True,-318559695,63,1597958,20220208,30350416,37848000,1776087000.0,29881000,0,1.0,3.275440107149577,7735278096,2361599615,28901376,
5,wamr,vtable_bi,True,-208336512,45,1937125,27324250,38589833,48711209,1629944000.0,28071000,0,1.0,3.1212906319333045,6166177494,1975521738,28901376,
5,wamr,vtable_poly4,True,-126115384,66,2082792,23826208,45293041,50335917,2707307000.0,44137000,0,1.0,2.899817533254188,9294493351,3205199377,28901376,
5,wamr,vtable_poly6,True,579248763,44,1851417,34074875,47989625,57079292,1928021000.0,32722000,0,1.0,2.758241995487574,6385152666,2314935628,28901376,
5,wamr,graphql_as,True,5,312,6502292,3218125,9308625,13036666,2734167000.0,45669000,0,1.0,2.56639286232404,8476290630,3302803228,28901376,
5,wamr,tailcall_fsm,True,-1841735369,265,2336042,4802500,11328709,16021542,2718243000.0,48002000,0,1.0,3.6424939730429813,11743314792,3223976451,28901376,
5,wamr,eh_parser_exnref,False,,,,,,,,,,,,,,,wasm_runtime_load failed: WASM module load failed: unsupported opcode 1f
5,wamr,eh_parser_legacy,True,830008030,140,2078334,6673916,15600000,18658125,1947170000.0,31164000,0,1.0,3.0073481496618735,7188217848,2390218056,28901376,
5,wamr,gc_trees,False,,,,,,,,,,,,,,,wasm_runtime_load failed: WASM module load failed: invalid type flag
5,wamr,callref_dispatch,False,,,,,,,,,,,,,,,wasm_runtime_load failed: WASM module load failed: incompatible import type
5,wamr,callref_dispatch.indirect,True,-750120562,85,49875,11968041,23807916,31444916,1835731000.0,30615000,0,1.0,2.5499267869116156,5465581561,2143426858,28901376,
5,wamr,relaxed_dot,True,-551922832,687,1733667,1119000,2878958,3737625,1683396000.0,31120000,0,1.0,3.078878037882612,6274087055,2037783562,28901376,
5,wamr,relaxed_madd,True,-1435646925,3893,1908208,191708,491125,832000,1678420000.0,29446000,0,1.0,3.5296026956858104,7015371912,1987581186,28901376,
5,wamr,mem64_chase,False,,,,,,,,,,,,,,,wasm_runtime_load failed: WASM module load failed: invalid limits flags
5,wamr,mem64_chase.mem32,True,433527714,23,1630250,59255667,75916291,90902834,1594900000.0,28853000,0,1.0,0.3429304384014693,652258321,1902013493,81526784,
5,wamr,multimem_transform,False,,,,,,,,,,,,,,,wasm_runtime_load failed: WASM module load failed: multiple memories
5,wamr,multimem_transform.single,True,902712413,647,1922583,1944542,4998917,6378584,2778732000.0,49458000,0,1.0,2.882585936038159,9556276401,3315174851,81526784,
5,wamr,extconst_init,True,-1152068691,3924,6462042,253125,651916,1086084,2264967000.0,113999000,0,1.0,3.0961861850351196,8394644941,2711285575,81526784,
5,wamr,extconst_init.mvp,True,-1152068691,16384,1742333,45916,118084,285333,1601734000.0,227005000,66583,1.0,3.2526259785173566,7002427170,2152853484,81526784,
5,wamr,graphql_porf,True,0,155,10769167,4916041,11531792,13273000,1243335000.0,461674000,144833,0.9999,2.627626197668928,5310508723,2021028991,81526784,
5,wamr,sqlite3,False,,,,,,,,,,,,,,,N/A — the harness only has a WASI preview-1 + bench.* import shim for Pulley
5,wasm3,fib,True,832040,21,118584,75918625,84710333,106164958,1694419000.0,46209000,0,1.0,3.2497203239101573,7749220875,2384580857,4521984,
5,wasm3,fib_tail,True,873876091,3097,60708,251333,639250,1187875,1534253000.0,33287000,0,1.0,2.338125114713602,4842715827,2071196189,4653056,
5,wasm3,factorial,False,,,,,,,,,,,,,,,wasm3 m3_FindFunction(factorial) failed: compiling function underran the stack
5,wasm3,sieve,False,,,,,,,,,,,,,,,wasm3 m3_FindFunction(sieve) failed: incorrect type on stack
5,wasm3,crc32,False,,,,,,,,,,,,,,,wasm3 m3_FindFunction(crc32) failed: compiling function underran the stack
5,wasm3,matmul_simd,False,,,,,,,,,,,,,,,wasm3 m3_FindFunction(matmul) failed: unknown type
5,wasm3,matmul_fma,False,,,,,,,,,,,,,,,wasm3 m3_FindFunction(matmul_fma) failed: unknown type
5,wasm3,convolution,False,,,,,,,,,,,,,,,wasm3 m3_FindFunction(convolve) failed: incorrect type on stack
5,wasm3,audio_dsp,True,761667740,3,193834,516626458,548040584,567640667,1486592000.0,32439000,0,1.0,2.969462860345664,6009969208,2023924693,4980736,
5,wasm3,bulk_memory,False,,,,,,,,,,,,,,,wasm3 m3_FindFunction(bulk_memory) failed: unknown label
5,wasm3,call_indirect,True,-9175573,108,113250,6426541,12705709,17108416,1262843000.0,24444000,0,1.0,2.805974933695418,4793433533,1708295208,5062656,
5,wasm3,factorial.scalar,True,-2102132736,16384,138500,250,333,416,6914000.0,178000,0,1.0,3.529167916503387,25342736,7180938,5095424,
5,wasm3,sieve.scalar,True,1229,6098,161500,128625,248584,573833,1452284000.0,27545000,0,1.0,3.992260144238614,8322253468,2084596987,5111808,
5,wasm3,crc32.scalar,True,-1910355869,1209,83000,1105791,2285250,4021500,2512216000.0,50979000,0,1.0,3.4134027657415085,12235860027,3584651700,5128192,
5,wasm3,convolution.scalar,True,8190685,495,101333,3034542,6526250,9716292,2924830000.0,58921000,0,1.0,3.5338978215546284,14040690835,3973145672,5128192,
5,wasm3,bulk_memory.scalar,True,8698902,463,157833,3327375,7043500,10040167,2943302000.0,60351000,0,1.0,3.1742643956116012,12907267722,4066223261,5144576,
5,wasm3,xmrsplayer,True,-870301341,251,802917,3605500,7541500,10147834,1714168000.0,31001000,0,1.0,2.819935615613881,6703072549,2377030352,23298048,
5,wasm3,vtable_mono,True,-318559695,78,155875,13262208,21050875,26544959,1489183000.0,26942000,0,1.0,3.5689169431374763,7293804454,2043702493,23314432,
5,wasm3,vtable_bi,True,-208336512,84,127375,13292291,24808417,31019875,1888185000.0,36537000,0,1.0,3.4803317370850313,8635083788,2481109400,23330816,
5,wasm3,vtable_poly4,True,-126115384,60,157458,14466792,26247709,31532417,1384260000.0,29138000,0,1.0,3.494239559045309,6323677284,1809743487,23347200,
5,wasm3,vtable_poly6,True,579248763,75,150458,18020125,27277542,36732125,1860526000.0,42404000,0,1.0,3.1501744719835143,8210300076,2606300111,23347200,
5,wasm3,graphql_as,True,5,267,1885292,2640667,5862667,8957000,1456430000.0,33868000,0,1.0,2.5615461989419748,5248322498,2048888480,23592960,
5,wasm3,tailcall_fsm,True,-1841735369,478,66833,2291000,4793625,7215167,2103563000.0,42533000,0,1.0,2.9396378974829136,8414228212,2862334922,23609344,
5,wasm3,eh_parser_exnref,False,,,,,,,,,,,,,,,wasm3 m3_ParseModule failed: out of order Wasm section
5,wasm3,eh_parser_legacy,False,,,,,,,,,,,,,,,wasm3 m3_ParseModule failed: out of order Wasm section
5,wasm3,gc_trees,False,,,,,,,,,,,,,,,wasm3 m3_ParseModule failed: malformed Wasm binary
5,wasm3,callref_dispatch,False,,,,,,,,,,,,,,,wasm3 m3_ParseModule failed: unknown value_type
5,wasm3,callref_dispatch.indirect,True,-750120562,224,30542,6337667,13000834,62329250,2484884000.0,56986000,0,1.0,2.890375042178066,10765033434,3724441734,23822336,
5,wasm3,relaxed_dot,False,,,,,,,,,,,,,,,wasm3 m3_FindFunction(relaxed_dot) failed: unknown type
5,wasm3,relaxed_madd,False,,,,,,,,,,,,,,,wasm3 m3_FindFunction(relaxed_madd) failed: unknown type
5,wasm3,mem64_chase,False,,,,,,,,,,,,,,,wasm3 m3_ParseModule failed: malformed Wasm binary
5,wasm3,mem64_chase.mem32,True,433527714,25,10646917,45611792,61761125,91217792,1464282000.0,30496000,0,1.0,0.2941121502340028,660787504,2246719503,74792960,
5,wasm3,multimem_transform,False,,,,,,,,,,,,,,,wasm3 m3_ParseModule failed: only one memory per module is supported
5,wasm3,multimem_transform.single,True,902712413,1491,55875,1214667,2472000,3964583,3380451000.0,64138000,0,1.0,3.764246827436685,18054949245,4796430753,74825728,
5,wasm3,extconst_init,True,-1152068691,140,134667,6977167,13620667,19789292,1764138000.0,40380000,0,1.0,3.2825966241783084,8197107050,2497141132,75579392,
5,wasm3,extconst_init.mvp,True,-1152068691,254,36666,3570167,7658708,10700958,1729337000.0,48688000,0,1.0,2.9925878455674098,6989354981,2335555493,75644928,
5,wasm3,graphql_porf,False,,,,,,,,,,,,,,,wasm3 m3_ParseModule failed: out of order Wasm section
5,wasm3,sqlite3,False,,,,,,,,,,,,,,,N/A — the harness only has a WASI preview-1 + bench.* import shim for Pulley
5,wasmedge,fib,True,832040,3,366709,540920250,541603541,589118791,1538230000.0,30241000,0,1.0,3.650920356791101,8305127994,2274803935,4620288,
5,wasmedge,fib_tail,True,873876091,264,534500,2599708,5461083,9150792,1308272000.0,32107000,0,1.0,3.4768018182215497,6419216047,1846299094,4849664,
5,wasmedge,factorial,True,-2102132736,16384,366625,3000,7750,19500,73921000.0,29725000,0,1.0,3.347531619118606,458132318,136856756,5144576,
5,wasmedge,sieve,True,1229,424,628791,1834209,3939000,6152417,1483058000.0,36765000,0,1.0,3.6711365020247766,7578623195,2064380660,5308416,
5,wasmedge,crc32,True,-1910355869,57,191292,20598875,31311708,43143959,1622301000.0,34791000,0,1.0,3.4179657658259806,7537113147,2205145886,5423104,
5,wasmedge,matmul_simd,True,48907,95,553875,10238791,18532167,25342500,1639999000.0,39083000,0,1.0,3.6454838556726434,8371999822,2296540090,5488640,
5,wasmedge,matmul_fma,True,48907,118,552417,6955958,14498083,18964875,1584332000.0,29711000,0,1.0,3.5871572157243143,7578928052,2112795062,5505024,
5,wasmedge,convolution,True,8190685,65,559292,17244958,26356709,33983292,1566381000.0,33701000,0,1.0,3.4826960348992957,7481592766,2148218705,5652480,
5,wasmedge,audio_dsp,True,761667740,1,604583,5481761209,5481761209,5481761209,4971869000.0,167360000,0,1.0,3.52653023278842,25514519579,7235020798,5652480,
5,wasmedge,bulk_memory,True,8698902,33,775500,59734084,74798542,87912458,2234900000.0,64262000,0,1.0,3.661386764903381,10796844546,2948840218,5865472,
5,wasmedge,call_indirect,True,-9175573,24,292833,80464125,95300208,115375917,2065120000.0,54584000,0,1.0,3.318944891809655,9214772640,2776416283,5865472,
5,wasmedge,factorial.scalar,True,-2102132736,16384,441250,3416,8917,38833,98242000.0,34236000,0,1.0,3.376667268560681,535069731,158460899,5865472,
5,wasmedge,sieve.scalar,True,1229,388,629792,2014917,4770458,7962750,1597131000.0,45350000,0,1.0,3.5941222981167154,7241997876,2014955885,5865472,
5,wasmedge,crc32.scalar,True,-1910355869,58,525625,19801541,32638709,41365958,1672668000.0,46209000,0,1.0,3.4103409159593085,7744456236,2270874504,5898240,
5,wasmedge,convolution.scalar,True,8190685,28,285042,52471250,71096500,91314708,1746849000.0,46531000,0,1.0,3.466647568828704,7692121421,2218893403,5963776,
5,wasmedge,bulk_memory.scalar,True,8698902,26,626125,60805250,77069750,87113250,1780974000.0,51859000,0,1.0,3.6588401162062585,8946703444,2445229406,6029312,
5,wasmedge,xmrsplayer,True,1101642729,22,14430334,49039625,82175041,95353708,1593585000.0,34110000,0,1.0,3.4463878730578985,7475455889,2169069810,25116672,
5,wasmedge,vtable_mono,True,-318559695,13,803041,127877125,141677792,156013542,1698606000.0,42791000,0,1.0,3.2355573641295203,7002687049,2164290804,25116672,
5,wasmedge,vtable_bi,True,-208336512,12,676291,162501625,186480458,198048667,1974861000.0,48159000,0,1.0,3.4835744335110754,8965569166,2573669470,25116672,
5,wasmedge,vtable_poly4,True,-126115384,12,299250,168849250,182137375,196124791,1899224000.0,45480000,0,1.0,3.3091248586970567,9218399284,2785751423,25116672,
5,wasmedge,vtable_poly6,True,579248763,12,942167,190649125,210075833,224182042,2305855000.0,47885000,0,1.0,3.321830081381932,9921333313,2986707047,25116672,
5,wasmedge,graphql_as,True,5,36,11857542,37049958,52391000,68961333,1705448000.0,37573000,0,1.0,3.301832891142526,7696411145,2330951141,25116672,
5,wasmedge,tailcall_fsm,True,-1841735369,69,637958,17233541,35149125,44670167,2098411000.0,47851000,0,1.0,3.744358002276542,11562179336,3087893660,25116672,
5,wasmedge,eh_parser_exnref,True,830008030,33,741292,38939750,57609167,75030542,1767084000.0,35043000,0,1.0,3.4386754768369703,8001596060,2326941322,25116672,
5,wasmedge,eh_parser_legacy,False,,,,,,,,,,,,,,,"WasmEdge VMLoadWasmFromBytes: illegal opcode
loading failed: illegal opcode, Code: 0x117
    Bytecode offset: 0x00000171
    At AST node: instruction
    At AST node: expression
    At AST node: code segment
    At AST node: code section
    At AST node: module"
5,wasmedge,gc_trees,True,-81253392,10,180625,154743875,187542250,204395625,1616387000.0,72954000,16042,1.0,3.4110227441793617,7636069400,2238645114,189480960,
5,wasmedge,callref_dispatch,True,-750120562,17,1034958,81568875,95781250,115200125,1496679000.0,33757000,0,1.0,3.4715714148604597,7104336257,2046432410,189480960,
5,wasmedge,callref_dispatch.indirect,True,-750120562,16,340500,78504125,92690625,100300542,1360378000.0,28634000,0,1.0,3.416117429629549,6487279769,1899021302,189480960,
5,wasmedge,relaxed_dot,True,-551922832,236,319375,3270291,6877250,10418166,1430700000.0,34909000,0,1.0,3.5520891735714297,6863367147,1932205756,189480960,
5,wasmedge,relaxed_madd,True,-1435646925,570,658167,1368375,2775000,4989667,1441918000.0,37935000,0,1.0,3.468326943191183,7245789845,2089131147,189480960,
5,wasmedge,mem64_chase,True,433527714,14,14793958,126478750,160190541,182310792,2020333000.0,43258000,0,1.0,1.8796459753723371,5087423371,2706585941,244170752,
5,wasmedge,mem64_chase.mem32,True,433527714,12,803292,111469958,143903167,174049042,1533868000.0,37425000,0,1.0,1.7270626384414918,3840949069,2223977859,311279616,
5,wasmedge,multimem_transform,True,902712413,74,290833,24923666,38774916,53768125,2647995000.0,59366000,0,1.0,3.6240573286518822,13326037776,3677104573,311279616,
5,wasmedge,multimem_transform.single,True,902712413,53,330000,24526791,36678250,50318209,1874684000.0,39652000,0,1.0,3.6313060868347677,9541950181,2627690961,311279616,
5,wasmedge,extconst_init,True,-1152068691,139,13515792,5796959,11470042,17794167,809545000.0,661103000,1149750,0.9992,3.037078663195535,6335631182,2086093870,311279616,
5,wasmedge,extconst_init.mvp,True,-1152068691,147,4168500,5472916,11176375,16266458,796244000.0,736185000,20834,1.0,3.1094465274807677,6330903192,2036022532,311279616,
5,wasmedge,graphql_porf,True,0,45,5069041,31108917,40051250,48956584,1564280000.0,172062000,23333,1.0,3.1418320270984537,7372375449,2346521197,311279616,
5,wasmedge,sqlite3,False,,,,,,,,,,,,,,,N/A — the harness only has a WASI preview-1 + bench.* import shim for Pulley
5,zwasm,fib,True,832040,3,304917,595449917,596457250,661087416,1727373000.0,58449000,0,1.0,3.6381269087581383,9923548039,2727653072,5357568,
5,zwasm,fib_tail,True,873876091,357,162709,2115250,3580500,6168250,1289254000.0,26867000,0,1.0,4.5408979099479145,9120372564,2008495400,5488640,
5,zwasm,factorial,False,,,,,,,,,,,,,,,init warmup failed: `factorial(20)` trapped: trap: unreachable
5,zwasm,sieve,False,,,,,,,,,,,,,,,init warmup failed: `sieve(10000)` trapped: trap: unreachable
5,zwasm,crc32,False,,,,,,,,,,,,,,,init warmup failed: `crc32(12648430)` trapped: trap: unreachable
5,zwasm,matmul_simd,False,,,,,,,,,,,,,,,init warmup failed: `matmul(48879)` trapped: trap: unreachable
5,zwasm,matmul_fma,False,,,,,,,,,,,,,,,init warmup failed: `matmul_fma(48879)` trapped: trap: unreachable
5,zwasm,convolution,False,,,,,,,,,,,,,,,init warmup failed: `convolve(51966)` trapped: trap: unreachable
5,zwasm,audio_dsp,True,761667740,1,156541,4220552375,4220552375,4220552375,3921771000.0,119704000,0,1.0,4.515690555083455,28490455681,6309213471,6094848,
5,zwasm,bulk_memory,False,,,,,,,,,,,,,,,init warmup failed: `bulk_memory(45260)` trapped: trap: unreachable
5,zwasm,call_indirect,True,-9175573,30,343208,49122792,77009458,106940542,2152620000.0,52190000,0,1.0,3.3701471883860012,12398728412,3678987213,6176768,
5,zwasm,factorial.scalar,True,-2102132736,16384,293125,1625,4250,12042,55662000.0,2834000,0,1.0,4.1566952286142556,319611476,76890765,6275072,
5,zwasm,sieve.scalar,True,1229,1062,201041,1678667,2786708,4937167,2835506000.0,81062000,0,1.0,4.5993319153519465,21943823868,4771089426,6324224,
5,zwasm,crc32.scalar,True,-1910355869,80,156625,12318667,20292792,31271250,1508859000.0,42074000,0,1.0,4.502744499025111,11445459678,2541885217,6389760,
5,zwasm,convolution.scalar,True,8190685,37,314959,30671750,46567833,68573875,1632060000.0,42795000,0,1.0,4.616397388279179,12383432430,2682488397,6455296,
5,zwasm,bulk_memory.scalar,True,8698902,36,259708,36886375,56515333,81424708,1976877000.0,60700000,0,1.0,4.523075701746558,13928034143,3079328108,6504448,
5,zwasm,xmrsplayer,True,561877875,38,2593208,35052250,61111458,89255708,2079615000.0,58337000,0,1.0,3.9937984002916544,13641008541,3415547600,24641536,
5,zwasm,vtable_mono,True,-318559695,12,395084,111433625,133914708,175092083,1529299000.0,41751000,0,1.0,3.1287305123881235,7768119441,2482834303,24641536,
5,zwasm,vtable_bi,True,-208336512,11,437584,129110875,154637417,195880792,1591692000.0,47462000,0,1.0,3.466565935061636,9263357665,2672200050,24641536,
5,zwasm,vtable_poly4,True,-126115384,11,340458,136857375,163462791,226377708,1718394000.0,37795000,0,1.0,3.378745912628447,9564405018,2830755927,24641536,
5,zwasm,vtable_poly6,True,579248763,10,192792,146361833,171325458,203256291,1610927000.0,42840000,0,1.0,3.3561946565616627,9369683329,2791758014,24641536,
5,zwasm,graphql_as,True,5,78,2630084,20658750,39643833,61083750,2899442000.0,82071000,0,1.0,3.7149257423917375,17011337444,4579186402,24641536,
5,zwasm,tailcall_fsm,True,-1841735369,38,276666,22225709,35360833,53871250,1181469000.0,50430000,67792,0.9999,3.463258459816806,7464927880,2155463696,133185536,
5,zwasm,eh_parser_exnref,True,830008030,36,175333,35653792,59303042,89276375,2002137000.0,52769000,6250,1.0,3.026181658930474,9769121208,3228200521,133775360,
5,zwasm,eh_parser_legacy,False,,,,,,,,,,,,,,,wasm_module_new failed (invalid wasm or unsupported feature)
5,zwasm,gc_trees,False,,,,,,,,,,,,,,,N/A — not run: zwasm v2.7.0 never reclaims GC structs and grows its GC heap far faster than the allocation rate (124 MB for 31K 24-byte structs); the process segfaults at ~2.3 GB
5,zwasm,callref_dispatch,True,-750120562,25,121334,52788667,87573125,108222333,2059611000.0,57431000,0,1.0,3.5191588406376826,11370000664,3230885896,133857280,
5,zwasm,callref_dispatch.indirect,True,-750120562,26,130959,52837833,82626083,113919541,1996721000.0,58917000,0,1.0,3.479355563143911,11508775245,3307731859,133873664,
5,zwasm,relaxed_dot,False,,,,,,,,,,,,,,,init warmup failed: `relaxed_dot(7)` trapped: trap: unreachable
5,zwasm,relaxed_madd,False,,,,,,,,,,,,,,,init warmup failed: `relaxed_madd(7)` trapped: trap: unreachable
5,zwasm,mem64_chase,True,433527714,24,12965125,67150291,84672833,100206792,1877188000.0,48653000,0,1.0,2.612782738786914,8065510401,3086942623,201097216,
5,zwasm,mem64_chase.mem32,True,433527714,24,271916,66815542,80903000,92063250,1810675000.0,47586000,0,1.0,2.7455453836700086,8058440616,2935096489,268206080,
5,zwasm,multimem_transform,True,902712413,56,724625,14709666,22870750,36098667,1215510000.0,31106000,0,1.0,4.709107679607286,10177736035,2161287600,268206080,
5,zwasm,multimem_transform.single,True,902712413,93,161833,15130458,28382041,40590292,2389196000.0,66514000,0,1.0,4.710777347791894,16916559983,3591033652,268206080,
5,zwasm,extconst_init,True,-1152068691,752,2089875,984625,2176084,4022166,1192905000.0,304479000,1024166,0.9993,3.0659789613381,6505139595,2121716971,1372815360,
5,zwasm,extconst_init.mvp,True,-1152068691,2145,1409625,440959,1114500,2389375,1559673000.0,608601000,2381292,0.9989,3.10561779277663,9646089461,3106013072,3841638400,
5,zwasm,graphql_porf,True,0,45,4022667,20059417,40505333,55602250,1461076000.0,152512000,474792,0.9997,3.2404346596911666,7549409988,2329752265,4170170368,
5,zwasm,sqlite3,False,,,,,,,,,,,,,,,N/A — the harness only has a WASI preview-1 + bench.* import shim for Pulley
5,wasmz,fib,True,832040,24,564292,81228959,100605084,115665291,2183333000.0,59818000,0,1.0,2.770392984247739,8081244649,2917003001,5668864,
5,wasmz,fib_tail,True,873876091,3733,413583,268541,685917,1205292,1991255000.0,95580000,0,1.0,2.471415212326447,6710319493,2715172853,5947392,
5,wasmz,factorial,True,-2102132736,16384,538291,3084,8500,24542,28465000.0,112104000,0,1.0,2.1408861138552564,337193834,157501995,5980160,
5,wasmz,sieve,False,,,,,,,,,,,,,,,N/A — not run: wasmz v0.1.4 segfaults on this module's v128 ops (the scalar build runs)
5,wasmz,crc32,False,,,,,,,,,,,,,,,N/A — not run: wasmz v0.1.4 segfaults on this module's v128 ops (the scalar build runs)
5,wasmz,matmul_simd,True,48907,313,595542,2337125,5414875,6971125,1493961000.0,43158000,0,1.0,3.493666178131374,6759230060,1934709762,6209536,
5,wasmz,matmul_fma,True,48907,494,580083,1575333,3519583,5292709,1527507000.0,41600000,14958,1.0,4.036717030037758,8348110779,2068044581,6275072,
5,wasmz,convolution,True,8190685,248,553542,4260125,9190333,13112625,2043507000.0,48126000,0,1.0,3.8043288360416923,10048719104,2641390778,6324224,
5,wasmz,audio_dsp,True,761667740,1,573625,940202292,940202292,940202292,869768000.0,13102000,0,1.0,3.013286689064649,3776704972,1253350697,6438912,
5,wasmz,bulk_memory,True,8698902,171,424042,4594083,10530417,13414958,1597627000.0,31707000,0,1.0,3.3567943027200635,6612569043,1969905942,6651904,
5,wasmz,call_indirect,True,-9175573,59,1234084,16092875,28364291,35150958,1493173000.0,39011000,10667,1.0,2.662513918812402,5328731706,2001391117,7176192,
5,wasmz,factorial.scalar,True,-2102132736,16384,381833,3292,8500,24042,27070000.0,114261000,0,1.0,2.128497944998752,330661696,155349784,7176192,
5,wasmz,sieve.scalar,True,1229,2972,689708,262000,673209,1474541,1642880000.0,63141000,24625,1.0,3.154599628296046,6596137399,2090958656,7176192,
5,wasmz,crc32.scalar,True,-1910355869,377,338542,2197042,4474708,7825833,1536493000.0,44638000,0,1.0,3.3313283283328614,7271065904,2182632628,7176192,
5,wasmz,convolution.scalar,True,8190685,157,591791,5954083,12012458,20341416,1667229000.0,40772000,30875,1.0,3.428890574676891,8359666784,2438009205,7176192,
5,wasmz,bulk_memory.scalar,True,8698902,183,973042,4375291,8902166,15240792,1448825000.0,32499000,0,1.0,3.2573085954147767,6554393261,2012211330,7176192,
5,wasmz,xmrsplayer,True,1550454532,148,2186292,5334084,11610375,14116917,1557110000.0,30095000,0,1.0,2.846567311931634,5597703190,1966474907,26247168,
5,wasmz,vtable_mono,True,-318559695,51,1379208,25413875,41051333,54340666,1878947000.0,32594000,0,1.0,3.30690551849167,8130955039,2458780571,26247168,
5,wasmz,vtable_bi,True,-208336512,40,1547958,34149291,48766167,56347416,1772624000.0,35137000,0,1.0,3.0766054362307687,6880077551,2236256060,26247168,
5,wasmz,vtable_poly4,True,-126115384,37,1545167,35554542,52152791,57394750,1733134000.0,30985000,0,1.0,3.1120184461171045,6652264815,2137604558,26247168,
5,wasmz,vtable_poly6,True,579248763,40,1573000,43157291,56967833,66330750,2070666000.0,40227000,0,1.0,2.945151917839578,7381743634,2506405048,26247168,
5,wasmz,graphql_as,False,,,,,,,,,,,,,,,wasmz init-warmup failed: wasmz_instance_call trap: trap: wasm `unreachable` instruction executed
5,wasmz,tailcall_fsm,True,-1841735369,725,511041,2292709,5765792,7501334,3581873000.0,86644000,0,1.0,2.4905047567108727,10632947186,4269394450,26247168,
5,wasmz,eh_parser_exnref,True,830008030,168,460666,8024583,15178125,22544833,2226542000.0,51392000,0,1.0,2.691361880386846,7102860667,2639132522,26247168,
5,wasmz,eh_parser_legacy,True,830008030,165,596000,7213750,14303750,40467667,2061334000.0,51214000,0,1.0,2.689425850179788,7165169329,2664200364,26247168,
5,wasmz,gc_trees,True,-81253392,35,133750,30469458,43024375,105711125,1294334000.0,107438000,646125,0.9995,2.896834619987701,5873892660,2027693476,182173696,
5,wasmz,callref_dispatch,False,,,,,,,,,,,,,,,wasmz init-warmup failed: wasmz_instance_call trap: trap: null reference dereference
5,wasmz,callref_dispatch.indirect,True,-750120562,68,333166,15473250,27176167,31105292,1661869000.0,38541000,7375,1.0,2.6776896934079426,5673479920,2118796638,182173696,
5,wasmz,relaxed_dot,True,-551922832,728,734667,1425833,3515250,4846625,2142765000.0,71769000,60083,1.0,4.017710959517295,11106286032,2764331766,182173696,
5,wasmz,relaxed_madd,True,-1435646925,1663,675042,352292,899416,1417209,1115923000.0,64935000,155625,0.9999,3.1436248916705263,5049568144,1606288383,182173696,
5,wasmz,mem64_chase,True,433527714,26,12929166,36958875,57601250,145203541,1387454000.0,35806000,0,1.0,0.43045881335194025,820446459,1905981324,182173696,
5,wasmz,mem64_chase.mem32,True,433527714,37,9209834,43516000,72903875,263996334,2395992000.0,58630000,0,1.0,0.4053716938048071,1189197424,2933597590,182173696,
5,wasmz,multimem_transform,False,,,,,,,,,,,,,,,wasmz_module_new failed: module compilation failed: MultipleMemories
5,wasmz,multimem_transform.single,True,902712413,537,497708,2215209,5558084,8567500,2490928000.0,57206000,0,1.0,3.125878360366867,9736927219,3114941177,182173696,
5,wasmz,extconst_init,False,,,,,,,,,,,,,,,"wrong result: got -1669113347, expected -1152068691 (cross-runtime consensus)"
5,wasmz,extconst_init.mvp,False,,,,,,,,,,,,,,,"wrong result: got 1844351884, expected -1152068691 (cross-runtime consensus)"
5,wasmz,graphql_porf,False,,,,,,,,,,,,,,,init warmup failed: wasmz m() trap: multi-value results are not supported by the C API (results_len = 2)
5,wasmz,sqlite3,False,,,,,,,,,,,,,,,N/A — the harness only has a WASI preview-1 + bench.* import shim for Pulley
5,tinywasm,fib,True,832040,8,371500,212716708,222885041,240717541,1665396000.0,43947000,0,1.0,3.4301431890873264,7361685415,2146174375,5177344,
5,tinywasm,fib_tail,True,873876091,2169,618666,627167,1587416,2233625,2735982000.0,68903000,0,1.0,4.135816856708986,15170087178,3667978468,5308416,
5,tinywasm,factorial,True,-2102132736,16384,385125,375,1042,1292,16174000.0,460000,0,1.0,3.4021606554317785,67016720,19698282,5619712,
5,tinywasm,sieve,True,1229,1282,286333,612292,1542250,2467750,1526828000.0,31036000,0,1.0,3.690787720927833,7697570559,2085617256,5783552,
5,tinywasm,crc32,True,-1910355869,404,95292,4786083,9953834,13373667,3587568000.0,83599000,0,1.0,3.6623083130744987,18701389495,5106448692,5799936,
5,tinywasm,matmul_simd,True,48907,249,403125,3608500,7570125,10316542,1697788000.0,49881000,0,1.0,3.6711575515115005,8618017414,2347493207,5931008,
5,tinywasm,matmul_fma,True,48907,388,240416,2842125,6101500,9181708,2135756000.0,57678000,0,1.0,3.51347936222868,10163278810,2892653624,6045696,
5,tinywasm,convolution,True,8190685,146,261084,5419916,12063042,17995250,1551185000.0,35129000,0,1.0,3.450356649398531,7185127581,2082430401,6111232,
5,tinywasm,audio_dsp,True,761667740,1,215083,2407485708,2407485708,2407485708,2246032000.0,42743000,0,1.0,3.743828213724173,10233308244,2733380823,6225920,
5,tinywasm,bulk_memory,True,8698902,82,360208,9888792,21839917,26164667,1616145000.0,28091000,0,1.0,3.8655589737367633,7526248436,1947001323,6373376,
5,tinywasm,call_indirect,True,-9175573,39,329625,32566000,49735416,67871959,1692435000.0,50165000,0,1.0,2.776465741144113,5863297167,2111784446,6520832,
5,tinywasm,factorial.scalar,True,-2102132736,16384,194167,250,750,958,11398000.0,359000,0,1.0,3.8225286423119615,55782860,14593183,6537216,
5,tinywasm,sieve.scalar,True,1229,1094,1567208,640208,1458500,2581125,1359144000.0,32956000,0,1.0,3.6880962327019304,6908869875,1873288938,6635520,
5,tinywasm,crc32.scalar,True,-1910355869,172,286709,4873750,10888458,14231625,1689030000.0,40125000,0,1.0,3.6227594523459596,8016078152,2212699534,6668288,
5,tinywasm,convolution.scalar,True,8190685,56,92833,21002125,31267250,35291583,1575768000.0,26009000,0,1.0,3.5286140993903166,6859130787,1943859712,6684672,
5,tinywasm,bulk_memory.scalar,True,8698902,98,285625,15562334,22649292,27074958,2000483000.0,60402000,0,1.0,3.804910713735308,9644135870,2534654975,6733824,
5,tinywasm,xmrsplayer,True,-1771032778,121,7630250,12634292,26505375,32827792,2781770000.0,69059000,0,1.0,3.578970885054878,13515176264,3776274437,24657920,
5,tinywasm,vtable_mono,True,-318559695,26,365167,46124958,71165458,77404458,1663977000.0,40652000,0,1.0,3.1760021611963607,6608928926,2080895601,24674304,
5,tinywasm,vtable_bi,True,-208336512,25,351417,55400416,86506833,94922083,1949352000.0,32635000,0,1.0,3.2662840995504294,7768077918,2378261560,24690688,
5,tinywasm,vtable_poly4,True,-126115384,21,374292,61026459,83479708,179290750,1608845000.0,28983000,0,1.0,3.333314973660754,6878261975,2063489958,24723456,
5,tinywasm,vtable_poly6,True,579248763,22,117084,80416125,96068000,106287625,1941715000.0,42677000,0,1.0,3.1451739857251497,7915242724,2516631118,24723456,
5,tinywasm,graphql_as,True,5,92,4355500,9956333,19674083,27062958,1667880000.0,28445000,0,1.0,3.417984779047053,7481080330,2188740095,25198592,
5,tinywasm,tailcall_fsm,True,-1841735369,162,126333,4546625,9246334,12998542,1377707000.0,24945000,0,1.0,3.670886110289574,6979466932,1901303043,25231360,
5,tinywasm,eh_parser_exnref,True,830008030,76,129542,20475250,29830291,84945875,2082254000.0,37957000,0,1.0,2.837220055130828,7977500678,2811731386,25853952,
5,tinywasm,eh_parser_legacy,False,,,,,,,,,,,,,,,tinywasm::parse_bytes failed: error parsing module: legacy exceptions support is not enabled (at offset 0x171) at offset 369
5,tinywasm,gc_trees,True,-81253392,9,100792,150567583,202997000,218015875,1610530000.0,48096000,0,1.0,2.4431676902084702,5384005282,2203698626,28344320,
5,tinywasm,callref_dispatch,True,-750120562,44,132042,20802584,38688292,50355666,1580038000.0,33865000,0,1.0,2.880836029880937,6305543567,2188789470,28344320,
5,tinywasm,callref_dispatch.indirect,True,-750120562,48,108916,20128166,43166333,55190959,1815749000.0,55067000,0,1.0,2.761103528524196,6597447587,2389424199,28344320,
5,tinywasm,relaxed_dot,True,-551922832,468,278834,2208666,4353583,7517375,1814959000.0,42591000,0,1.0,3.106345748850664,8498220276,2735761233,28344320,
5,tinywasm,relaxed_madd,True,-1435646925,2747,108917,621417,1372959,2295583,3205444000.0,80872000,0,1.0,3.4235738538995393,15629103704,4565142851,28344320,
5,tinywasm,mem64_chase,True,433527714,21,11604917,69138500,90821000,111983458,1780024000.0,37600000,0,1.0,0.9162835145952988,2075153918,2264750904,79314944,
5,tinywasm,mem64_chase.mem32,True,433527714,21,1792750,48340959,93241500,133293042,1590076000.0,34206000,0,1.0,0.8925041095301974,1859312708,2083253946,79314944,
5,tinywasm,multimem_transform,True,902712413,133,138209,6311416,13561000,19542292,1582952000.0,24131000,0,1.0,3.905199103524826,7794454849,1995917402,79314944,
5,tinywasm,multimem_transform.single,True,902712413,159,115458,5872250,11696542,18873875,1655724000.0,33229000,0,1.0,3.9471693973747572,9156461493,2319753872,79314944,
5,tinywasm,extconst_init,True,-1152068691,2522,6838500,337458,861875,1407834,1709000000.0,50008000,0,1.0,3.853436874933507,8971407229,2328157310,80592896,
5,tinywasm,extconst_init.mvp,True,-1152068691,10064,4214042,74167,189042,379500,1576919000.0,34610000,0,1.0,3.7041861556211755,7545352693,2036979886,80740352,
5,tinywasm,graphql_porf,True,0,97,6492250,8344917,18572958,26660000,1330800000.0,296911000,373958,0.9998,2.8718849915987676,6162448380,2145785224,1109901312,
5,tinywasm,sqlite3,False,,,,,,,,,,,,,,,N/A — the harness only has a WASI preview-1 + bench.* import shim for Pulley
6,pulley,fib,True,832040,17,1540708,66540333,95777125,118295625,1469799000.0,23723000,0,1.0,2.9622891330757377,6041120820,2039342059,7127040,
6,pulley,fib_tail,True,873876091,4360,1592709,247875,615833,1319542,2046988000.0,51233000,0,1.0,3.293515132922239,9493555770,2882499514,7782400,
6,pulley,factorial,True,-2102132736,16384,2441708,583,666,709,12076000.0,166000,0,1.0,2.9458725192446185,36618633,12430488,8421376,
6,pulley,sieve,True,1229,3941,4211333,356125,914292,1500209,3025006000.0,61512000,0,1.0,3.1202562024613245,11685616968,3745082522,9584640,
6,pulley,crc32,True,-1910355869,338,2942291,2325000,5187875,7726375,1545549000.0,33962000,0,1.0,3.861772094989712,7853639186,2033687901,9928704,
6,pulley,matmul_simd,True,48907,454,5326708,1645375,4147666,5228375,1608628000.0,30009000,0,1.0,3.468878548915493,6786034046,1956261642,10551296,
6,pulley,matmul_fma,True,48907,676,2779000,1199959,2940667,4304959,1678026000.0,38111000,0,1.0,3.8148038039775387,8227426317,2156710211,10633216,
6,pulley,convolution,True,8190685,254,3580875,3040542,7608167,8731750,1681728000.0,35630000,0,1.0,3.6402753678739916,7223218197,1984250494,10878976,
6,pulley,audio_dsp,True,761667740,1,3764584,1401948375,1401948375,1401948375,1302386000.0,23867000,0,1.0,3.4449739612293473,5320480312,1544418150,10878976,
6,pulley,bulk_memory,True,8698902,76,4772084,12067750,27278208,36357042,1831755000.0,32873000,0,1.0,2.5283144500031125,5780776824,2286415293,11059200,
6,pulley,call_indirect,True,-9175573,69,6585750,25610083,36624333,69789417,2323505000.0,50751000,0,1.0,2.089152537893437,6116303665,2927648199,11223040,
6,pulley,factorial.scalar,True,-2102132736,16384,1043541,291,833,917,13795000.0,150000,0,1.0,2.6496558257614407,41489233,15658348,11223040,
6,pulley,sieve.scalar,True,1229,2125,3593291,369208,944667,1501625,1725108000.0,30121000,0,1.0,3.353063147959392,6979557611,2081546724,11255808,
6,pulley,crc32.scalar,True,-1910355869,457,2605792,2270833,5844083,7318417,2307902000.0,40871000,0,1.0,3.8908309961302767,10659964584,2739765514,11255808,
6,pulley,convolution.scalar,True,8190685,150,1991000,7042625,14696459,17391166,1956069000.0,37958000,0,1.0,4.199045896036858,9915978628,2361483745,11255808,
6,pulley,bulk_memory.scalar,True,8698902,80,3862000,12700500,24747625,33912375,1830069000.0,44021000,0,1.0,2.5489804616148133,6250447184,2452136169,11354112,
6,pulley,xmrsplayer,True,-49798784,117,263178208,8515791,18592541,23286459,1986552000.0,38896000,0,1.0,2.7832010556293993,6943493542,2494786903,37208064,
6,pulley,vtable_mono,True,-318559695,39,5171292,46970583,67453750,79187291,2416045000.0,40435000,0,1.0,2.336647100882368,6653909050,2847631141,37208064,
6,pulley,vtable_bi,True,-208336512,27,8281333,29606000,67459666,76193125,1624846000.0,28860000,0,1.0,2.3303578288397935,4765749604,2045072025,37208064,
6,pulley,vtable_poly4,True,-126115384,32,8797833,46606625,67116875,76009958,1975461000.0,32417000,0,1.0,2.3637789610465885,5815289681,2460166444,37208064,
6,pulley,vtable_poly6,True,579248763,27,11565667,61653750,77637750,88290916,1933809000.0,33031000,0,1.0,2.375367193251974,5380641145,2265182899,37208064,
6,pulley,graphql_as,True,5,152,173393209,4405750,12038291,15650708,1626081000.0,26979000,0,1.0,2.6023622462719356,5237486664,2012589397,37208064,
6,pulley,tailcall_fsm,True,-1841735369,300,5278875,2572917,6043833,9266500,1603041000.0,29526000,0,1.0,2.3942342012025266,4790245166,2000742101,37208064,
6,pulley,eh_parser_exnref,True,830008030,85,5307959,12550209,19938500,24464208,1519401000.0,36986000,0,1.0,2.416550696538236,4870216666,2015358781,37208064,
6,pulley,eh_parser_legacy,False,,,,,,,,,,,,,,,Module::from_binary failed — invalid wasm or unsupported feature?: failed to compile: wasm[0]::function[6]: WebAssembly translation error: Unsupported feature: operator Try { blockty: Empty }
6,pulley,gc_trees,True,-81253392,13,6872708,125855042,152579125,174667500,1775354000.0,34309000,0,1.0,3.046120203314607,6919622672,2271618390,37208064,
6,pulley,callref_dispatch,True,-750120562,58,4116625,21975000,33282834,39441958,1753049000.0,36237000,0,1.0,1.8933168598334813,4169292899,2202110480,37208064,
6,pulley,callref_dispatch.indirect,True,-750120562,76,3088083,17023042,28446000,36527959,2011803000.0,38368000,0,1.0,1.9661421807263597,5226683447,2658344599,37208064,
6,pulley,relaxed_dot,True,-551922832,245,5085667,3137000,7067417,9388208,1554761000.0,35964000,0,1.0,3.4662876183139932,6966433480,2009767869,37208064,
6,pulley,relaxed_madd,True,-1435646925,5243,6559709,162208,413125,723334,1768716000.0,40319000,0,1.0,3.104283089997353,7033894509,2265867611,37208064,
6,pulley,mem64_chase,True,433527714,26,2646208,48274041,81652625,97681542,1918794000.0,33615000,0,1.0,0.7286032112492794,1831624095,2513884192,91324416,
6,pulley,mem64_chase.mem32,True,433527714,25,2172333,57494958,78462084,94375208,1788181000.0,36571000,0,1.0,0.5288751623274797,1193905834,2257443569,91324416,
6,pulley,multimem_transform,True,902712413,585,3612292,3385625,7292208,10334542,3813031000.0,76897000,0,1.0,3.591954330122692,18834095910,5243411853,91324416,
6,pulley,multimem_transform.single,True,902712413,193,2639000,4847084,10461042,13960292,1868889000.0,45612000,0,1.0,3.433279579850566,8320387073,2423451653,91324416,
6,pulley,extconst_init,True,-1152068691,16384,813067875,56084,143209,380917,1724845000.0,267677000,580292,0.9997,2.8593653039237785,7811004826,2731726798,91324416,
6,pulley,extconst_init.mvp,True,-1152068691,11006,75665167,34417,88042,285041,658649000.0,233082000,410625,0.9995,2.5167719912930933,3080172253,1223858285,91324416,
6,pulley,graphql_porf,True,0,146,337017333,6746541,13334625,18612541,1428242000.0,345758000,1005000,0.9994,1.9825044275069188,4576447040,2308417059,91324416,
6,pulley,sqlite3,True,0,1,2661869875,47791109584,47791109584,47791109584,42518087000.0,1351802000,17334,1.0,2.478574712414536,151568359624,61151418541,106463232,
6,wamr,fib,True,832040,18,898916,92872292,115653708,137971542,1841517000.0,57630000,0,1.0,3.2788905698462303,9330870506,2845740139,11829248,
6,wamr,fib_tail,True,873876091,1167,1857000,388459,619250,1873375,732819000.0,22424000,0,1.0,2.2067041639069953,2702934865,1224874140,11943936,
6,wamr,factorial,True,-2102132736,16384,810541,166,209,292,4407000.0,223000,0,1.0,3.459968109807948,41380492,11959790,12107776,
6,wamr,sieve,True,1229,7651,771666,257208,657833,1107292,3796051000.0,92723000,0,1.0,3.385546546882143,17919644618,5292984270,12140544,
6,wamr,crc32,True,-1910355869,425,2016000,1928208,3110709,8021541,1260009000.0,35176000,0,1.0,2.589982472423675,5697038209,2199643538,12238848,
6,wamr,matmul_simd,True,48907,1347,2510166,1326750,2835458,4473166,3364833000.0,89261000,0,1.0,3.701173607220974,17687289259,4778832645,12238848,
6,wamr,matmul_fma,True,48907,632,1584000,983042,1893291,4330584,1101931000.0,32390000,0,1.0,3.7388611885911773,6242455078,1669614025,12288000,
6,wamr,convolution,True,8190685,351,1229375,2145666,4002625,7095459,1213109000.0,38763000,0,1.0,3.2848674848771036,6370206610,1939258323,12369920,
6,wamr,audio_dsp,True,761667740,2,1444208,964444166,990892458,990892458,1741972000.0,49021000,0,1.0,2.218367510026492,5355612855,2414213529,12369920,
6,wamr,bulk_memory,True,8698902,143,1378708,5481916,10807292,16967208,1394065000.0,33119000,0,1.0,2.6540206409120066,5319975359,2004496603,12435456,
6,wamr,call_indirect,True,-9175573,120,1071250,10206959,18588833,27814417,1980454000.0,59826000,0,1.0,2.5438607180077364,7724385556,3036481322,12435456,
6,wamr,factorial.scalar,True,-2102132736,16384,2086083,541,583,750,11293000.0,714000,0,1.0,3.0056551119710035,36612991,12181368,12435456,
6,wamr,sieve.scalar,True,1229,2768,2192542,274500,617084,1509333,1440470000.0,44174000,0,1.0,2.555418831765801,5288256634,2069428529,12451840,
6,wamr,crc32.scalar,True,-1910355869,627,1328375,1940334,4085959,6609334,2264289000.0,52463000,0,1.0,2.585089637437608,8421148875,3257584864,12550144,
6,wamr,convolution.scalar,True,8190685,166,727041,6054333,12516291,17857875,1902836000.0,31575000,47084,1.0,2.190366518268385,5757942969,2628757754,12599296,
6,wamr,bulk_memory.scalar,True,8698902,168,1548500,5855208,11671208,17508125,1779015000.0,35614000,0,1.0,2.5774618785874903,6346831975,2462434858,12648448,
6,wamr,xmrsplayer,True,-823554406,262,7809708,6852042,13190917,17068125,3106282000.0,55450000,0,1.0,3.0094125403663496,12688537513,4216283857,28835840,
6,wamr,vtable_mono,True,-318559695,94,1775875,17949334,28779584,38212583,2518062000.0,44695000,0,1.0,3.2977522139747277,11545908230,3501144865,28835840,
6,wamr,vtable_bi,True,-208336512,94,1311417,19228000,34663625,43179250,2854010000.0,76545000,0,1.0,3.0723638575388423,12905238359,4200426433,28835840,
6,wamr,vtable_poly4,True,-126115384,54,716709,23010292,36525916,45084125,1791930000.0,41078000,0,1.0,2.887386048340894,7615624477,2637549794,28835840,
6,wamr,vtable_poly6,True,579248763,58,1269500,23800667,39155875,49234416,2044346000.0,42023000,0,1.0,2.7529565241038085,8420703443,3058785480,28835840,
6,wamr,graphql_as,True,5,598,4105208,3327166,8221583,13051209,4623629000.0,95361000,64333,1.0,2.5464042534790736,16402908299,6441596332,28835840,
6,wamr,tailcall_fsm,True,-1841735369,257,847584,4698458,9012291,13639042,2063505000.0,55362000,0,1.0,3.619778271886,11406465829,3151150422,28835840,
6,wamr,eh_parser_exnref,False,,,,,,,,,,,,,,,wasm_runtime_load failed: WASM module load failed: unsupported opcode 1f
6,wamr,eh_parser_legacy,True,830008030,128,890625,6755333,11623167,18384041,1415231000.0,33551000,0,1.0,2.9946539276016,6582708590,2198153359,28835840,
6,wamr,gc_trees,False,,,,,,,,,,,,,,,wasm_runtime_load failed: WASM module load failed: invalid type flag
6,wamr,callref_dispatch,False,,,,,,,,,,,,,,,wasm_runtime_load failed: WASM module load failed: incompatible import type
6,wamr,callref_dispatch.indirect,True,-750120562,130,26917,11016708,15945250,25887125,1972041000.0,48966000,0,1.0,2.5464328158868845,8370511087,3287151750,28835840,
6,wamr,relaxed_dot,True,-551922832,681,1585959,1119083,2115834,4471084,1326014000.0,37233000,0,1.0,3.054641282699375,6232383430,2040299614,28835840,
6,wamr,relaxed_madd,True,-1435646925,6774,1658708,192500,355750,996958,2191465000.0,64115000,71167,1.0,3.4941026557041344,12240250675,3503117075,28835840,
6,wamr,mem64_chase,False,,,,,,,,,,,,,,,wasm_runtime_load failed: WASM module load failed: invalid limits flags
6,wamr,mem64_chase.mem32,True,433527714,50,981209,32700666,37031791,46160667,1705507000.0,48116000,0,1.0,0.5362389455275633,1396000156,2603317360,81477632,
6,wamr,multimem_transform,False,,,,,,,,,,,,,,,wasm_runtime_load failed: WASM module load failed: multiple memories
6,wamr,multimem_transform.single,True,902712413,628,1566375,1962417,3344083,5870958,1990285000.0,53777000,0,1.0,2.8620262051137937,9289592796,3245809832,81477632,
6,wamr,extconst_init,True,-1152068691,5924,5574708,252209,450583,1031541,2547352000.0,144335000,307667,0.9999,3.0787133811945853,12683988827,4119899210,81477632,
6,wamr,extconst_init.mvp,True,-1152068691,16384,2485292,45750,66833,223041,1184864000.0,173268000,778500,0.9994,3.245785419756634,7007169777,2158851825,81477632,
6,wamr,graphql_porf,True,0,217,5879208,4568916,7745833,14021416,1262259000.0,407054000,3351292,0.998,2.752021385177664,7422150180,2696981288,81477632,
6,wamr,sqlite3,False,,,,,,,,,,,,,,,N/A — the harness only has a WASI preview-1 + bench.* import shim for Pulley
6,wasm3,fib,True,832040,34,296625,58573041,87622334,201356458,2549716000.0,70581000,0,1.0,3.2444423716914366,12546011175,3866923723,4521984,
6,wasm3,fib_tail,True,873876091,7941,146875,251291,639916,1230208,4027421000.0,90259000,0,1.0,2.3365437829754105,12409739644,5311152196,4685824,
6,wasm3,factorial,False,,,,,,,,,,,,,,,wasm3 m3_FindFunction(factorial) failed: compiling function underran the stack
6,wasm3,sieve,False,,,,,,,,,,,,,,,wasm3 m3_FindFunction(sieve) failed: incorrect type on stack
6,wasm3,crc32,False,,,,,,,,,,,,,,,wasm3 m3_FindFunction(crc32) failed: compiling function underran the stack
6,wasm3,matmul_simd,False,,,,,,,,,,,,,,,wasm3 m3_FindFunction(matmul) failed: unknown type
6,wasm3,matmul_fma,False,,,,,,,,,,,,,,,wasm3 m3_FindFunction(matmul_fma) failed: unknown type
6,wasm3,convolution,False,,,,,,,,,,,,,,,wasm3 m3_FindFunction(convolve) failed: incorrect type on stack
6,wasm3,audio_dsp,True,761667740,3,64709,522918709,531366167,567657375,1466176000.0,36198000,0,1.0,2.9587079816412376,6006377741,2030067779,4947968,
6,wasm3,bulk_memory,False,,,,,,,,,,,,,,,wasm3 m3_FindFunction(bulk_memory) failed: unknown label
6,wasm3,call_indirect,True,-9175573,131,98750,6391709,13310333,17093084,1526579000.0,43718000,0,1.0,2.7818961993460123,5820516009,2092283677,5029888,
6,wasm3,factorial.scalar,True,-2102132736,16384,118083,83,167,375,4170000.0,197000,0,1.0,3.421912931873105,25477863,7445503,5046272,
6,wasm3,sieve.scalar,True,1229,15478,101209,128583,327750,835042,3982633000.0,97226000,0,1.0,3.97133014480211,21138048909,5322662216,5079040,
6,wasm3,crc32.scalar,True,-1910355869,1348,147917,1106167,2708083,4289375,3017572000.0,84689000,0,1.0,3.392493926459038,13657673136,4025850431,5095424,
6,wasm3,convolution.scalar,True,8190685,401,118958,3041958,6264417,9564750,2220132000.0,43697000,0,1.0,3.5344172772313036,11368817454,3216603067,5095424,
6,wasm3,bulk_memory.scalar,True,8698902,495,64334,3308292,6141375,9914125,2855676000.0,54235000,0,1.0,3.1811591594150106,13789957529,4334884499,5095424,
6,wasm3,xmrsplayer,True,1919655615,358,1216000,3567916,7608583,11123666,2522973000.0,39174000,0,1.0,2.8210762394785704,9938029093,3522779340,23248896,
6,wasm3,vtable_mono,True,-318559695,126,53750,10387084,18607959,25232667,2154356000.0,45190000,0,1.0,3.5529975168663293,11786496988,3317338932,23281664,
6,wasm3,vtable_bi,True,-208336512,100,45084,12583083,21818416,29540791,2097921000.0,32266000,0,1.0,3.494299316463687,10270736290,2939283490,23281664,
6,wasm3,vtable_poly4,True,-126115384,105,50416,12699208,22207417,29397833,2165408000.0,51094000,0,1.0,3.4858773129929843,11068883318,3175350801,23298048,
6,wasm3,vtable_poly6,True,579248763,81,51417,14629875,25391792,33549791,1843361000.0,38334000,0,1.0,3.162202894248341,8856591281,2800766294,23314432,
6,wasm3,graphql_as,True,5,611,888292,2517250,5483458,8883167,3112781000.0,56995000,0,1.0,2.588199685276903,11990967074,4632937382,23543808,
6,wasm3,tailcall_fsm,True,-1841735369,525,86250,2275125,4705458,7154708,2313359000.0,36224000,0,1.0,2.9510158235468604,9231204089,3128144558,23560192,
6,wasm3,eh_parser_exnref,False,,,,,,,,,,,,,,,wasm3 m3_ParseModule failed: out of order Wasm section
6,wasm3,eh_parser_legacy,False,,,,,,,,,,,,,,,wasm3 m3_ParseModule failed: out of order Wasm section
6,wasm3,gc_trees,False,,,,,,,,,,,,,,,wasm3 m3_ParseModule failed: malformed Wasm binary
6,wasm3,callref_dispatch,False,,,,,,,,,,,,,,,wasm3 m3_ParseModule failed: unknown value_type
6,wasm3,callref_dispatch.indirect,True,-750120562,216,33292,6512167,13315458,17945333,2632301000.0,43473000,0,1.0,2.803050490810095,10362546016,3696881683,23560192,
6,wasm3,relaxed_dot,False,,,,,,,,,,,,,,,wasm3 m3_FindFunction(relaxed_dot) failed: unknown type
6,wasm3,relaxed_madd,False,,,,,,,,,,,,,,,wasm3 m3_FindFunction(relaxed_madd) failed: unknown type
6,wasm3,mem64_chase,False,,,,,,,,,,,,,,,wasm3 m3_ParseModule failed: malformed Wasm binary
6,wasm3,mem64_chase.mem32,True,433527714,49,9291250,30906000,34895875,39228167,1627843000.0,26865000,0,1.0,0.5673867758987364,1250463030,2203898792,74760192,
6,wasm3,multimem_transform,False,,,,,,,,,,,,,,,wasm3 m3_ParseModule failed: only one memory per module is supported
6,wasm3,multimem_transform.single,True,902712413,733,55125,1214583,2339417,3793708,1645731000.0,26478000,0,1.0,3.7745123730032484,8874066922,2351049896,74760192,
6,wasm3,extconst_init,True,-1152068691,141,72417,6510625,13063750,16345333,1661369000.0,27187000,0,1.0,3.750597982563064,8240982998,2197245089,75595776,
6,wasm3,extconst_init.mvp,True,-1152068691,289,16042,2930375,5858250,8427709,1605042000.0,25270000,4500,1.0,3.7376398955999575,7922659170,2119695688,75661312,
6,wasm3,graphql_porf,False,,,,,,,,,,,,,,,wasm3 m3_ParseModule failed: out of order Wasm section
6,wasm3,sqlite3,False,,,,,,,,,,,,,,,N/A — the harness only has a WASI preview-1 + bench.* import shim for Pulley
6,wasmedge,fib,True,832040,2,754542,590341791,597648833,597648833,1064931000.0,22823000,0,1.0,3.6437516632426425,5537782173,1519802304,4587520,
6,wasmedge,fib_tail,True,873876091,307,534791,2647000,6245917,9249666,1603728000.0,37211000,0,1.0,3.4843362338574337,7462664631,2141775113,4849664,
6,wasmedge,factorial,True,-2102132736,16384,509958,3000,7791,15584,76206000.0,30417000,0,1.0,3.368193654362905,457592463,135856934,5111808,
6,wasmedge,sieve,True,1229,547,349417,1824916,4182542,6253708,1947919000.0,39020000,0,1.0,3.692001997915797,9765531402,2645050411,5242880,
6,wasmedge,crc32,True,-1910355869,81,458625,17258583,32350667,42776667,2282574000.0,45467000,0,1.0,3.4285978019845436,10706337498,3122657750,5390336,
6,wasmedge,matmul_simd,True,48907,94,388917,10506417,21630667,31912667,1740832000.0,32752000,0,1.0,3.6628453560932956,8274553373,2259050702,5488640,
6,wasmedge,matmul_fma,True,48907,130,352000,6929708,14030167,22469917,1518122000.0,32379000,0,1.0,3.5760210169159574,8353481019,2335970896,5537792,
6,wasmedge,convolution,True,8190685,105,307333,15451625,28655375,34698041,2628454000.0,50601000,0,1.0,3.487987539091369,12076552201,3462326647,5652480,
6,wasmedge,audio_dsp,True,761667740,1,625250,6041604000,6041604000,6041604000,5473773000.0,103404000,0,1.0,3.576580033083729,25473194643,7122221342,5652480,
6,wasmedge,bulk_memory,True,8698902,24,620208,61866708,79499042,90647125,1759035000.0,29412000,0,1.0,3.696121099997746,7839682863,2121056819,5881856,
6,wasmedge,call_indirect,True,-9175573,20,441042,45984042,103613125,117443291,1794186000.0,28177000,0,1.0,3.3193160759802285,7666761455,2309741308,5881856,
6,wasmedge,factorial.scalar,True,-2102132736,16384,333750,3416,3500,4459,44586000.0,14591000,0,1.0,3.474147165027354,531950248,153116786,5881856,
6,wasmedge,sieve.scalar,True,1229,394,324333,1975584,4931209,6613042,1656291000.0,28851000,0,1.0,3.580325257408959,7341639920,2050551107,5881856,
6,wasmedge,crc32.scalar,True,-1910355869,53,299208,24048958,35166125,41218375,1714953000.0,28591000,0,1.0,3.4607062766006877,7067020254,2042074562,5881856,
6,wasmedge,convolution.scalar,True,8190685,27,503792,54701417,71092417,78831500,1790515000.0,28671000,0,1.0,3.4836406926800842,7406821713,2126172693,5931008,
6,wasmedge,bulk_memory.scalar,True,8698902,22,634167,66624666,81609042,91187041,1634566000.0,28365000,0,1.0,3.6957150540242774,7558240616,2045136193,6012928,
6,wasmedge,xmrsplayer,True,-1545987929,21,10048250,69877125,89137792,106148209,1698283000.0,31517000,0,1.0,3.43525291082665,7136967033,2077566694,25083904,
6,wasmedge,vtable_mono,True,-318559695,12,855375,124879042,157557250,166598792,1700368000.0,28128000,0,1.0,3.21656458530742,6456812414,2007362900,25083904,
6,wasmedge,vtable_bi,True,-208336512,9,769791,167865083,191787084,207227500,1621092000.0,25678000,0,1.0,3.479006658602899,6712993464,1929571893,25083904,
6,wasmedge,vtable_poly4,True,-126115384,9,785750,94842291,196036083,227645125,1539198000.0,25128000,0,1.0,3.3164609476947584,6902641854,2081327645,25083904,
6,wasmedge,vtable_poly6,True,579248763,8,991750,208078542,226597250,242563833,1704640000.0,26633000,0,1.0,3.3123160689216333,6608912429,1995254164,25083904,
6,wasmedge,graphql_as,True,5,34,7901917,33844084,58168667,72293250,1803527000.0,29988000,0,1.0,3.3192287793470103,7274392255,2191591101,25083904,
6,wasmedge,tailcall_fsm,True,-1841735369,49,588958,23510667,38378709,47532917,1716092000.0,28418000,0,1.0,3.76953314669182,8203221786,2176190384,25083904,
6,wasmedge,eh_parser_exnref,True,830008030,32,515334,55315125,66502333,79044333,1959703000.0,31466000,0,1.0,3.428806837334591,7757335709,2262400910,25083904,
6,wasmedge,eh_parser_legacy,False,,,,,,,,,,,,,,,"WasmEdge VMLoadWasmFromBytes: illegal opcode
loading failed: illegal opcode, Code: 0x117
    Bytecode offset: 0x00000171
    At AST node: instruction
    At AST node: expression
    At AST node: code segment
    At AST node: code section
    At AST node: module"
6,wasmedge,gc_trees,True,-81253392,9,258083,168714542,196568959,206453209,1584789000.0,59422000,65042,1.0,3.4800491398922326,6858589934,1970831347,175947776,
6,wasmedge,callref_dispatch,True,-750120562,18,837250,78087750,110624792,121116709,1847611000.0,33712000,0,1.0,3.490544237133229,7518960377,2154093994,175947776,
6,wasmedge,callref_dispatch.indirect,True,-750120562,17,412458,77435666,106500459,114495000,1657363000.0,27876000,0,1.0,3.469370618914695,6891876754,1986491935,175947776,
6,wasmedge,relaxed_dot,True,-551922832,251,719125,3204041,7946917,11522000,1714372000.0,30887000,0,1.0,3.5777612893845614,7290814291,2037814628,175947776,
6,wasmedge,relaxed_madd,True,-1435646925,578,700334,1369083,3498709,4578667,1735239000.0,29077000,0,1.0,3.5060125745599042,7333446495,2091677180,175947776,
6,wasmedge,mem64_chase,True,433527714,10,14187958,161007792,185181709,191600584,1677055000.0,26963000,0,1.0,1.8469145174697996,3627292292,1963974108,230604800,
6,wasmedge,mem64_chase.mem32,True,433527714,11,492375,136475667,166374417,182519708,1690361000.0,26964000,0,1.0,1.7326589455011359,3508409916,2024870460,297713664,
6,wasmedge,multimem_transform,True,902712413,64,482791,27779709,44869833,51306292,2652006000.0,42245000,0,1.0,3.658715368417783,11511881973,3146427315,297713664,
6,wasmedge,multimem_transform.single,True,902712413,46,462500,32951500,46511375,55655292,1932992000.0,33564000,0,1.0,3.64741173533162,8278026668,2269561889,297713664,
6,wasmedge,extconst_init,True,-1152068691,136,12706125,7094709,14282750,17449292,984614000.0,795512000,0,1.0,3.0630455874730185,6191566914,2021376025,297713664,
6,wasmedge,extconst_init.mvp,True,-1152068691,154,4441834,5459250,11975542,21615792,854143000.0,781431000,0,1.0,3.12045144027839,6626906047,2123701065,297713664,
6,wasmedge,graphql_porf,True,0,40,8200958,35061791,45862500,53310208,1583217000.0,165775000,169417,0.9999,3.1843791600468405,6546724699,2055887308,297713664,
6,wasmedge,sqlite3,False,,,,,,,,,,,,,,,N/A — the harness only has a WASI preview-1 + bench.* import shim for Pulley
6,zwasm,fib,True,832040,2,635875,685449583,767613375,767613375,1341859000.0,30232000,0,1.0,3.690026392538891,6607877150,1790739807,5373952,
6,zwasm,fib_tail,True,873876091,361,400458,2162500,5238417,6980083,1623485000.0,32982000,0,1.0,4.557747801064903,9223005986,2023588489,5505024,
6,zwasm,factorial,False,,,,,,,,,,,,,,,init warmup failed: `factorial(20)` trapped: trap: unreachable
6,zwasm,sieve,False,,,,,,,,,,,,,,,init warmup failed: `sieve(10000)` trapped: trap: unreachable
6,zwasm,crc32,False,,,,,,,,,,,,,,,init warmup failed: `crc32(12648430)` trapped: trap: unreachable
6,zwasm,matmul_simd,False,,,,,,,,,,,,,,,init warmup failed: `matmul(48879)` trapped: trap: unreachable
6,zwasm,matmul_fma,False,,,,,,,,,,,,,,,init warmup failed: `matmul_fma(48879)` trapped: trap: unreachable
6,zwasm,convolution,False,,,,,,,,,,,,,,,init warmup failed: `convolve(51966)` trapped: trap: unreachable
6,zwasm,audio_dsp,True,761667740,1,406083,5425598875,5425598875,5425598875,5121488000.0,82113000,0,1.0,4.615267373368532,28456110944,6165647327,6111232,
6,zwasm,bulk_memory,False,,,,,,,,,,,,,,,init warmup failed: `bulk_memory(45260)` trapped: trap: unreachable
6,zwasm,call_indirect,True,-9175573,20,479833,91452000,101426458,113152750,1888379000.0,43131000,0,1.0,3.3603625252223677,8265006431,2459557970,6225920,
6,zwasm,factorial.scalar,True,-2102132736,16384,349583,1625,4250,6458,59715000.0,1576000,0,1.0,4.221293955200958,317754517,75274198,6324224,
6,zwasm,sieve.scalar,True,1229,532,167958,1707958,4222833,5430792,1895375000.0,31450000,0,1.0,4.637324771731715,10979512126,2367639246,6356992,
6,zwasm,crc32.scalar,True,-1910355869,82,269083,12017084,22780375,31819750,1653090000.0,23123000,0,1.0,4.55588924931402,11706483319,2569527633,6422528,
6,zwasm,convolution.scalar,True,8190685,38,247541,42609125,64778000,126719542,2179958000.0,41369000,0,1.0,4.654111449984877,12709433320,2730796943,6471680,
6,zwasm,bulk_memory.scalar,True,8698902,26,419500,57317542,70610000,86112750,1645073000.0,47545000,0,1.0,4.542309569359025,10055362635,2213711435,6537216,
6,zwasm,xmrsplayer,True,741914787,24,5531000,51646875,78950333,96857750,1658847000.0,34863000,0,1.0,4.020609934041165,8612326594,2142044798,24674304,
6,zwasm,vtable_mono,True,-318559695,9,529625,137071333,165367500,179180375,1342122000.0,28142000,0,1.0,3.1338432042112463,5823435704,1858240928,24674304,
6,zwasm,vtable_bi,True,-208336512,12,291250,169041709,205413292,236749750,2256279000.0,37932000,0,1.0,3.494065178280418,10086956522,2886882759,24674304,
6,zwasm,vtable_poly4,True,-126115384,9,398708,213223916,239286500,358011458,1804689000.0,38717000,0,1.0,3.3609738882146236,7833456829,2330710410,24674304,
6,zwasm,vtable_poly6,True,579248763,7,489958,225994625,254783667,263643334,1603569000.0,30071000,0,1.0,3.359975088914959,6557500896,1951651641,24674304,
6,zwasm,graphql_as,True,5,39,2703250,33375209,50460083,66434375,1734887000.0,37593000,0,1.0,3.686761936263418,8497346691,2304826522,24674304,
6,zwasm,tailcall_fsm,True,-1841735369,34,292375,31719416,46359084,86287792,1372219000.0,54721000,41333,1.0,3.457705008099819,6678586911,1931508586,120586240,
6,zwasm,eh_parser_exnref,True,830008030,34,224334,55690583,72367125,140249625,2252007000.0,41805000,0,1.0,3.03743371574059,9217481651,3034628082,121176064,
6,zwasm,eh_parser_legacy,False,,,,,,,,,,,,,,,wasm_module_new failed (invalid wasm or unsupported feature)
6,zwasm,gc_trees,False,,,,,,,,,,,,,,,N/A — not run: zwasm v2.7.0 never reclaims GC structs and grows its GC heap far faster than the allocation rate (124 MB for 31K 24-byte structs); the process segfaults at ~2.3 GB
6,zwasm,callref_dispatch,True,-750120562,18,280333,93380208,113504791,123176917,1867754000.0,32087000,0,1.0,3.5599968603133556,8182324242,2298407713,121274368,
6,zwasm,callref_dispatch.indirect,True,-750120562,18,322583,93923500,107894500,123943125,1816377000.0,30059000,0,1.0,3.522771560286332,7956732947,2258657086,121274368,
6,zwasm,relaxed_dot,False,,,,,,,,,,,,,,,init warmup failed: `relaxed_dot(7)` trapped: trap: unreachable
6,zwasm,relaxed_madd,False,,,,,,,,,,,,,,,init warmup failed: `relaxed_madd(7)` trapped: trap: unreachable
6,zwasm,mem64_chase,True,433527714,14,13516041,85743416,140865666,168001917,1665790000.0,41191000,0,1.0,2.006453528448771,4714338200,2349587535,188481536,
6,zwasm,mem64_chase.mem32,True,433527714,16,167000,92833625,111125833,153091542,1732713000.0,55122000,0,1.0,2.227941100438987,5391936199,2420143063,255590400,
6,zwasm,multimem_transform,True,902712413,76,380292,14794875,31136458,47790291,2026983000.0,57013000,0,1.0,4.727647930255259,13822363360,2923729424,255590400,
6,zwasm,multimem_transform.single,True,902712413,60,377041,17199792,32920959,39487250,1746569000.0,35095000,0,1.0,4.751791230083954,10902865793,2294474918,255590400,
6,zwasm,extconst_init,True,-1152068691,1213,3035958,1005209,2460708,3443375,2165857000.0,447453000,297042,0.9999,3.254226882080197,10467959889,3216727127,2119811072,
6,zwasm,extconst_init.mvp,True,-1152068691,1852,2483625,458583,1192834,2130000,1438476000.0,476810000,535083,0.9997,3.252033378950223,8148583836,2505688868,3238887424,
6,zwasm,graphql_porf,True,0,53,4282209,30346625,40899292,49861416,1894799000.0,166832000,127209,0.9999,3.300580379166774,8853571912,2682428814,3776921600,
6,zwasm,sqlite3,False,,,,,,,,,,,,,,,N/A — the harness only has a WASI preview-1 + bench.* import shim for Pulley
6,wasmz,fib,True,832040,18,664083,84779667,95729417,115137041,1450756000.0,54269000,0,1.0,2.7500972359428446,6077073335,2209766715,5668864,
6,wasmz,fib_tail,True,873876091,3741,416458,268666,549667,2578083,1762975000.0,107282000,21083,1.0,2.4413844513153995,6736431502,2759266980,5947392,
6,wasmz,factorial,True,-2102132736,16384,434208,3125,8292,29000,27346000.0,106686000,0,1.0,2.0842027889415644,339216828,162756153,5980160,
6,wasmz,sieve,False,,,,,,,,,,,,,,,N/A — not run: wasmz v0.1.4 segfaults on this module's v128 ops (the scalar build runs)
6,wasmz,crc32,False,,,,,,,,,,,,,,,N/A — not run: wasmz v0.1.4 segfaults on this module's v128 ops (the scalar build runs)
6,wasmz,matmul_simd,True,48907,309,507416,2337125,4567959,8281791,1123332000.0,47289000,5833,1.0,3.4516034905903727,6688955470,1937926963,6209536,
6,wasmz,matmul_fma,True,48907,1035,312542,1586708,3111667,6807250,2655086000.0,123410000,138042,1.0,3.959066798177575,17542250649,4430905449,6275072,
6,wasmz,convolution,True,8190685,245,1457041,4100250,7988375,14093459,1558869000.0,62799000,7667,1.0,3.743271346198697,9954294260,2659249982,6340608,
6,wasmz,audio_dsp,True,761667740,1,363375,955247167,955247167,955247167,767553000.0,28711000,0,1.0,2.946010549091711,3796519190,1288698437,6455296,
6,wasmz,bulk_memory,True,8698902,214,1490000,4942542,8552083,13779667,1581831000.0,62581000,0,1.0,3.297885289178976,8303824941,2517924128,6651904,
6,wasmz,call_indirect,True,-9175573,63,688333,18547208,27977709,53910125,1426764000.0,53796000,0,1.0,2.63617578843017,5712207406,2166853755,7176192,
6,wasmz,factorial.scalar,True,-2102132736,16384,247917,3000,4833,35542,17932000.0,81658000,413709,0.9958,1.8944842420254857,331609637,175039533,7176192,
6,wasmz,sieve.scalar,True,1229,5083,528583,261625,475750,2293834,2224991000.0,143314000,263083,0.9999,3.081479897726331,11323407789,3674665474,7176192,
6,wasmz,crc32.scalar,True,-1910355869,340,474667,2214208,4536792,7748125,1335357000.0,56138000,0,1.0,3.298441222524824,6568042356,1991256449,7176192,
6,wasmz,convolution.scalar,True,8190685,126,532250,8111667,12086292,17479208,1288263000.0,52267000,12083,1.0,3.3812697137564878,6727721134,1989702598,7176192,
6,wasmz,bulk_memory.scalar,True,8698902,216,636083,4294083,8466208,12526625,1523510000.0,61843000,18834,1.0,3.20599712926243,7757276862,2419614413,7176192,
6,wasmz,xmrsplayer,True,-216640971,243,2984125,5454917,10836625,16548125,2201495000.0,87596000,9917,1.0,2.790032051741354,9215906606,3303154385,26214400,
6,wasmz,vtable_mono,True,-318559695,51,924375,31465375,38497916,51809291,1677821000.0,68100000,0,1.0,3.2328992648047885,8170444056,2527280743,26214400,
6,wasmz,vtable_bi,True,-208336512,47,1495459,35206291,45871625,53966500,1836026000.0,68194000,20458,1.0,3.0328431192848084,8110555433,2674241665,26214400,
6,wasmz,vtable_poly4,True,-126115384,46,810000,34119000,45878458,72606292,1732689000.0,70941000,0,1.0,3.063689726652588,8307837171,2711709707,26214400,
6,wasmz,vtable_poly6,True,579248763,45,1095625,40466792,50202625,64806917,1941766000.0,72117000,0,1.0,2.8893825688284545,8333115560,2884047149,26214400,
6,wasmz,graphql_as,False,,,,,,,,,,,,,,,wasmz init-warmup failed: wasmz_instance_call trap: trap: wasm `unreachable` instruction executed
6,wasmz,tailcall_fsm,True,-1841735369,558,527500,2248000,4487041,8189750,2112940000.0,93026000,0,1.0,2.4431183981039584,8216999288,3363324223,26214400,
6,wasmz,eh_parser_exnref,True,830008030,157,520459,7865083,12430250,17371750,1640553000.0,71168000,0,1.0,2.63830296248495,6659058320,2523993042,26214400,
6,wasmz,eh_parser_legacy,True,830008030,139,476834,7659125,14802208,18845208,1809221000.0,78302000,0,1.0,2.6573432670287667,6065385340,2282499749,26214400,
6,wasmz,gc_trees,True,-81253392,37,339375,34549208,45147916,65501750,1323641000.0,122199000,0,1.0,2.8403907270332343,6202203117,2183573921,182140928,
6,wasmz,callref_dispatch,False,,,,,,,,,,,,,,,wasmz init-warmup failed: wasmz_instance_call trap: trap: null reference dereference
6,wasmz,callref_dispatch.indirect,True,-750120562,76,308667,15575833,25124958,33152791,1635367000.0,63242000,0,1.0,2.6404589659481146,6368026777,2411712077,182140928,
6,wasmz,relaxed_dot,True,-551922832,1359,539834,1426125,2768625,80026000,2882314000.0,146466000,123708,1.0,3.9191923421567556,20822949191,5313071514,182140928,
6,wasmz,relaxed_madd,True,-1435646925,2627,435333,352250,705959,1372833,1661872000.0,90555000,7792,1.0,3.158721828500833,7977968115,2525695059,182140928,
6,wasmz,mem64_chase,True,433527714,54,9389209,34206541,40220666,188996875,1974148000.0,65478000,0,1.0,0.5137595983524548,1702398786,3313609695,182140928,
6,wasmz,mem64_chase.mem32,True,433527714,49,11857625,33733375,40864708,45156666,1888499000.0,62060000,0,1.0,0.6958301670755109,1533364525,2203647668,182140928,
6,wasmz,multimem_transform,False,,,,,,,,,,,,,,,wasmz_module_new failed: module compilation failed: MultipleMemories
6,wasmz,multimem_transform.single,True,902712413,357,328125,2196958,5322208,7304292,1609671000.0,60321000,0,1.0,3.094619675939101,6494946571,2098786685,182140928,
6,wasmz,extconst_init,False,,,,,,,,,,,,,,,"wrong result: got -1669113347, expected -1152068691 (cross-runtime consensus)"
6,wasmz,extconst_init.mvp,False,,,,,,,,,,,,,,,"wrong result: got 1844351884, expected -1152068691 (cross-runtime consensus)"
6,wasmz,graphql_porf,False,,,,,,,,,,,,,,,init warmup failed: wasmz m() trap: multi-value results are not supported by the C API (results_len = 2)
6,wasmz,sqlite3,False,,,,,,,,,,,,,,,N/A — the harness only has a WASI preview-1 + bench.* import shim for Pulley
6,tinywasm,fib,True,832040,10,474041,187220625,207894709,232919167,1761868000.0,65168000,0,1.0,3.3945146717999712,9224979784,2717613761,5177344,
6,tinywasm,fib_tail,True,873876091,1690,190917,627125,1234791,3594375,1854822000.0,68724000,0,1.0,4.0864313517969295,11845391822,2898713034,5292032,
6,tinywasm,factorial,True,-2102132736,16384,336417,375,458,1084,9233000.0,423000,0,1.0,3.320498271200855,67211889,20241507,5603328,
6,tinywasm,sieve,True,1229,1249,213834,612292,1164709,3661333,1292905000.0,49225000,0,1.0,3.624427493763776,7525557403,2076343758,5767168,
6,tinywasm,crc32,True,-1910355869,236,239667,4810917,10177875,15308250,1968299000.0,63963000,0,1.0,3.631275684073746,10947637721,3014818668,5799936,
6,tinywasm,matmul_simd,True,48907,266,219083,3813625,6981000,10702375,1604957000.0,58497000,0,1.0,3.640195089932229,9224528865,2534075410,5947392,
6,tinywasm,matmul_fma,True,48907,268,199334,2851542,5633417,9555417,1303570000.0,47031000,0,1.0,3.4882956705647543,7028810775,2014969899,6029312,
6,tinywasm,convolution,True,8190685,199,225625,5884833,11383375,16430125,1936800000.0,68618000,0,1.0,3.2443893691216754,9819775534,3026694523,6094848,
6,tinywasm,audio_dsp,True,761667740,1,817375,2364767417,2364767417,2364767417,1988892000.0,72933000,0,1.0,3.4068051057497484,10272644583,3015330864,6176768,
6,tinywasm,bulk_memory,True,8698902,103,253125,11045208,22676375,25698333,2077178000.0,76543000,0,1.0,3.6497721504803113,9488102878,2599642522,6340608,
6,tinywasm,call_indirect,True,-9175573,40,229709,31963542,41217583,51864958,1386219000.0,49404000,0,1.0,2.7247960507736235,6018399239,2208752188,6471680,
6,tinywasm,factorial.scalar,True,-2102132736,16384,165042,291,375,917,8550000.0,352000,0,1.0,3.763593505569259,55967078,14870649,6520832,
6,tinywasm,sieve.scalar,True,1229,1091,205042,691166,1591791,3449250,1410542000.0,53925000,0,1.0,3.3808208595546176,6912334956,2044572973,6569984,
6,tinywasm,crc32.scalar,True,-1910355869,186,1538667,5720791,11174958,16172042,1762646000.0,62576000,0,1.0,3.3701962130535765,8685588408,2577175885,6619136,
6,tinywasm,convolution.scalar,True,8190685,107,167417,22205167,30914250,40128917,2743173000.0,98316000,0,1.0,3.126829500698555,13159365458,4208533102,6619136,
6,tinywasm,bulk_memory.scalar,True,8698902,127,263500,11631709,20935750,29765250,2255690000.0,84177000,0,1.0,3.608524499741235,12515709901,3468373265,6635520,
6,tinywasm,xmrsplayer,True,-714300932,72,6387958,18435292,25096625,31779541,1531382000.0,59552000,0,1.0,3.519631221121908,8065654888,2291619315,24526848,
6,tinywasm,vtable_mono,True,-318559695,33,255375,43824500,57223208,74925250,1610141000.0,57757000,0,1.0,3.139635393730413,8405468861,2677211780,24526848,
6,tinywasm,vtable_bi,True,-208336512,30,346541,57178541,74776541,90729375,1899855000.0,67084000,0,1.0,3.2167453737089833,9350507086,2906822269,24576000,
6,tinywasm,vtable_poly4,True,-126115384,23,334166,61454500,73906375,95780541,1438443000.0,52243000,0,1.0,3.2799746988377847,7557424983,2304110756,24592384,
6,tinywasm,vtable_poly6,True,579248763,24,284666,77112500,92352833,108720375,1963123000.0,68056000,0,1.0,3.1232918222217374,8658738936,2772311852,24608768,
6,tinywasm,graphql_as,True,5,104,4963209,10729458,28327500,298483042,1920568000.0,48390000,0,1.0,3.300750789428835,8485084490,2570652870,25083904,
6,tinywasm,tailcall_fsm,True,-1841735369,380,220417,4640875,11882250,17561125,3983660000.0,46701000,0,1.0,3.5950916966087565,16362501960,4551344817,25083904,
6,tinywasm,eh_parser_exnref,True,830008030,47,306458,16877041,34326584,36892167,1493046000.0,13391000,0,1.0,3.0154900798963333,4924049143,1632918369,25083904,
6,tinywasm,eh_parser_legacy,False,,,,,,,,,,,,,,,tinywasm::parse_bytes failed: error parsing module: legacy exceptions support is not enabled (at offset 0x171) at offset 369
6,tinywasm,gc_trees,True,-81253392,21,130125,103253750,214938500,265120791,4124871000.0,37240000,0,1.0,2.487101350214378,12503211497,5027222351,25083904,
6,tinywasm,callref_dispatch,True,-750120562,92,198208,28194292,50226834,69329000,3734054000.0,147535000,0,1.0,2.8347839045889502,13218972046,4663132179,25083904,
6,tinywasm,callref_dispatch.indirect,True,-750120562,39,176125,26526375,47784166,50820458,1660255000.0,37722000,0,1.0,2.777455106011214,5343709515,1923958916,25083904,
6,tinywasm,relaxed_dot,True,-551922832,652,274542,2304542,5903750,8678417,3368830000.0,36835000,0,1.0,2.9960233154474616,11827534889,3947744608,25083904,
6,tinywasm,relaxed_madd,True,-1435646925,1219,305417,629500,1607166,2375083,1731919000.0,18095000,0,1.0,3.429960184453941,6921027171,2017815601,25083904,
6,tinywasm,mem64_chase,True,433527714,25,15568584,78483667,90438250,105401708,2159516000.0,19431000,0,1.0,1.0072085966713582,2448731796,2431206211,79216640,
6,tinywasm,mem64_chase.mem32,True,433527714,29,1554750,77549167,96731666,105756167,2584651000.0,26907000,0,1.0,0.7971013655904754,2549810101,3198853008,79216640,
6,tinywasm,multimem_transform,True,902712413,132,178833,5848875,14604041,15716208,1660183000.0,13505000,0,1.0,3.9303607068926563,7725183817,1965515227,79216640,
6,tinywasm,multimem_transform.single,True,902712413,225,172000,6563083,15341416,20613459,3018234000.0,27472000,0,1.0,3.6675751430700045,12936904985,3527372850,79216640,
6,tinywasm,extconst_init,True,-1152068691,4311,10281791,337084,864166,1266500,3454591000.0,32779000,0,1.0,3.9700787971895886,15299685150,3853748485,80527360,
6,tinywasm,extconst_init.mvp,True,-1152068691,10141,3985334,74208,189167,346041,1781347000.0,14704000,0,1.0,3.765898619059434,7587918000,2014902356,80674816,
6,tinywasm,graphql_porf,True,0,111,5311583,9010125,19071916,23989333,1604181000.0,321629000,65625,1.0,2.9467791521940847,7001436894,2375962545,1109852160,
6,tinywasm,sqlite3,False,,,,,,,,,,,,,,,N/A — the harness only has a WASI preview-1 + bench.* import shim for Pulley
7,pulley,fib,True,832040,24,926333,64767000,85531750,100244959,1817252000.0,47269000,0,1.0,2.959918725422906,8546460081,2887396876,7110656,
7,pulley,fib_tail,True,873876091,7556,1102125,248583,369583,1187417,3145759000.0,88965000,0,1.0,3.273026364115522,16464363699,5030318081,7815168,
7,pulley,factorial,True,-2102132736,16384,1461208,208,459,584,8006000.0,283000,0,1.0,2.86035189742049,36805415,12867443,8437760,
7,pulley,sieve,True,1229,3924,2803458,349375,631667,2078292,2393546000.0,64512000,0,1.0,3.133043252332117,11652506704,3719229441,9633792,
7,pulley,crc32,True,-1910355869,401,3491875,2314833,5003250,15073125,1506899000.0,45718000,0,1.0,3.8211074272981773,9337090122,2443556037,9945088,
7,pulley,matmul_simd,True,48907,749,4132375,1632167,3590666,9242834,2003061000.0,63885000,0,1.0,3.4177995185863037,11230372334,3285848767,10502144,
7,pulley,matmul_fma,True,48907,795,6806917,1199625,2636208,7097959,1661822000.0,54009000,0,1.0,3.761967799638735,9699043997,2578183683,10584064,
7,pulley,convolution,True,8190685,215,2686459,3126750,7021917,11878959,1057539000.0,30717000,0,1.0,3.593520559185185,6121254563,1703414371,10829824,
7,pulley,audio_dsp,True,761667740,1,4628125,1336747250,1336747250,1336747250,958553000.0,29786000,0,1.0,3.386108991060925,5336296260,1575937536,10829824,
7,pulley,bulk_memory,True,8698902,74,5526500,17209792,27336875,36159584,1522396000.0,50064000,0,1.0,2.4854074670820063,5653777164,2274788838,11026432,
7,pulley,call_indirect,True,-9175573,52,8839250,19903916,34797958,52838292,1310924000.0,41041000,0,1.0,2.064401883822317,4622313111,2239056817,11173888,
7,pulley,factorial.scalar,True,-2102132736,16384,1537625,291,833,1042,12592000.0,611000,0,1.0,2.555609200357551,41970361,16422840,11173888,
7,pulley,sieve.scalar,True,1229,2102,8625292,369208,696667,3854833,1301423000.0,40592000,0,1.0,3.2985852975036933,6923481427,2098924479,11206656,
7,pulley,crc32.scalar,True,-1910355869,669,2073916,2284166,4680583,10567875,2369057000.0,71330000,0,1.0,3.832927575642349,15634981176,4079122516,11206656,
7,pulley,convolution.scalar,True,8190685,174,1672625,6450000,13077084,23652000,1699515000.0,51468000,0,1.0,4.145755285138386,11520881503,2778958407,11206656,
7,pulley,bulk_memory.scalar,True,8698902,79,3745625,17518833,27216125,45252208,1556388000.0,51668000,0,1.0,2.5166751823405926,6192584959,2460621459,11304960,
7,pulley,xmrsplayer,True,846043454,81,338887792,10558875,17679625,25690041,1049931000.0,32311000,0,1.0,2.739487924464333,4818580324,1758934683,37224448,
7,pulley,vtable_mono,True,-318559695,31,10724458,49169583,62841625,80853166,1450240000.0,45033000,0,1.0,2.3051065695194426,5313310392,2305017244,37224448,
7,pulley,vtable_bi,True,-208336512,28,8931542,35108666,54170750,83328208,1342434000.0,36632000,0,1.0,2.312038889583674,4956040931,2143580263,37224448,
7,pulley,vtable_poly4,True,-126115384,42,6059542,38929416,53927125,195695625,2053751000.0,56988000,0,1.0,2.340113573261979,7657357797,3272216308,37224448,
7,pulley,vtable_poly6,True,579248763,44,6560417,43967709,64866333,135840167,2295064000.0,78276000,0,1.0,2.330378460804779,8807482381,3779421467,37224448,
7,pulley,graphql_as,True,5,269,126772500,4611125,10304459,25117167,2252615000.0,70284000,0,1.0,2.5108623814537867,9309991329,3707885943,37224448,
7,pulley,tailcall_fsm,True,-1841735369,438,7140083,2578458,5147708,10383292,1781447000.0,56995000,0,1.0,2.3645125433589147,7028251157,2972389035,37224448,
7,pulley,eh_parser_exnref,True,830008030,103,5028834,10989000,19423459,27782041,1551553000.0,47318000,0,1.0,2.3881468407791364,5911062987,2475167308,37224448,
7,pulley,eh_parser_legacy,False,,,,,,,,,,,,,,,Module::from_binary failed — invalid wasm or unsupported feature?: failed to compile: wasm[0]::function[6]: WebAssembly translation error: Unsupported feature: operator Try { blockty: Empty }
7,pulley,gc_trees,True,-81253392,11,7256708,121242250,132747542,147003792,1161666000.0,37628000,0,1.0,2.982232161447749,5874565671,1969855247,37224448,
7,pulley,callref_dispatch,True,-750120562,58,2168667,20256000,31165208,48487625,1471451000.0,43954000,0,1.0,1.8783974325618955,4184285694,2227582737,37224448,
7,pulley,callref_dispatch.indirect,True,-750120562,77,2190250,17125000,28175291,66487167,1713221000.0,56301000,0,1.0,1.9413623398676336,5325077415,2742959058,37224448,
7,pulley,relaxed_dot,True,-551922832,382,7280000,3102750,5776666,13514500,1897183000.0,60660000,0,1.0,3.431043897416782,10880247992,3171118854,37224448,
7,pulley,relaxed_madd,True,-1435646925,11162,6913833,162125,334792,1519375,3225475000.0,107050000,0,1.0,3.0712662933042036,15021887496,4891105512,37224448,
7,pulley,mem64_chase,True,433527714,17,1363250,96088333,112962875,121005542,1526496000.0,48829000,0,1.0,0.5250008883613119,1233870825,2350226166,91308032,
7,pulley,mem64_chase.mem32,True,433527714,16,2108166,83152459,105411291,114372167,1312344000.0,42287000,0,1.0,0.3763305358187543,788899620,2096294467,91308032,
7,pulley,multimem_transform,True,902712413,416,1652500,3394500,6745750,13540125,2256607000.0,68105000,0,1.0,3.564309032304669,13424362284,3766329508,91308032,
7,pulley,multimem_transform.single,True,902712413,239,2914916,4900125,9737791,16739167,1800456000.0,55812000,0,1.0,3.405046344228955,10319554217,3030664835,91308032,
7,pulley,extconst_init,True,-1152068691,11472,777695083,56250,84417,729750,1048415000.0,174050000,99833,0.9999,2.805956826178412,5472936704,1950470746,91308032,
7,pulley,extconst_init.mvp,True,-1152068691,16384,68732834,34416,62541,511583,889874000.0,333528000,0,1.0,2.429156523879299,4593793823,1891106554,91308032,
7,pulley,graphql_porf,True,0,150,342245250,7113542,12568583,20922333,1215098000.0,332606000,4006084,0.9974,1.8789722236391178,4690483390,2496302676,91308032,
7,pulley,sqlite3,True,0,1,2631028917,50165264584,50165264584,50165264584,39894832000.0,1280088000,0,1.0,2.42311928489932,151766896699,62632862379,106954752,
7,wamr,fib,True,832040,29,1597125,65041334,127379709,161555167,3173796000.0,75801000,0,1.0,3.2958002147133674,15003636147,4552350012,11829248,
7,wamr,fib_tail,True,873876091,4951,2320917,387667,949041,2351041,3639976000.0,94560000,0,1.0,2.215753183322789,11455174017,5169878172,11976704,
7,wamr,factorial,True,-2102132736,16384,2374625,166,583,667,10122000.0,627000,0,1.0,3.4715577109166538,41414767,11929736,12091392,
7,wamr,sieve,True,1229,2998,2058375,257000,665375,1406667,1543149000.0,37607000,0,1.0,3.348786610019909,7030369130,2099378058,12156928,
7,wamr,crc32,True,-1910355869,625,1772500,1929250,4209000,7624583,2277433000.0,53897000,0,1.0,2.5973902487167058,8373656792,3223873192,12255232,
7,wamr,matmul_simd,True,48907,600,1510625,1371750,3448416,6123042,1626255000.0,38479000,0,1.0,3.6094598198191865,7881219736,2183490087,12255232,
7,wamr,matmul_fma,True,48907,1192,2376334,983625,2144917,4682917,2187338000.0,53212000,0,1.0,3.7436035341092584,11764854649,3142655076,12320768,
7,wamr,convolution,True,8190685,368,2395666,2068875,4365333,8091334,1412301000.0,36797000,0,1.0,3.2977104898229173,6672982794,2023519898,12402688,
7,wamr,audio_dsp,True,761667740,2,1297000,928440084,1042951292,1042951292,1666992000.0,42146000,0,1.0,2.293981440624194,5353904102,2333891638,12402688,
7,wamr,bulk_memory,True,8698902,156,2156042,5516875,10925375,18717209,1525336000.0,36856000,0,1.0,2.6723658264947523,5809375942,2173870016,12500992,
7,wamr,call_indirect,True,-9175573,156,1840375,11756250,20653125,28542167,2814776000.0,66643000,0,1.0,2.5482200681132667,10038580721,3939448106,12500992,
7,wamr,factorial.scalar,True,-2102132736,16384,1768666,291,333,459,6748000.0,317000,0,1.0,3.0246101316198297,36602380,12101520,12500992,
7,wamr,sieve.scalar,True,1229,2800,1424167,276208,704917,1515959,1485632000.0,36792000,0,1.0,2.535041421071517,5350759931,2110718936,12500992,
7,wamr,crc32.scalar,True,-1910355869,526,1936750,1967458,4514042,6928500,2039231000.0,48332000,170292,0.9999,2.5781898129875747,7072263306,2743111958,12550144,
7,wamr,convolution.scalar,True,8190685,202,1290459,6691583,13152500,17985625,2316973000.0,57803000,0,1.0,2.175324473248214,7026866115,3230261141,12599296,
7,wamr,bulk_memory.scalar,True,8698902,144,1678750,5899791,11712042,16182042,1500863000.0,36228000,0,1.0,2.576211240941546,5444955805,2113551761,12664832,
7,wamr,xmrsplayer,True,1409429275,112,8097708,6270625,13662583,17815417,1305651000.0,32287000,0,1.0,2.987406397468969,5437200717,1820040528,28803072,
7,wamr,vtable_mono,True,-318559695,53,2159292,18404583,31996875,46777250,1455230000.0,37340000,0,1.0,3.2397525660828967,6525118966,2014079419,28803072,
7,wamr,vtable_bi,True,-208336512,52,1597041,23330417,37223667,49329125,1654315000.0,39791000,0,1.0,3.0712763588440426,7139057749,2324459578,28803072,
7,wamr,vtable_poly4,True,-126115384,63,1444958,25265292,39543208,53408292,2240833000.0,52835000,0,1.0,2.8497900859582925,8892405894,3120372247,28803072,
7,wamr,vtable_poly6,True,579248763,58,1054375,29229583,43769666,57296000,2290902000.0,55460000,0,1.0,2.704544580060393,8434432019,3118614528,28803072,
7,wamr,graphql_as,True,5,248,5455916,3309833,8259458,17922792,1939993000.0,50076000,0,1.0,2.504458981109765,6726086155,2685644367,28803072,
7,wamr,tailcall_fsm,True,-1841735369,266,1008916,4804667,9785125,17140916,2270270000.0,56274000,0,1.0,3.6101312043442078,11803981771,3269682209,28803072,
7,wamr,eh_parser_exnref,False,,,,,,,,,,,,,,,wasm_runtime_load failed: WASM module load failed: unsupported opcode 1f
7,wamr,eh_parser_legacy,True,830008030,259,1394375,6862167,14600083,21246167,3177313000.0,77534000,0,1.0,2.9912033717213395,13330879660,4456694515,28803072,
7,wamr,gc_trees,False,,,,,,,,,,,,,,,wasm_runtime_load failed: WASM module load failed: invalid type flag
7,wamr,callref_dispatch,False,,,,,,,,,,,,,,,wasm_runtime_load failed: WASM module load failed: incompatible import type
7,wamr,callref_dispatch.indirect,True,-750120562,84,77042,11632834,20837083,47250458,1526804000.0,36699000,0,1.0,2.492331644628667,5414084435,2172296952,28803072,
7,wamr,relaxed_dot,True,-551922832,902,1323583,1119334,2444625,4857292,1892623000.0,50478000,0,1.0,3.047896347985958,8251680769,2707336414,28803072,
7,wamr,relaxed_madd,True,-1435646925,4067,2058542,192458,490125,1133833,1505379000.0,38420000,0,1.0,3.4966965056839787,7342029514,2099704536,28803072,
7,wamr,mem64_chase,False,,,,,,,,,,,,,,,wasm_runtime_load failed: WASM module load failed: invalid limits flags
7,wamr,mem64_chase.mem32,True,433527714,26,904458,41475375,85595834,102599542,1862756000.0,49685000,0,1.0,0.3099673186338004,757185782,2442792309,81395712,
7,wamr,multimem_transform,False,,,,,,,,,,,,,,,wasm_runtime_load failed: WASM module load failed: multiple memories
7,wamr,multimem_transform.single,True,902712413,367,1959375,1993958,4374167,7494500,1379428000.0,34492000,0,1.0,2.858253957828701,5430880554,1900069285,81395712,
7,wamr,extconst_init,True,-1152068691,5098,3442292,253334,647875,1395292,2485068000.0,164851000,9958,1.0,3.0055924768413433,10922860581,3634178840,81395712,
7,wamr,extconst_init.mvp,True,-1152068691,15742,2640292,46000,117667,357125,1353665000.0,224170000,53167,1.0,3.1506579716718255,6746123038,2141179112,81395712,
7,wamr,graphql_porf,True,0,148,10648334,5503959,10655583,14942542,1058603000.0,422174000,32125,1.0,2.4872345031826693,5058235739,2033678663,81395712,
7,wamr,sqlite3,False,,,,,,,,,,,,,,,N/A — the harness only has a WASI preview-1 + bench.* import shim for Pulley
7,wasm3,fib,True,832040,19,333375,74240791,105324458,150052625,1562652000.0,43612000,0,1.0,3.2391476349169896,7027106402,2169430725,4521984,
7,wasm3,fib_tail,True,873876091,7850,82042,251292,640750,2207417,3833038000.0,113706000,9458,1.0,2.321403921823681,12315551276,5305216882,4685824,
7,wasm3,factorial,False,,,,,,,,,,,,,,,wasm3 m3_FindFunction(factorial) failed: compiling function underran the stack
7,wasm3,sieve,False,,,,,,,,,,,,,,,wasm3 m3_FindFunction(sieve) failed: incorrect type on stack
7,wasm3,crc32,False,,,,,,,,,,,,,,,wasm3 m3_FindFunction(crc32) failed: compiling function underran the stack
7,wasm3,matmul_simd,False,,,,,,,,,,,,,,,wasm3 m3_FindFunction(matmul) failed: unknown type
7,wasm3,matmul_fma,False,,,,,,,,,,,,,,,wasm3 m3_FindFunction(matmul_fma) failed: unknown type
7,wasm3,convolution,False,,,,,,,,,,,,,,,wasm3 m3_FindFunction(convolve) failed: incorrect type on stack
7,wasm3,audio_dsp,True,761667740,3,167875,481600333,551963042,582053208,1380647000.0,34627000,0,1.0,2.954748729609625,6017077736,2036409281,4947968,
7,wasm3,bulk_memory,False,,,,,,,,,,,,,,,wasm3 m3_FindFunction(bulk_memory) failed: unknown label
7,wasm3,call_indirect,True,-9175573,125,100667,6383458,14769208,20484625,1493102000.0,35540000,0,1.0,2.7850947048179107,5556079496,1994933776,5029888,
7,wasm3,factorial.scalar,True,-2102132736,16384,110333,291,334,416,6962000.0,142000,0,1.0,3.513879793985867,25306386,7201836,5046272,
7,wasm3,sieve.scalar,True,1229,4637,163750,128667,327458,712917,1124369000.0,28479000,0,1.0,3.9596684862165685,6337569208,1600530254,5079040,
7,wasm3,crc32.scalar,True,-1910355869,684,203083,1111375,2790750,5435584,1521774000.0,36605000,0,1.0,3.39751234143205,6930924796,2039999888,5079040,
7,wasm3,convolution.scalar,True,8190685,285,93542,3089792,6907791,14116166,1668807000.0,43532000,0,1.0,3.510952695451547,8096301245,2306012626,5095424,
7,wasm3,bulk_memory.scalar,True,8698902,197,164375,3407500,6763625,12157959,1206994000.0,28842000,0,1.0,3.1622437348384596,5496895827,1738289736,5095424,
7,wasm3,xmrsplayer,True,558748838,206,1278000,3610417,7581542,12545458,1406325000.0,34628000,0,1.0,2.792097859967509,5513695168,1974749971,23248896,
7,wasm3,vtable_mono,True,-318559695,73,122291,12300792,22001375,30282458,1398935000.0,34561000,0,1.0,3.5278112497903265,6839859909,1938839531,23265280,
7,wasm3,vtable_bi,True,-208336512,92,118041,13551667,26679958,35527833,2030382000.0,50379000,0,1.0,3.453162522140295,9475638740,2744046560,23281664,
7,wasm3,vtable_poly4,True,-126115384,100,110167,12367875,25388333,35360083,2198501000.0,51794000,0,1.0,3.474548675176815,10542987902,3034347447,23281664,
7,wasm3,vtable_poly6,True,579248763,79,115708,17149083,29773917,62672875,1990950000.0,50909000,0,1.0,3.140242987442983,8654748850,2756076165,23314432,
7,wasm3,graphql_as,True,5,262,2170875,2767875,6510958,10436000,1449069000.0,37161000,0,1.0,2.5372128796746862,5159455471,2033513038,23527424,
7,wasm3,tailcall_fsm,True,-1841735369,351,65958,2277375,4970625,8018416,1514715000.0,35070000,0,1.0,2.9250350752794634,6183952307,2114146377,23543808,
7,wasm3,eh_parser_exnref,False,,,,,,,,,,,,,,,wasm3 m3_ParseModule failed: out of order Wasm section
7,wasm3,eh_parser_legacy,False,,,,,,,,,,,,,,,wasm3 m3_ParseModule failed: out of order Wasm section
7,wasm3,gc_trees,False,,,,,,,,,,,,,,,wasm3 m3_ParseModule failed: malformed Wasm binary
7,wasm3,callref_dispatch,False,,,,,,,,,,,,,,,wasm3 m3_ParseModule failed: unknown value_type
7,wasm3,callref_dispatch.indirect,True,-750120562,117,46667,6513833,14159833,24221333,1349995000.0,33807000,0,1.0,2.8939871449400316,5626992377,1944373660,23724032,
7,wasm3,relaxed_dot,False,,,,,,,,,,,,,,,wasm3 m3_FindFunction(relaxed_dot) failed: unknown type
7,wasm3,relaxed_madd,False,,,,,,,,,,,,,,,wasm3 m3_FindFunction(relaxed_madd) failed: unknown type
7,wasm3,mem64_chase,False,,,,,,,,,,,,,,,wasm3 m3_ParseModule failed: malformed Wasm binary
7,wasm3,mem64_chase.mem32,True,433527714,21,13855375,57862167,86910542,116923459,1544028000.0,39059000,0,1.0,0.25623736985088674,573011154,2236251310,90865664,
7,wasm3,multimem_transform,False,,,,,,,,,,,,,,,wasm3 m3_ParseModule failed: only one memory per module is supported
7,wasm3,multimem_transform.single,True,902712413,1479,66750,1214333,2732583,4539500,3429550000.0,87777000,0,1.0,3.7354677377504744,17943837750,4803638797,90882048,
7,wasm3,extconst_init,True,-1152068691,113,109708,9659792,15679416,19834167,1503611000.0,43561000,8667,1.0,3.0340037032194886,6632417463,2186028137,91783168,
7,wasm3,extconst_init.mvp,True,-1152068691,236,60667,4330459,8480583,15444000,1753717000.0,49407000,0,1.0,2.7121019068655405,6500916662,2397003094,91848704,
7,wasm3,graphql_porf,False,,,,,,,,,,,,,,,wasm3 m3_ParseModule failed: out of order Wasm section
7,wasm3,sqlite3,False,,,,,,,,,,,,,,,N/A — the harness only has a WASI preview-1 + bench.* import shim for Pulley
7,wasmedge,fib,True,832040,3,909459,549662291,626782625,654813083,1602503000.0,40244000,0,1.0,3.616996456673705,8319359830,2300074089,4587520,
7,wasmedge,fib_tail,True,873876091,316,766541,2629958,5842208,11047542,1609189000.0,39540000,0,1.0,3.475136335145525,7684893785,2211393466,4833280,
7,wasmedge,factorial,True,-2102132736,16384,632791,3000,7792,19750,81372000.0,32729000,18125,0.9998,3.3594861432541125,458546023,136492905,5111808,
7,wasmedge,sieve,True,1229,378,673334,1842708,4322625,7945750,1382957000.0,33801000,0,1.0,3.678279232840944,6756588212,1836888334,5242880,
7,wasmedge,crc32,True,-1910355869,50,600417,20225333,30994667,41058042,1374819000.0,31928000,0,1.0,3.4014252534450593,6615963159,1945056165,5455872,
7,wasmedge,matmul_simd,True,48907,111,571333,9779709,19553125,26936875,1904496000.0,45113000,0,1.0,3.638978680920861,9782000957,2688117138,5537792,
7,wasmedge,matmul_fma,True,48907,48,675209,8780666,16100167,20185667,658782000.0,15652000,0,1.0,3.5599482292891556,3088237784,867495139,5554176,
7,wasmedge,convolution,True,8190685,96,407250,15970417,27527292,68820458,2285816000.0,61356000,0,1.0,3.4597551198082632,11065558632,3198364696,5685248,
7,wasmedge,audio_dsp,True,761667740,1,558958,5832444792,5832444792,5832444792,5091577000.0,123220000,0,1.0,3.5510491916933677,25504845471,7182340794,5685248,
7,wasmedge,bulk_memory,True,8698902,30,253542,56224709,74393375,116926292,1974307000.0,48985000,0,1.0,3.6581423664625947,9813341126,2682602300,5914624,
7,wasmedge,call_indirect,True,-9175573,27,847500,69000083,94381417,123684959,2249886000.0,54158000,0,1.0,3.317847825541914,10374508880,3126879057,5914624,
7,wasmedge,factorial.scalar,True,-2102132736,16384,484709,3416,8834,20209,85179000.0,28625000,0,1.0,3.4435829476434847,533479977,154920031,5914624,
7,wasmedge,sieve.scalar,True,1229,397,808875,2024792,4391167,6936334,1525932000.0,37461000,0,1.0,3.5878474960067654,7409116956,2065059054,5914624,
7,wasmedge,crc32.scalar,True,-1910355869,71,822416,22073167,34026417,46211833,1995794000.0,46515000,0,1.0,3.4276379175377194,9482450186,2766467875,5914624,
7,wasmedge,convolution.scalar,True,8190685,26,515792,44112625,64692292,76590458,1490609000.0,34892000,0,1.0,3.4699367804162997,7143497543,2058682332,5980160,
7,wasmedge,bulk_memory.scalar,True,8698902,15,363834,54785625,84117917,103550166,1027201000.0,24479000,0,1.0,3.662765708470519,5162759740,1409524974,6062080,
7,wasmedge,xmrsplayer,True,-1187888079,23,12828334,52329709,73145334,104738791,1591726000.0,39240000,0,1.0,3.4109529528401614,7827116954,2294700942,25100288,
7,wasmedge,vtable_mono,True,-318559695,17,1106458,102241292,134983042,166121709,2051751000.0,48167000,0,1.0,3.2317777613842673,9160109407,2834387165,25100288,
7,wasmedge,vtable_bi,True,-208336512,11,747375,135720709,169791042,209418583,1696117000.0,39333000,0,1.0,3.492065568352269,8218966749,2353611806,25100288,
7,wasmedge,vtable_poly4,True,-126115384,9,321250,141377042,185054833,219064625,1404892000.0,32990000,0,1.0,3.307034568630456,6913513713,2090547761,25100288,
7,wasmedge,vtable_poly6,True,579248763,8,400166,160614625,214088875,245825875,1451709000.0,37124000,0,1.0,3.29479825419494,6623445526,2010273472,25100288,
7,wasmedge,graphql_as,True,5,29,4783667,34629041,55574500,76783208,1403977000.0,33759000,0,1.0,3.2729657674882464,6188411597,1890765757,25100288,
7,wasmedge,tailcall_fsm,True,-1841735369,45,614625,18958333,33470625,48111875,1413412000.0,33403000,0,1.0,3.7309165476615083,7544440561,2022141333,25100288,
7,wasmedge,eh_parser_exnref,True,830008030,40,436958,39208625,57062458,73920209,2073447000.0,49616000,0,1.0,3.422178684267076,9710769748,2837598689,25100288,
7,wasmedge,eh_parser_legacy,False,,,,,,,,,,,,,,,"WasmEdge VMLoadWasmFromBytes: illegal opcode
loading failed: illegal opcode, Code: 0x117
    Bytecode offset: 0x00000171
    At AST node: instruction
    At AST node: expression
    At AST node: code segment
    At AST node: code section
    At AST node: module"
7,wasmedge,gc_trees,True,-81253392,11,442583,140287875,186491666,200397125,1721702000.0,82832000,0,1.0,3.4220716585523947,8400046762,2454667114,203046912,
7,wasmedge,callref_dispatch,True,-750120562,24,660875,70409667,104281250,125811958,2087077000.0,56009000,0,1.0,3.458843263871861,10041554605,2903153985,203046912,
7,wasmedge,callref_dispatch.indirect,True,-750120562,24,379416,66199792,102985167,118323833,2013179000.0,52533000,0,1.0,3.4773655577734983,9749594104,2803729991,203046912,
7,wasmedge,relaxed_dot,True,-551922832,225,657042,3125709,7019083,10645834,1340069000.0,33856000,0,1.0,3.5427345700698414,6545482182,1847579053,203046912,
7,wasmedge,relaxed_madd,True,-1435646925,608,423416,1366584,2997416,9605292,1543633000.0,43370000,0,1.0,3.456422644373985,7733327253,2237378946,203046912,
7,wasmedge,mem64_chase,True,433527714,11,13457583,132616583,173808334,186965834,1585657000.0,40002000,0,1.0,1.7217323345570106,4008976282,2328455011,257720320,
7,wasmedge,mem64_chase.mem32,True,433527714,10,669708,119496250,153887875,180115792,1388794000.0,33436000,0,1.0,1.6545339318301127,3201849548,1935197270,324845568,
7,wasmedge,multimem_transform,True,902712413,46,388750,26140541,44486291,76880250,1592454000.0,41134000,0,1.0,3.6122638272858896,8292581728,2295674437,324845568,
7,wasmedge,multimem_transform.single,True,902712413,49,233458,23943750,46786875,78172583,1850411000.0,46883000,0,1.0,3.618213480641093,8835334693,2441905305,324845568,
7,wasmedge,extconst_init,True,-1152068691,87,14084209,5870292,11670959,16876375,507080000.0,413929000,76375,0.9999,3.0198215185853288,3961813355,1311936262,324845568,
7,wasmedge,extconst_init.mvp,True,-1152068691,288,5754000,5246708,10753708,16764208,1485397000.0,1383364000,2113666,0.9993,3.0819775234225677,12426989954,4032148145,324845568,
7,wasmedge,graphql_porf,True,0,39,5145500,26420083,41892500,54005709,1337388000.0,161859000,215292,0.9999,3.0762464908859126,6404494886,2081918632,324845568,
7,wasmedge,sqlite3,False,,,,,,,,,,,,,,,N/A — the harness only has a WASI preview-1 + bench.* import shim for Pulley
7,zwasm,fib,True,832040,4,488292,555661417,709467959,755438167,2381039000.0,58380000,0,1.0,3.6624851966929124,13228690512,3611943749,5357568,
7,zwasm,fib_tail,True,873876091,470,395125,2164375,4632917,7367041,1882788000.0,45951000,0,1.0,4.524654959967262,12022502054,2657109141,5488640,
7,zwasm,factorial,False,,,,,,,,,,,,,,,init warmup failed: `factorial(20)` trapped: trap: unreachable
7,zwasm,sieve,False,,,,,,,,,,,,,,,init warmup failed: `sieve(10000)` trapped: trap: unreachable
7,zwasm,crc32,False,,,,,,,,,,,,,,,init warmup failed: `crc32(12648430)` trapped: trap: unreachable
7,zwasm,matmul_simd,False,,,,,,,,,,,,,,,init warmup failed: `matmul(48879)` trapped: trap: unreachable
7,zwasm,matmul_fma,False,,,,,,,,,,,,,,,init warmup failed: `matmul_fma(48879)` trapped: trap: unreachable
7,zwasm,convolution,False,,,,,,,,,,,,,,,init warmup failed: `convolve(51966)` trapped: trap: unreachable
7,zwasm,audio_dsp,True,761667740,1,391000,5031400875,5031400875,5031400875,4514086000.0,106024000,0,1.0,4.553463326904012,28495160446,6257909288,6029312,
7,zwasm,bulk_memory,False,,,,,,,,,,,,,,,init warmup failed: `bulk_memory(45260)` trapped: trap: unreachable
7,zwasm,call_indirect,True,-9175573,22,429375,73319208,104979041,119372667,1974404000.0,46622000,0,1.0,3.345180619627453,9100430500,2720460129,6193152,
7,zwasm,factorial.scalar,True,-2102132736,16384,454333,1625,4250,4917,54272000.0,1023000,0,1.0,4.2490752105358665,317526422,74728360,6258688,
7,zwasm,sieve.scalar,True,1229,978,388958,1690375,3848541,6309916,3237422000.0,79923000,0,1.0,4.585271043735685,20217776509,4409287110,6324224,
7,zwasm,crc32.scalar,True,-1910355869,81,552625,13612458,23899042,42038792,1808740000.0,43057000,0,1.0,4.51335472582994,11590163155,2567970802,6389760,
7,zwasm,convolution.scalar,True,8190685,56,441625,38436292,56533958,78856875,2847808000.0,71533000,0,1.0,4.604826692943481,18751257787,4072087624,6455296,
7,zwasm,bulk_memory.scalar,True,8698902,26,453750,50656958,72041125,85070750,1578445000.0,40175000,0,1.0,4.538992667637618,10059100429,2216152606,6504448,
7,zwasm,xmrsplayer,True,613227689,28,4991875,49228042,75358000,102869542,1803735000.0,45772000,0,1.0,3.983019800587127,10058456755,2525334359,24641536,
7,zwasm,vtable_mono,True,-318559695,12,542875,123732375,165686084,200424417,1760919000.0,42164000,0,1.0,3.119237506576511,7775023733,2492603951,24641536,
7,zwasm,vtable_bi,True,-208336512,9,377000,168897333,188857875,239395292,1579840000.0,38095000,0,1.0,3.450598287202859,7578946779,2196415273,24641536,
7,zwasm,vtable_poly4,True,-126115384,9,440208,175129042,208314666,259732708,1635028000.0,40268000,0,1.0,3.353928892112285,7834116628,2335802839,24641536,
7,zwasm,vtable_poly6,True,579248763,8,461541,193754292,224492125,257947667,1573537000.0,38664000,0,1.0,3.3385236654186943,7501706718,2247013192,24641536,
7,zwasm,graphql_as,True,5,35,2462625,30806000,49023625,62814208,1509423000.0,38306000,0,1.0,3.6626583034877274,7624242102,2081614355,24641536,
7,zwasm,tailcall_fsm,True,-1841735369,57,215875,26687625,43804375,59638709,2231864000.0,102613000,0,1.0,3.4337767183652126,11206985942,3263749178,192937984,
7,zwasm,eh_parser_exnref,True,830008030,20,910792,46903000,68462833,95177584,1234370000.0,30025000,0,1.0,3.008817702491343,5431647881,1805243261,193544192,
7,zwasm,eh_parser_legacy,False,,,,,,,,,,,,,,,wasm_module_new failed (invalid wasm or unsupported feature)
7,zwasm,gc_trees,False,,,,,,,,,,,,,,,N/A — not run: zwasm v2.7.0 never reclaims GC structs and grows its GC heap far faster than the allocation rate (124 MB for 31K 24-byte structs); the process segfaults at ~2.3 GB
7,zwasm,callref_dispatch,True,-750120562,18,308333,79118834,97877042,128671583,1594926000.0,38685000,0,1.0,3.526146427133302,8193722740,2323704619,193609728,
7,zwasm,callref_dispatch.indirect,True,-750120562,18,391500,69963459,100407417,130627084,1628580000.0,39279000,0,1.0,3.4904276498638778,7974726688,2284742011,193609728,
7,zwasm,relaxed_dot,False,,,,,,,,,,,,,,,init warmup failed: `relaxed_dot(7)` trapped: trap: unreachable
7,zwasm,relaxed_madd,False,,,,,,,,,,,,,,,init warmup failed: `relaxed_madd(7)` trapped: trap: unreachable
7,zwasm,mem64_chase,True,433527714,13,15411375,123532583,162448875,183533791,1813897000.0,46051000,0,1.0,1.7132833990676661,4394998581,2565249032,260751360,
7,zwasm,mem64_chase.mem32,True,433527714,12,210125,116787292,152702792,164350584,1559773000.0,37077000,0,1.0,1.8696639468598841,4050114767,2166226061,327860224,
7,zwasm,multimem_transform,True,902712413,76,389625,18452834,31392541,70685667,2053759000.0,48590000,0,1.0,4.720871911504212,13824200159,2928315027,327860224,
7,zwasm,multimem_transform.single,True,902712413,61,399042,15132292,28867791,47787708,1603830000.0,38570000,0,1.0,4.717504106468486,11094370450,2351745796,327860224,
7,zwasm,extconst_init,True,-1152068691,827,4626333,994917,2280833,4603625,1311697000.0,311901000,518667,0.9997,3.078257105116061,7168903563,2328883949,1556070400,
7,zwasm,extconst_init.mvp,True,-1152068691,1291,2249666,392375,1076375,2170875,963188000.0,280957000,159500,0.9999,3.232386804754877,5542631071,1714717763,2453209088,
7,zwasm,graphql_porf,True,0,43,4411375,27689583,44204958,59763084,1509588000.0,153475000,161750,0.9999,3.204268808635358,7205365575,2248677001,2717171712,
7,zwasm,sqlite3,False,,,,,,,,,,,,,,,N/A — the harness only has a WASI preview-1 + bench.* import shim for Pulley
7,wasmz,fib,True,832040,16,752375,66024875,92237583,131550458,1363999000.0,34834000,0,1.0,2.7729965563135215,5392693031,1944716815,5668864,
7,wasmz,fib_tail,True,873876091,3916,555250,268458,645583,1386083,1935536000.0,97231000,35917,1.0,2.463427043439521,7040333321,2857942694,5947392,
7,wasmz,factorial,True,-2102132736,16384,582750,3167,5417,23750,20972000.0,87859000,66208,0.9994,1.9924018174818208,338021283,169655177,5980160,
7,wasmz,sieve,False,,,,,,,,,,,,,,,N/A — not run: wasmz v0.1.4 segfaults on this module's v128 ops (the scalar build runs)
7,wasmz,crc32,False,,,,,,,,,,,,,,,N/A — not run: wasmz v0.1.4 segfaults on this module's v128 ops (the scalar build runs)
7,wasmz,matmul_simd,True,48907,581,721375,2345541,5038375,8407875,2537663000.0,77992000,11500,1.0,3.4822261748438845,12561551055,3607333477,6209536,
7,wasmz,matmul_fma,True,48907,454,597125,1592417,3489291,5287583,1329141000.0,42659000,0,1.0,4.003463357551784,7680557220,1918478211,6291456,
7,wasmz,convolution,True,8190685,355,362458,4149917,8671042,13929250,2708738000.0,77373000,14084,1.0,3.7776524436304144,14404617652,3813113532,6340608,
7,wasmz,audio_dsp,True,761667740,1,735958,969537958,969537958,969537958,873587000.0,20047000,0,1.0,2.984559779988518,3786675851,1268755237,6455296,
7,wasmz,bulk_memory,True,8698902,170,787916,4642833,9993625,17947292,1438669000.0,40793000,0,1.0,3.31799633435173,6588397083,1985655323,6651904,
7,wasmz,call_indirect,True,-9175573,62,1126542,15350500,26614833,37179791,1488333000.0,39209000,0,1.0,2.6472100888063843,5610646664,2119456513,7176192,
7,wasmz,factorial.scalar,True,-2102132736,16384,743958,3250,8375,27750,27041000.0,115203000,0,1.0,2.10620653679527,328790652,156105608,7176192,
7,wasmz,sieve.scalar,True,1229,2347,620500,262291,668667,1341958,1157971000.0,56730000,0,1.0,3.11136638212928,5216147834,1676481389,7176192,
7,wasmz,crc32.scalar,True,-1910355869,425,547000,2190166,5028500,8025208,1836385000.0,54976000,0,1.0,3.3265505977149896,8198931531,2464694671,7176192,
7,wasmz,convolution.scalar,True,8190685,129,875125,6390584,10743500,17251500,1328556000.0,33961000,0,1.0,3.4196036742862868,6872037664,2009600620,7176192,
7,wasmz,bulk_memory.scalar,True,8698902,209,637916,4304041,8726583,14086500,1610722000.0,44576000,6625,1.0,3.2225538983303395,7493936704,2325465125,7176192,
7,wasmz,xmrsplayer,True,84288996,167,2465458,5257917,10681917,20968625,1554495000.0,46701000,0,1.0,2.808437616590237,6333620355,2255211338,26247168,
7,wasmz,vtable_mono,True,-318559695,42,1200916,25585208,41437334,54197625,1457475000.0,37318000,0,1.0,3.2752339988427845,6710834387,2048963338,26247168,
7,wasmz,vtable_bi,True,-208336512,43,934750,29605625,42992166,62169209,1686595000.0,40947000,0,1.0,3.0635862229004007,7404623207,2416978883,26247168,
7,wasmz,vtable_poly4,True,-126115384,43,1453208,33724083,50004333,59872459,1813922000.0,44624000,0,1.0,3.098057810998964,7744983255,2499947944,26247168,
7,wasmz,vtable_poly6,True,579248763,44,1504584,33914541,54428625,77770291,2101063000.0,53252000,0,1.0,2.8083682432997183,8139886076,2898439724,26247168,
7,wasmz,graphql_as,False,,,,,,,,,,,,,,,wasmz init-warmup failed: wasmz_instance_call trap: trap: wasm `unreachable` instruction executed
7,wasmz,tailcall_fsm,True,-1841735369,484,325583,2286750,4975583,11407500,2051121000.0,63874000,0,1.0,2.465172988046621,7114801009,2886126468,26247168,
7,wasmz,eh_parser_exnref,True,830008030,174,451541,6260209,12179041,20323125,1869018000.0,55730000,0,1.0,2.6678347552432014,7366080047,2761070577,26247168,
7,wasmz,eh_parser_legacy,True,830008030,141,527833,6832500,14314333,18857250,1683393000.0,50000000,0,1.0,2.6679225567489646,6134192037,2299239167,26247168,
7,wasmz,gc_trees,True,-81253392,47,235125,22254292,39334500,95988833,1661888000.0,150624000,84042,1.0,2.859764967862073,7909055297,2765631227,319275008,
7,wasmz,callref_dispatch,False,,,,,,,,,,,,,,,wasmz init-warmup failed: wasmz_instance_call trap: trap: null reference dereference
7,wasmz,callref_dispatch.indirect,True,-750120562,67,594375,15410292,27344458,39516375,1543907000.0,40628000,0,1.0,2.6614535826855605,5601566705,2104702010,319275008,
7,wasmz,relaxed_dot,True,-551922832,972,345084,1421417,3078417,5924833,2494212000.0,99164000,37583,1.0,3.987754520902768,14854130398,3724936006,319275008,
7,wasmz,relaxed_madd,True,-1435646925,1275,747083,354250,905375,2496083,877273000.0,43739000,27083,1.0,3.1588860053041112,3864084701,1223242844,319275008,
7,wasmz,mem64_chase,True,433527714,22,12133208,57765000,90234916,106653250,1631711000.0,43459000,0,1.0,0.3099410332591506,713983506,2303610782,319275008,
7,wasmz,mem64_chase.mem32,True,433527714,23,15479084,67084791,86825791,99351042,1781539000.0,45497000,0,1.0,0.30703785386651666,747862372,2435733453,319275008,
7,wasmz,multimem_transform,False,,,,,,,,,,,,,,,wasmz_module_new failed: module compilation failed: MultipleMemories
7,wasmz,multimem_transform.single,True,902712413,451,208291,2191625,4271041,9949667,1675986000.0,52650000,0,1.0,3.1026168868378035,8192996267,2640672879,319275008,
7,wasmz,extconst_init,False,,,,,,,,,,,,,,,"wrong result: got -1669113347, expected -1152068691 (cross-runtime consensus)"
7,wasmz,extconst_init.mvp,False,,,,,,,,,,,,,,,"wrong result: got 1844351884, expected -1152068691 (cross-runtime consensus)"
7,wasmz,graphql_porf,False,,,,,,,,,,,,,,,init warmup failed: wasmz m() trap: multi-value results are not supported by the C API (results_len = 2)
7,wasmz,sqlite3,False,,,,,,,,,,,,,,,N/A — the harness only has a WASI preview-1 + bench.* import shim for Pulley
7,tinywasm,fib,True,832040,7,478209,162400000,202982042,256014208,1289826000.0,30754000,0,1.0,3.4321143904843927,6444586907,1877730802,5177344,
7,tinywasm,fib_tail,True,873876091,3186,187834,627084,1420958,2779708,3788447000.0,91794000,0,1.0,4.127917932715042,22301894145,5402698045,5308416,
7,tinywasm,factorial,True,-2102132736,16384,192250,333,500,1125,9510000.0,522000,0,1.0,3.309360117118195,67332049,20345942,5619712,
7,tinywasm,sieve,True,1229,2939,201458,612000,1561042,2829166,3541123000.0,85727000,0,1.0,3.6659113114406625,17677214106,4822051764,5799936,
7,tinywasm,crc32,True,-1910355869,249,308500,5145458,9986083,14043458,2246591000.0,52958000,0,1.0,3.6535950772148085,11541394525,3158914516,5816320,
7,tinywasm,matmul_simd,True,48907,268,387458,3609791,7403917,11426333,1764022000.0,42091000,0,1.0,3.6820840734284053,9276689760,2519412804,5931008,
7,tinywasm,matmul_fma,True,48907,310,383959,2765875,6203125,9785125,1647818000.0,38612000,0,1.0,3.562242781249817,8118826922,2279133518,6062080,
7,tinywasm,convolution,True,8190685,244,194625,5543167,12199417,22985583,2565547000.0,59902000,0,1.0,3.427342673039139,12019429135,3506923667,6111232,
7,tinywasm,audio_dsp,True,761667740,1,297333,2164493083,2164493083,2164493083,1890456000.0,47372000,0,1.0,3.712454968115311,10252565826,2761667391,6242304,
7,tinywasm,bulk_memory,True,8698902,118,253792,9879709,19982708,26525458,2038449000.0,51766000,0,1.0,3.824488882970849,10852881413,2837733811,6389760,
7,tinywasm,call_indirect,True,-9175573,50,254667,27236625,41852417,55252167,1899945000.0,43217000,0,1.0,2.7853325325454694,7508708981,2695803425,6520832,
7,tinywasm,factorial.scalar,True,-2102132736,16384,192708,708,750,917,13948000.0,237000,0,1.0,3.8693845262562974,55756469,14409648,6537216,
7,tinywasm,sieve.scalar,True,1229,1144,231792,643500,1542209,2702042,1411707000.0,32904000,0,1.0,3.671975126467105,7228661327,1968603021,6651904,
7,tinywasm,crc32.scalar,True,-1910355869,120,229000,5086167,10714000,16770542,1126747000.0,26954000,0,1.0,3.619404534252035,5594835940,1545789062,6701056,
7,tinywasm,convolution.scalar,True,8190685,97,152417,15833750,26140542,42176542,2362963000.0,55124000,0,1.0,3.5192839060454224,11899351439,3381185422,6750208,
7,tinywasm,bulk_memory.scalar,True,8698902,88,257500,10656250,21841458,30681041,1632110000.0,39872000,0,1.0,3.81727391078596,8654528331,2267201289,6750208,
7,tinywasm,xmrsplayer,True,-1776180242,48,5528584,13664625,27780333,37170125,1133071000.0,27906000,0,1.0,3.546871620207723,5370334994,1514104701,24690688,
7,tinywasm,vtable_mono,True,-318559695,29,208500,44715041,71957000,83172167,1761488000.0,41670000,0,1.0,3.173334759096003,7377072506,2324706678,24707072,
7,tinywasm,vtable_bi,True,-208336512,32,353292,54857208,80474250,97557166,2249411000.0,50707000,0,1.0,3.244694478078078,9955817211,3068337336,24723456,
7,tinywasm,vtable_poly4,True,-126115384,23,233709,58578500,83483750,94089167,1647816000.0,38504000,0,1.0,3.3130189114507353,7544639905,2277270401,24756224,
7,tinywasm,vtable_poly6,True,579248763,18,353666,71290666,86208125,134341917,1360153000.0,34728000,0,1.0,3.1291052073415164,6488819398,2073698060,24772608,
7,tinywasm,graphql_as,True,5,105,1860708,9841834,20554000,30652000,1849305000.0,46141000,0,1.0,3.3554975545056482,8553340128,2549052708,25231360,
7,tinywasm,tailcall_fsm,True,-1841735369,172,292500,4907583,9821708,14243625,1466628000.0,35540000,0,1.0,3.4350712761059072,7424038933,2161247420,25231360,
7,tinywasm,eh_parser_exnref,True,830008030,54,238583,20932167,29508833,40024208,1413912000.0,33391000,0,1.0,2.76181238590853,5679154698,2056314443,25853952,
7,tinywasm,eh_parser_legacy,False,,,,,,,,,,,,,,,tinywasm::parse_bytes failed: error parsing module: legacy exceptions support is not enabled (at offset 0x171) at offset 369
7,tinywasm,gc_trees,True,-81253392,10,123000,148039000,184654250,236226208,1665983000.0,40957000,0,1.0,2.431075318801277,5979427517,2459581351,28344320,
7,tinywasm,callref_dispatch,True,-750120562,55,191708,24162458,38771000,60254666,1911717000.0,48054000,0,1.0,2.8620529711207627,7898380787,2759690637,28344320,
7,tinywasm,callref_dispatch.indirect,True,-750120562,42,165625,22903416,39193084,57339958,1436486000.0,37584000,0,1.0,2.7649872253587278,5773461941,2088060982,28344320,
7,tinywasm,relaxed_dot,True,-551922832,438,469833,2206000,4825333,6844500,1824777000.0,41653000,0,1.0,3.0938725721794156,7966396432,2574894811,28344320,
7,tinywasm,relaxed_madd,True,-1435646925,2118,213625,620834,1581541,2857166,2573908000.0,63880000,0,1.0,3.4191964381758786,12061132315,3527475690,28344320,
7,tinywasm,mem64_chase,True,433527714,17,11126875,71355000,102007250,114237375,1490640000.0,37616000,0,1.0,0.8113448393269034,1696183454,2090582662,79364096,
7,tinywasm,mem64_chase.mem32,True,433527714,18,1257000,75325458,106755542,125025833,1621608000.0,39437000,0,1.0,0.7457928281436397,1605435674,2152656359,79364096,
7,tinywasm,multimem_transform,True,902712413,282,265250,5864834,12865667,17534708,3100553000.0,73077000,0,1.0,3.869154022803873,16556458744,4279090118,79364096,
7,tinywasm,multimem_transform.single,True,902712413,230,180750,5967917,12215958,17357833,2426820000.0,61287000,0,1.0,3.9242965326107155,13263845582,3379929491,79364096,
7,tinywasm,extconst_init,True,-1152068691,2083,11097417,337500,863208,1837708,1395740000.0,38351000,0,1.0,3.853320323375739,7418729095,1925282217,80625664,
7,tinywasm,extconst_init.mvp,True,-1152068691,10400,3968291,74166,170875,537750,1449872000.0,38183000,0,1.0,3.657738617739533,7809404637,2135036276,80756736,
7,tinywasm,graphql_porf,True,0,115,7292208,10513333,18762333,30221875,1594618000.0,388186000,1058583,0.9995,2.7596455931997714,7362488205,2667910772,1109884928,
7,tinywasm,sqlite3,False,,,,,,,,,,,,,,,N/A — the harness only has a WASI preview-1 + bench.* import shim for Pulley
8,pulley,fib,True,832040,24,2058833,74384083,109348500,125156084,2166446000.0,52036000,0,1.0,2.9189354638900116,8549289459,2928906639,7110656,
8,pulley,fib_tail,True,873876091,3031,1256458,247292,628833,1416333,1425670000.0,36919000,0,1.0,3.293057712290633,6604392267,2005550113,7782400,
8,pulley,factorial,True,-2102132736,16384,2066916,208,375,792,8183000.0,874000,0,1.0,2.671104161358551,37059420,13874195,8454144,
8,pulley,sieve,True,1229,1923,4203541,351584,900542,2176208,1308862000.0,33178000,0,1.0,3.124558497762996,5709244508,1827216393,9568256,
8,pulley,crc32,True,-1910355869,316,2028375,2423834,5198875,7300708,1421357000.0,37005000,0,1.0,3.840842780361726,7351046537,1913914981,9928704,
8,pulley,matmul_simd,True,48907,572,5510583,1635459,3327708,6040708,1715065000.0,43569000,0,1.0,3.4409149015868987,8567411627,2489864432,10436608,
8,pulley,matmul_fma,True,48907,1332,5254958,1200000,2804792,5120792,3111880000.0,89162000,0,1.0,3.784061012306229,16231770425,4289510759,10551296,
8,pulley,convolution,True,8190685,253,3579583,3006417,6133500,13222125,1356925000.0,41259000,0,1.0,3.5906944832873537,7200661793,2005367437,10780672,
8,pulley,audio_dsp,True,761667740,1,2219208,1283173667,1283173667,1283173667,1128094000.0,28102000,0,1.0,3.41260194214512,5328503109,1561419468,10780672,
8,pulley,bulk_memory,True,8698902,80,2643875,16015000,24295125,35175750,1691476000.0,44508000,0,1.0,2.5012440462503296,6099937482,2438761420,11042816,
8,pulley,call_indirect,True,-9175573,59,7263375,21653334,35212375,52618583,1861161000.0,50968000,0,1.0,2.0794411254191947,5235288919,2517642291,11206656,
8,pulley,factorial.scalar,True,-2102132736,16384,1785541,417,834,1000,14080000.0,319000,0,1.0,2.600151866108557,41724715,16047030,11206656,
8,pulley,sieve.scalar,True,1229,1957,4440500,369250,941833,1732417,1403821000.0,35388000,0,1.0,3.3209881843699782,6435840696,1937929417,11239424,
8,pulley,crc32.scalar,True,-1910355869,668,2053375,2295625,4836667,9104667,2805224000.0,74282000,0,1.0,3.8525276219141715,15601345983,4049638968,11239424,
8,pulley,convolution.scalar,True,8190685,143,2396459,6784542,12670125,18126792,1624135000.0,42540000,0,1.0,4.164458082901031,9462028742,2272091243,11239424,
8,pulley,bulk_memory.scalar,True,8698902,84,3381292,12576292,24992834,39898750,1841915000.0,45955000,0,1.0,2.5423478950152245,6568986232,2583826645,11337728,
8,pulley,xmrsplayer,True,1580867102,94,300936959,8587125,17625709,23929375,1462904000.0,36455000,0,1.0,2.7595850903679957,5587223042,2024660541,37224448,
8,pulley,vtable_mono,True,-318559695,42,11209667,42814417,59249500,74557500,2185703000.0,62401000,0,1.0,2.3130278271371116,7193175461,3109852539,37224448,
8,pulley,vtable_bi,True,-208336512,41,8531292,43240458,61826709,79950959,2244866000.0,56121000,0,1.0,2.3123113404649036,7248274650,3134644770,37224448,
8,pulley,vtable_poly4,True,-126115384,32,12709333,41418458,67697000,76116834,1792936000.0,44738000,0,1.0,2.3416079021302254,5831930429,2490566599,37224448,
8,pulley,vtable_poly6,True,579248763,27,14679209,52624916,72236209,85396584,1713083000.0,43421000,0,1.0,2.3504421798401727,5393054003,2294484863,37224448,
8,pulley,graphql_as,True,5,218,153264375,4842834,11140500,17803166,2123986000.0,55118000,0,1.0,2.5415669123465503,7534808062,2964631002,37224448,
8,pulley,tailcall_fsm,True,-1841735369,527,3870000,2531000,5202708,8626625,2440334000.0,57333000,0,1.0,2.3826686247846434,8430921484,3538436439,37224448,
8,pulley,eh_parser_exnref,True,830008030,114,3105250,11873292,20486958,30538000,1959982000.0,48352000,0,1.0,2.4079488915116243,6534326859,2713648484,37224448,
8,pulley,eh_parser_legacy,False,,,,,,,,,,,,,,,Module::from_binary failed — invalid wasm or unsupported feature?: failed to compile: wasm[0]::function[6]: WebAssembly translation error: Unsupported feature: operator Try { blockty: Empty }
8,pulley,gc_trees,True,-81253392,14,4870292,125477875,144689417,192213375,1747639000.0,46230000,0,1.0,3.015956805763908,7456358537,2472302827,37224448,
8,pulley,callref_dispatch,True,-750120562,59,4891167,22188166,30646833,42204791,1612051000.0,36009000,0,1.0,1.8855793563332288,4247978175,2252876900,37224448,
8,pulley,callref_dispatch.indirect,True,-750120562,64,3564834,16194625,31171375,43753958,1675706000.0,37129000,0,1.0,1.9594489293691566,4410884845,2251084363,37224448,
8,pulley,relaxed_dot,True,-551922832,294,4758334,3117208,7153209,13643500,1765436000.0,43664000,0,1.0,3.4545008965015267,8367827317,2422297046,37224448,
8,pulley,relaxed_madd,True,-1435646925,4821,7723917,162208,413375,916209,1640320000.0,38974000,0,1.0,3.1013963458240874,6474081342,2087473067,37224448,
8,pulley,mem64_chase,True,433527714,23,2014875,57068125,93251834,105019375,1833426000.0,35948000,0,1.0,0.698889939095903,1626156767,2326770892,91389952,
8,pulley,mem64_chase.mem32,True,433527714,38,2938667,36116667,69407334,116045583,2347453000.0,52210000,0,1.0,0.5785943020195017,1807248859,3123516517,91389952,
8,pulley,multimem_transform,True,902712413,260,2068958,3433250,7221208,12926583,1687485000.0,40475000,0,1.0,3.588367446108352,8378832762,2334998544,91389952,
8,pulley,multimem_transform.single,True,902712413,371,2761541,4929750,11403125,19449666,3608541000.0,94743000,0,1.0,3.423046553898597,16010348156,4677221856,91389952,
8,pulley,extconst_init,True,-1152068691,16384,819441583,56208,144583,407500,2003410000.0,265475000,43667,1.0,2.9289559636994227,7798511249,2662556674,91389952,
8,pulley,extconst_init.mvp,True,-1152068691,16384,70939708,34000,89167,304917,1128645000.0,361463000,10541,1.0,2.630989029185956,4576706612,1739538463,91389952,
8,pulley,graphql_porf,True,0,164,298488250,6370875,14467000,18231209,1779320000.0,398852000,606333,0.9997,2.027980993496523,5104737882,2517152724,91389952,
8,pulley,sqlite3,True,0,1,2941079292,66000794834,66000794834,66000794834,49424506000.0,1891524000,39833,1.0,2.4172065477943288,152364287590,63033209855,106774528,
8,wamr,fib,True,832040,16,1766625,95118583,127878791,158147834,1825068000.0,38505000,0,1.0,3.307124262873632,8270128862,2500700973,11829248,
8,wamr,fib_tail,True,873876091,5115,1388083,387750,994208,1663458,4071097000.0,78256000,0,1.0,2.232654581452028,11803508071,5286759613,11976704,
8,wamr,factorial,True,-2102132736,16384,2290667,208,541,667,9096000.0,661000,0,1.0,3.463933611898431,41491170,11978050,12091392,
8,wamr,sieve,True,1229,5965,1354250,257167,660500,1236542,3234132000.0,58807000,71208,1.0,3.4020055969641216,13961125428,4103792610,12124160,
8,wamr,crc32,True,-1910355869,805,981292,1925083,4995458,6949750,3428162000.0,62621000,0,1.0,2.6162983383295657,10768763619,4116030447,12222464,
8,wamr,matmul_simd,True,48907,583,2437458,1327625,3428833,5247250,1773560000.0,34554000,0,1.0,3.7553138462974744,7650578949,2037267526,12222464,
8,wamr,matmul_fma,True,48907,689,3528916,986333,2563042,3881750,1514685000.0,34272000,0,1.0,3.7504536482441986,6797732848,1812509495,12255232,
8,wamr,convolution,True,8190685,482,2157916,2313166,5575333,8798667,2283082000.0,57027000,0,1.0,3.3018546471689683,8740848391,2647254142,12337152,
8,wamr,audio_dsp,True,761667740,1,2142750,1260219125,1260219125,1260219125,1063549000.0,27370000,0,1.0,2.1875435446443348,2682962186,1226472585,12337152,
8,wamr,bulk_memory,True,8698902,127,2412500,5658667,13563250,18408625,1406072000.0,37027000,0,1.0,2.683200668301228,4737893325,1765761831,12402688,
8,wamr,call_indirect,True,-9175573,121,2982292,16491792,24568917,29670834,2617020000.0,59728000,0,1.0,2.5501689123909843,7786568077,3053353854,12402688,
8,wamr,factorial.scalar,True,-2102132736,16384,1551084,208,583,667,9527000.0,499000,0,1.0,3.013966482988806,36432860,12088011,12402688,
8,wamr,sieve.scalar,True,1229,2559,1842709,274500,715167,1364875,1532256000.0,38118000,0,1.0,2.563556454987097,4887220201,1906421913,12402688,
8,wamr,crc32.scalar,True,-1910355869,533,2110208,1973958,5035750,7628250,2282400000.0,39726000,7167,1.0,2.600684145693816,7157087523,2752001828,12500992,
8,wamr,convolution.scalar,True,8190685,134,2178458,6157667,15282792,20389625,1780797000.0,27379000,0,1.0,2.1925495039728933,4648447326,2120110546,12550144,
8,wamr,bulk_memory.scalar,True,8698902,204,1259583,6600166,12308166,19325084,2246058000.0,43731000,0,1.0,2.579445738632799,7704835305,2987011973,12599296,
8,wamr,xmrsplayer,True,1218231417,153,9221416,6450125,13626250,17405084,1920966000.0,35120000,0,1.0,2.9965145723104247,7414217775,2474280567,28835840,
8,wamr,vtable_mono,True,-318559695,56,841125,19491458,35276459,39905417,1726986000.0,32889000,0,1.0,3.2781004579831285,6885232995,2100372787,28835840,
8,wamr,vtable_bi,True,-208336512,58,2367916,27294125,40444583,48324625,2043429000.0,42670000,0,1.0,3.118823934166556,7955702389,2550866146,28835840,
8,wamr,vtable_poly4,True,-126115384,41,2070042,28329209,41817417,51563000,1555837000.0,30235000,0,1.0,2.8927045375535347,5777812671,1997373944,28835840,
8,wamr,vtable_poly6,True,579248763,44,1715208,30498875,49294000,61607125,1845545000.0,42655000,0,1.0,2.7386410978411355,6396150835,2335519919,28835840,
8,wamr,graphql_as,True,5,269,6136500,3200375,9451959,14585250,2354000000.0,37248000,0,1.0,2.5515082364043855,7285620892,2855417352,28835840,
8,wamr,tailcall_fsm,True,-1841735369,164,2562875,4720833,11969583,15802083,1649833000.0,28445000,0,1.0,3.645878116226334,7269967032,1994023607,28835840,
8,wamr,eh_parser_exnref,False,,,,,,,,,,,,,,,wasm_runtime_load failed: WASM module load failed: unsupported opcode 1f
8,wamr,eh_parser_legacy,True,830008030,127,2186500,8237125,16601583,19471375,1880227000.0,29675000,0,1.0,3.008044982733898,6524638557,2169062828,28835840,
8,wamr,gc_trees,False,,,,,,,,,,,,,,,wasm_runtime_load failed: WASM module load failed: invalid type flag
8,wamr,callref_dispatch,False,,,,,,,,,,,,,,,wasm_runtime_load failed: WASM module load failed: incompatible import type
8,wamr,callref_dispatch.indirect,True,-750120562,94,75458,10231042,22562917,31229375,1874395000.0,30444000,0,1.0,2.5606844582212194,6042837454,2359852435,28835840,
8,wamr,relaxed_dot,True,-551922832,693,2247417,1118833,2942416,6296000,1762307000.0,43212000,0,1.0,3.0563019521459016,6339471016,2074229286,28835840,
8,wamr,relaxed_madd,True,-1435646925,4062,2002917,192541,491000,922250,1727651000.0,27497000,0,1.0,3.534134108991799,7318613930,2070836506,28835840,
8,wamr,mem64_chase,False,,,,,,,,,,,,,,,wasm_runtime_load failed: WASM module load failed: invalid limits flags
8,wamr,mem64_chase.mem32,True,433527714,24,2684125,38653250,72932541,103881334,1581962000.0,36322000,505042,0.9997,0.3141260230695054,686878277,2186632837,81477632,
8,wamr,multimem_transform,False,,,,,,,,,,,,,,,wasm_runtime_load failed: WASM module load failed: multiple memories
8,wamr,multimem_transform.single,True,902712413,400,1845708,1995583,5041584,8555791,1757932000.0,29830000,0,1.0,2.8847500627240183,5908679153,2048246477,81477632,
8,wamr,extconst_init,True,-1152068691,3014,6932209,253875,654250,1377375,1716553000.0,90698000,46167,1.0,3.071114847263868,6451769995,2100790858,81477632,
8,wamr,extconst_init.mvp,True,-1152068691,15325,2588834,46000,118458,419667,1447815000.0,237588000,917833,0.9995,3.1530857303607265,6566909352,2082692928,81477632,
8,wamr,graphql_porf,True,0,181,9856291,5589625,11883583,14584250,1510489000.0,547845000,499542,0.9998,2.6262982262700603,6169091574,2348968412,81477632,
8,wamr,sqlite3,False,,,,,,,,,,,,,,,N/A — the harness only has a WASI preview-1 + bench.* import shim for Pulley
8,wasm3,fib,True,832040,23,327666,77126833,100378208,110248000,2084327000.0,39827000,0,1.0,3.2684059358493442,8476329496,2593413934,4521984,
8,wasm3,fib_tail,True,873876091,7943,37167,251250,641250,1411875,4433095000.0,87832000,0,1.0,2.343656507574799,12421142666,5299898951,4685824,
8,wasm3,factorial,False,,,,,,,,,,,,,,,wasm3 m3_FindFunction(factorial) failed: compiling function underran the stack
8,wasm3,sieve,False,,,,,,,,,,,,,,,wasm3 m3_FindFunction(sieve) failed: incorrect type on stack
8,wasm3,crc32,False,,,,,,,,,,,,,,,wasm3 m3_FindFunction(crc32) failed: compiling function underran the stack
8,wasm3,matmul_simd,False,,,,,,,,,,,,,,,wasm3 m3_FindFunction(matmul) failed: unknown type
8,wasm3,matmul_fma,False,,,,,,,,,,,,,,,wasm3 m3_FindFunction(matmul_fma) failed: unknown type
8,wasm3,convolution,False,,,,,,,,,,,,,,,wasm3 m3_FindFunction(convolve) failed: incorrect type on stack
8,wasm3,audio_dsp,True,761667740,3,168125,613838000,637670167,675354125,1768666000.0,30922000,0,1.0,2.9846585854481797,6008398371,2013094027,4947968,
8,wasm3,bulk_memory,False,,,,,,,,,,,,,,,wasm3 m3_FindFunction(bulk_memory) failed: unknown label
8,wasm3,call_indirect,True,-9175573,146,103833,6189500,14516333,18176625,1807635000.0,36820000,0,1.0,2.7999350869726016,6483753713,2315680011,5029888,
8,wasm3,factorial.scalar,True,-2102132736,16384,91459,83,125,167,2696000.0,85000,0,1.0,3.5387479214648545,25312218,7152874,5046272,
8,wasm3,sieve.scalar,True,1229,15409,210083,128625,328166,734500,4240592000.0,88491000,0,1.0,3.9805636665266926,21042300184,5286261431,5079040,
8,wasm3,crc32.scalar,True,-1910355869,695,117000,1113083,2646667,4329750,1523683000.0,35078000,0,1.0,3.4067722229911537,7037500862,2065738594,5079040,
8,wasm3,convolution.scalar,True,8190685,271,104541,3287334,7453584,10030250,1802802000.0,31581000,0,1.0,3.5427800653610686,7682893823,2168605920,5095424,
8,wasm3,bulk_memory.scalar,True,8698902,223,174958,3536834,8330333,13994083,1631547000.0,28969000,0,1.0,3.1852154446991627,6213312767,1950672686,5095424,
8,wasm3,xmrsplayer,True,731336352,193,1011292,3684042,8450959,12455375,1464680000.0,27136000,0,1.0,2.819638534530968,5155811949,1828536490,23248896,
8,wasm3,vtable_mono,True,-318559695,100,112292,11889625,24666958,37789417,2185209000.0,45719000,0,1.0,3.5386960522007653,9362588151,2645773475,23265280,
8,wasm3,vtable_bi,True,-208336512,71,119417,14902084,24970041,38969000,1531562000.0,43373000,0,1.0,3.443203441893125,7310937389,2123295214,23281664,
8,wasm3,vtable_poly4,True,-126115384,86,97417,12688333,26489125,31553125,2022173000.0,35916000,0,1.0,3.5005312342385095,9054213931,2586525680,23281664,
8,wasm3,vtable_poly6,True,579248763,77,113459,14447458,31822292,37377542,2164339000.0,35159000,0,1.0,3.180895821350103,8417446108,2646250170,23314432,
8,wasm3,graphql_as,True,5,267,1835542,2915292,7467375,13108166,1717612000.0,45208000,0,1.0,2.5482323298076315,5259758356,2064081165,23527424,
8,wasm3,tailcall_fsm,True,-1841735369,581,70750,2307375,5867083,8988625,2930627000.0,48111000,0,1.0,2.9509150775046944,10227633086,3465919153,23527424,
8,wasm3,eh_parser_exnref,False,,,,,,,,,,,,,,,wasm3 m3_ParseModule failed: out of order Wasm section
8,wasm3,eh_parser_legacy,False,,,,,,,,,,,,,,,wasm3 m3_ParseModule failed: out of order Wasm section
8,wasm3,gc_trees,False,,,,,,,,,,,,,,,wasm3 m3_ParseModule failed: malformed Wasm binary
8,wasm3,callref_dispatch,False,,,,,,,,,,,,,,,wasm3 m3_ParseModule failed: unknown value_type
8,wasm3,callref_dispatch.indirect,True,-750120562,126,55750,6594166,16038334,22790791,1725245000.0,31403000,0,1.0,2.9138955708801935,6050916404,2076572841,23724032,
8,wasm3,relaxed_dot,False,,,,,,,,,,,,,,,wasm3 m3_FindFunction(relaxed_dot) failed: unknown type
8,wasm3,relaxed_madd,False,,,,,,,,,,,,,,,wasm3 m3_FindFunction(relaxed_madd) failed: unknown type
8,wasm3,mem64_chase,False,,,,,,,,,,,,,,,wasm3 m3_ParseModule failed: malformed Wasm binary
8,wasm3,mem64_chase.mem32,True,433527714,22,14475292,44152166,88382417,110495500,1672578000.0,28853000,0,1.0,0.29634936843396426,581770960,1963125358,90865664,
8,wasm3,multimem_transform,False,,,,,,,,,,,,,,,wasm3 m3_ParseModule failed: only one memory per module is supported
8,wasm3,multimem_transform.single,True,902712413,639,72875,1219250,3151375,6143167,1740131000.0,33771000,0,1.0,3.7581250387231058,7744384897,2060704425,90882048,
8,wasm3,extconst_init,True,-1152068691,92,129500,7421583,17549375,32965208,1375047000.0,46261000,0,1.0,3.2300031999169843,5406590272,1673865299,91766784,
8,wasm3,extconst_init.mvp,True,-1152068691,279,35500,4282917,8498208,13983500,2147154000.0,48875000,0,1.0,2.9584833349443804,7672734260,2593468812,91848704,
8,wasm3,graphql_porf,False,,,,,,,,,,,,,,,wasm3 m3_ParseModule failed: out of order Wasm section
8,wasm3,sqlite3,False,,,,,,,,,,,,,,,N/A — the harness only has a WASI preview-1 + bench.* import shim for Pulley
8,wasmedge,fib,True,832040,3,874250,691180584,691795875,697320083,1893240000.0,34595000,0,1.0,3.6304820723474602,8309294346,2288757851,4620288,
8,wasmedge,fib_tail,True,873876091,350,562125,2711833,6323833,9445125,1867091000.0,42522000,0,1.0,3.483675574635651,8510264505,2442898118,4898816,
8,wasmedge,factorial,True,-2102132736,16384,207625,3000,4416,21333,65368000.0,26736000,0,1.0,3.3416013750687372,457998618,137059621,5144576,
8,wasmedge,sieve,True,1229,494,525958,1892833,4674542,7322250,1934364000.0,38919000,0,1.0,3.688671400394834,8823483465,2392049198,5259264,
8,wasmedge,crc32,True,-1910355869,50,572125,26380791,35929125,54122500,1603327000.0,34409000,0,1.0,3.4220871309528467,6615948184,1933307929,5406720,
8,wasmedge,matmul_simd,True,48907,78,573083,15636500,22338500,36946833,1586062000.0,33264000,0,1.0,3.6555889601678966,6874212698,1880466533,5505024,
8,wasmedge,matmul_fma,True,48907,110,704250,7179833,17171541,27174542,1541416000.0,42397000,0,1.0,3.55038851097667,7082591474,1994877871,5570560,
8,wasmedge,convolution,True,8190685,73,696292,13773584,29081167,36176875,1839875000.0,38871000,0,1.0,3.481138864291035,8399699608,2412917133,5685248,
8,wasmedge,audio_dsp,True,761667740,1,608833,6323038666,6323038666,6323038666,5540286000.0,139343000,0,1.0,3.554343481445797,25502364420,7174985916,5685248,
8,wasmedge,bulk_memory,True,8698902,25,579583,47815791,72753167,87274000,1541939000.0,38509000,0,1.0,3.663758325897258,8179370989,2232508332,5849088,
8,wasmedge,call_indirect,True,-9175573,19,931750,86324167,101173916,110691250,1755550000.0,32621000,0,1.0,3.3398274687837364,7289717415,2182662872,5849088,
8,wasmedge,factorial.scalar,True,-2102132736,16384,379625,3416,3584,25958,76275000.0,25941000,0,1.0,3.4255855930389996,534791687,156116866,5849088,
8,wasmedge,sieve.scalar,True,1229,560,565083,1962417,4686209,6875416,2202362000.0,44201000,0,1.0,3.6011398246247257,10437084634,2898272531,5849088,
8,wasmedge,crc32.scalar,True,-1910355869,73,521334,19316833,33897333,99958333,2113272000.0,52813000,0,1.0,3.4335666940807688,9749294192,2839407258,5849088,
8,wasmedge,convolution.scalar,True,8190685,26,517000,51919416,67664291,90169792,1555059000.0,30295000,0,1.0,3.4869111473950096,7137460887,2046929384,5931008,
8,wasmedge,bulk_memory.scalar,True,8698902,22,472041,60248166,79595584,91380708,1570734000.0,32262000,0,1.0,3.6851734706455312,7564226324,2052610653,6012928,
8,wasmedge,xmrsplayer,True,250061940,18,14019458,64721209,76443375,100133625,1276086000.0,26061000,0,1.0,3.4556504269610606,6113709961,1769192252,25133056,
8,wasmedge,vtable_mono,True,-318559695,14,797500,127331625,142443542,225741833,1753222000.0,58062000,0,1.0,3.2031835554922607,7561306820,2360559952,25133056,
8,wasmedge,vtable_bi,True,-208336512,15,1015791,155053708,187533000,237042208,2514507000.0,44412000,0,1.0,3.529602901762157,11197662721,3172499296,25133056,
8,wasmedge,vtable_poly4,True,-126115384,9,885791,163904750,214619250,251950042,1672810000.0,27955000,0,1.0,3.3356879176834986,6905930919,2070316855,25133056,
8,wasmedge,vtable_poly6,True,579248763,9,761875,172269000,200634458,216794875,1594711000.0,37837000,0,1.0,3.313061541950403,7446492801,2247616806,25133056,
8,wasmedge,graphql_as,True,5,48,10619208,34375084,58784250,101655667,2431321000.0,65261000,0,1.0,3.2483765127556072,10278482271,3164190552,25133056,
8,wasmedge,tailcall_fsm,True,-1841735369,44,631125,22630625,40855459,47786292,1547114000.0,28622000,0,1.0,3.7624361934836723,7372130710,1959403517,25133056,
8,wasmedge,eh_parser_exnref,True,830008030,32,320542,45355833,63181875,77929583,1818244000.0,34507000,0,1.0,3.4414963229483266,7762852262,2255661937,25133056,
8,wasmedge,eh_parser_legacy,False,,,,,,,,,,,,,,,"WasmEdge VMLoadWasmFromBytes: illegal opcode
loading failed: illegal opcode, Code: 0x117
    Bytecode offset: 0x00000171
    At AST node: instruction
    At AST node: expression
    At AST node: code segment
    At AST node: code section
    At AST node: module"
8,wasmedge,gc_trees,True,-81253392,10,353042,175991542,201338416,221286792,1740020000.0,71543000,167958,0.9999,3.449368084123056,7625820816,2210787782,189628416,
8,wasmedge,callref_dispatch,True,-750120562,17,715916,75352667,110594167,125333667,1658695000.0,31061000,0,1.0,3.485628839495449,7097767661,2036294737,189628416,
8,wasmedge,callref_dispatch.indirect,True,-750120562,17,411416,85201750,107750042,123653167,1674985000.0,29046000,0,1.0,3.506246098114128,6891352214,1965450234,189628416,
8,wasmedge,relaxed_dot,True,-551922832,297,950958,3119959,7551833,15897417,1908048000.0,45079000,0,1.0,3.5581384469924267,8635874059,2427076458,189628416,
8,wasmedge,relaxed_madd,True,-1435646925,1140,537708,1362875,3417084,5031417,3162415000.0,63067000,0,1.0,3.494025262500791,14474570654,4142663423,189628416,
8,wasmedge,mem64_chase,True,433527714,12,13535166,156787666,176607541,195511542,1940256000.0,38111000,0,1.0,1.803693535687106,4357819775,2416053331,244285440,
8,wasmedge,mem64_chase.mem32,True,433527714,11,1475458,134377000,184247042,241228333,1546999000.0,61986000,0,1.0,1.6298162889099699,3549650415,2177945109,311394304,
8,wasmedge,multimem_transform,True,902712413,39,574375,39050916,50006250,89121750,1626654000.0,61124000,0,1.0,3.5674840103173198,7052052411,1976757959,311394304,
8,wasmedge,multimem_transform.single,True,902712413,42,744375,24627542,45897583,52688625,1647634000.0,34763000,0,1.0,3.636020751136058,7565707238,2080765693,311394304,
8,wasmedge,extconst_init,True,-1152068691,134,17094292,6969375,13943666,17322292,949827000.0,767534000,23042,1.0,3.053647089176243,6100191041,1997673884,311394304,
8,wasmedge,extconst_init.mvp,True,-1152068691,169,4982500,5248333,13406875,16913750,1060419000.0,975724000,14083,1.0,3.1176384175569622,7278092386,2334488934,311394304,
8,wasmedge,graphql_porf,True,0,43,11017541,23432667,43788750,53266625,1592030000.0,177008000,538917,0.9997,3.153277090624486,7044901788,2234152466,311394304,
8,wasmedge,sqlite3,False,,,,,,,,,,,,,,,N/A — the harness only has a WASI preview-1 + bench.* import shim for Pulley
8,zwasm,fib,True,832040,2,504375,752782750,804888416,804888416,1393938000.0,27006000,0,1.0,3.6610156794491395,6609205331,1805292823,5357568,
8,zwasm,fib_tail,True,873876091,363,426334,2153708,5474084,7633292,1637495000.0,37149000,0,1.0,4.542767924415064,9285808470,2044086034,5488640,
8,zwasm,factorial,False,,,,,,,,,,,,,,,init warmup failed: `factorial(20)` trapped: trap: unreachable
8,zwasm,sieve,False,,,,,,,,,,,,,,,init warmup failed: `sieve(10000)` trapped: trap: unreachable
8,zwasm,crc32,False,,,,,,,,,,,,,,,init warmup failed: `crc32(12648430)` trapped: trap: unreachable
8,zwasm,matmul_simd,False,,,,,,,,,,,,,,,init warmup failed: `matmul(48879)` trapped: trap: unreachable
8,zwasm,matmul_fma,False,,,,,,,,,,,,,,,init warmup failed: `matmul_fma(48879)` trapped: trap: unreachable
8,zwasm,convolution,False,,,,,,,,,,,,,,,init warmup failed: `convolve(51966)` trapped: trap: unreachable
8,zwasm,audio_dsp,True,761667740,1,195750,5617905583,5617905583,5617905583,5078536000.0,102506000,0,1.0,4.570822441864454,28491429385,6233326660,6111232,
8,zwasm,bulk_memory,False,,,,,,,,,,,,,,,init warmup failed: `bulk_memory(45260)` trapped: trap: unreachable
8,zwasm,call_indirect,True,-9175573,16,360083,93562750,109800500,129945292,1613218000.0,29325000,0,1.0,3.358501273880651,6614756916,1969556173,6193152,
8,zwasm,factorial.scalar,True,-2102132736,16384,774916,1625,4250,4708,60788000.0,1040000,0,1.0,4.263991782596943,317474084,74454666,6291456,
8,zwasm,sieve.scalar,True,1229,650,413667,1683500,4338084,6411625,2400600000.0,42914000,0,1.0,4.623156995611489,13421182505,2903034121,6324224,
8,zwasm,crc32.scalar,True,-1910355869,55,439333,18629500,29926959,42051375,1399767000.0,34895000,0,1.0,4.494865281721471,7874697217,1751931754,6389760,
8,zwasm,convolution.scalar,True,8190685,33,494417,52398750,65723000,73827625,1951108000.0,36941000,0,1.0,4.649956373938984,11040795737,2374386951,6438912,
8,zwasm,bulk_memory.scalar,True,8698902,26,371959,67837375,79909208,89816833,1890157000.0,33439000,0,1.0,4.578679494651477,10046616023,2194216921,6488064,
8,zwasm,xmrsplayer,True,-1545987929,21,6065292,66378209,79844959,92285167,1506033000.0,30786000,0,1.0,3.9757499655133195,7537474776,1895862376,24625152,
8,zwasm,vtable_mono,True,-318559695,11,247042,98965292,173299625,215542791,1619959000.0,38162000,0,1.0,3.108663697786808,7126615985,2292501434,24625152,
8,zwasm,vtable_bi,True,-208336512,8,368458,197491792,207055042,240190958,1474135000.0,31826000,0,1.0,3.452128377167451,6736010995,1951263180,24625152,
8,zwasm,vtable_poly4,True,-126115384,9,321250,206870333,217812792,244208459,1800114000.0,34417000,0,1.0,3.363663932177913,7827434998,2327056197,24625152,
8,zwasm,vtable_poly6,True,579248763,7,383417,232827167,244991959,253336625,1556504000.0,28401000,0,1.0,3.3578434262615735,6552074528,1951274582,24625152,
8,zwasm,graphql_as,True,5,32,3761000,41219875,57871500,81145708,1549205000.0,42504000,0,1.0,3.6516761656588157,6984636369,1912720639,24625152,
8,zwasm,tailcall_fsm,True,-1841735369,37,437542,36801208,49974625,56992167,1638379000.0,62545000,99917,0.9999,3.465875090311763,7266082948,2096464171,130072576,
8,zwasm,eh_parser_exnref,True,830008030,25,378208,46788791,76466208,90090000,1691972000.0,36353000,0,1.0,3.0188262542554973,6784906704,2247531369,130678784,
8,zwasm,eh_parser_legacy,False,,,,,,,,,,,,,,,wasm_module_new failed (invalid wasm or unsupported feature)
8,zwasm,gc_trees,False,,,,,,,,,,,,,,,N/A — not run: zwasm v2.7.0 never reclaims GC structs and grows its GC heap far faster than the allocation rate (124 MB for 31K 24-byte structs); the process segfaults at ~2.3 GB
8,zwasm,callref_dispatch,True,-750120562,15,321417,105297584,113067334,129345166,1562097000.0,31042000,0,1.0,3.5304168457578555,6824420263,1933035265,130760704,
8,zwasm,callref_dispatch.indirect,True,-750120562,16,355959,83674709,105405292,167608667,1452363000.0,35329000,0,1.0,3.47882321944888,7088987364,2037754412,130760704,
8,zwasm,relaxed_dot,False,,,,,,,,,,,,,,,init warmup failed: `relaxed_dot(7)` trapped: trap: unreachable
8,zwasm,relaxed_madd,False,,,,,,,,,,,,,,,init warmup failed: `relaxed_madd(7)` trapped: trap: unreachable
8,zwasm,mem64_chase,True,433527714,14,13277125,129622083,173246000,182146584,2059881000.0,42574000,0,1.0,1.8686565568175109,4721608605,2526739645,197984256,
8,zwasm,mem64_chase.mem32,True,433527714,12,566917,141173166,159935916,193936500,1721973000.0,31649000,0,1.0,1.9573888686539058,4040265096,2064109570,265093120,
8,zwasm,multimem_transform,True,902712413,57,371791,17190875,36715500,99615792,1882086000.0,34845000,0,1.0,4.746817134880052,10360329389,2182584476,265093120,
8,zwasm,multimem_transform.single,True,902712413,52,567333,24414667,36950000,55649875,1705366000.0,32024000,0,1.0,4.745438172361263,9454182301,1992267512,265093120,
8,zwasm,extconst_init,True,-1152068691,1060,2987125,982500,2523167,4382250,1975855000.0,411871000,281625,0.9999,3.2349715447983614,9115623079,2817837175,1877245952,
8,zwasm,extconst_init.mvp,True,-1152068691,1747,2296500,381833,1093250,3071333,1453522000.0,356115000,0,1.0,3.449616837298823,7395678417,2143913010,3161653248,
8,zwasm,graphql_porf,True,0,45,3962375,29285458,51152333,80715833,1856668000.0,173251000,0,1.0,3.241283164199883,7521621069,2320568950,3499589632,
8,zwasm,sqlite3,False,,,,,,,,,,,,,,,N/A — the harness only has a WASI preview-1 + bench.* import shim for Pulley
8,wasmz,fib,True,832040,35,312084,51616917,55483833,83488125,1804035000.0,103603000,0,1.0,2.701053034342895,11856980116,4389762054,5668864,
8,wasmz,fib_tail,True,873876091,6595,259958,268625,309833,949834,1814988000.0,196388000,5709,1.0,2.3655378223499395,12014674622,5079045665,5947392,
8,wasmz,factorial,True,-2102132736,16384,235625,3083,3708,29542,13660000.0,58513000,0,1.0,1.8911810264971813,346235499,183078983,6012928,
8,wasmz,sieve,False,,,,,,,,,,,,,,,N/A — not run: wasmz v0.1.4 segfaults on this module's v128 ops (the scalar build runs)
8,wasmz,crc32,False,,,,,,,,,,,,,,,N/A — not run: wasmz v0.1.4 segfaults on this module's v128 ops (the scalar build runs)
8,wasmz,matmul_simd,True,48907,647,226500,2344250,2686875,4612750,1552985000.0,99386000,0,1.0,3.396035879908067,14062981237,4140999016,6176768,
8,wasmz,matmul_fma,True,48907,1180,227584,1586875,1824167,4939958,2060162000.0,127163000,0,1.0,3.9167776570850568,20045407739,5117831415,6258688,
8,wasmz,convolution,True,8190685,214,550875,4160250,4877250,12793458,1060957000.0,63509000,0,1.0,3.6897760774481774,8723466695,2364226585,6324224,
8,wasmz,audio_dsp,True,761667740,3,280084,592299208,680197708,816590709,1753649000.0,94637000,0,1.0,2.910934105324984,11421026177,3923491829,6438912,
8,wasmz,bulk_memory,True,8698902,412,325000,4531916,5353000,13201166,2172680000.0,133701000,0,1.0,3.2476239463563377,16050384081,4942192922,6635520,
8,wasmz,call_indirect,True,-9175573,99,986625,14084083,15266333,25938125,1313939000.0,82707000,0,1.0,2.5861379549751518,9021400759,3488367951,7159808,
8,wasmz,factorial.scalar,True,-2102132736,16384,234208,2958,3500,13416,11980000.0,53738000,0,1.0,2.013132622067091,331056640,164448500,7159808,
8,wasmz,sieve.scalar,True,1229,6871,220208,262041,302334,780666,1849280000.0,190644000,33041,1.0,2.9952103785815662,15425034965,5149900346,7159808,
8,wasmz,crc32.scalar,True,-1910355869,886,224584,2187667,2510083,4632292,1990899000.0,132598000,0,1.0,3.2353480501125134,17189011749,5312878702,7159808,
8,wasmz,convolution.scalar,True,8190685,282,244292,6168375,7085708,16532750,1977263000.0,117829000,0,1.0,3.332366406411843,15104387487,4532631063,7159808,
8,wasmz,bulk_memory.scalar,True,8698902,381,283875,4224750,4963250,11291375,1785210000.0,136149000,0,1.0,3.112042068944518,13738347352,4414576361,7159808,
8,wasmz,xmrsplayer,True,36960157,323,1922625,5353375,6262875,10160125,1744444000.0,194099000,0,1.0,2.6328802760871657,12744924597,4840677608,26214400,
8,wasmz,vtable_mono,True,-318559695,86,653458,19252584,30739166,40302875,2288077000.0,88716000,0,1.0,3.2446117086815462,13764455770,4242250539,26214400,
8,wasmz,vtable_bi,True,-208336512,49,945209,25138292,36699500,42180083,1587200000.0,56094000,0,1.0,3.049723561593944,8443537785,2768623980,26214400,
8,wasmz,vtable_poly4,True,-126115384,61,578333,23926250,37071333,47978833,2040269000.0,70306000,0,1.0,3.0713591245456633,10992632764,3579077639,26214400,
8,wasmz,vtable_poly6,True,579248763,57,1336833,28676417,41545958,52279083,2144607000.0,78549000,0,1.0,2.897754089705982,10545960147,3639356488,26214400,
8,wasmz,graphql_as,False,,,,,,,,,,,,,,,wasmz init-warmup failed: wasmz_instance_call trap: trap: wasm `unreachable` instruction executed
8,wasmz,tailcall_fsm,True,-1841735369,405,499625,2211959,3698834,8126625,1404300000.0,60804000,0,1.0,2.451943223227124,5964886701,2432718117,26214400,
8,wasmz,eh_parser_exnref,True,830008030,163,306458,6180583,10405500,17744084,1510735000.0,60410000,0,1.0,2.6692925908806195,6913612785,2590054312,26214400,
8,wasmz,eh_parser_legacy,True,830008030,186,289125,6487666,11381917,20048458,1847666000.0,59750000,6916,1.0,2.6828560362996745,8100450185,3019338375,26214400,
8,wasmz,gc_trees,True,-81253392,45,134250,21995750,35731750,71475125,1415743000.0,114129000,0,1.0,2.930006385033534,7587933285,2589732679,319242240,
8,wasmz,callref_dispatch,False,,,,,,,,,,,,,,,wasmz init-warmup failed: wasmz_instance_call trap: trap: null reference dereference
8,wasmz,callref_dispatch.indirect,True,-750120562,111,514833,12400708,19403083,27897083,1920069000.0,68075000,0,1.0,2.653777229785757,9283035004,3498046068,319242240,
8,wasmz,relaxed_dot,True,-551922832,1366,305750,1421500,1983666,4488250,2869195000.0,124660000,31667,1.0,3.997797862381752,20884298302,5223950540,319242240,
8,wasmz,relaxed_madd,True,-1435646925,2097,537791,352041,541209,1507166,1163921000.0,70818000,9458,1.0,3.1567066620529713,6375645561,2019714292,319242240,
8,wasmz,mem64_chase,True,433527714,53,12687458,32603292,36245875,45591459,1758214000.0,66584000,0,1.0,0.5812220320448602,1672194995,2877033049,319242240,
8,wasmz,mem64_chase.mem32,True,433527714,55,10191584,33836625,36772000,42127375,1851286000.0,71843000,0,1.0,0.5845482690545887,1735292069,2968603554,319242240,
8,wasmz,multimem_transform,False,,,,,,,,,,,,,,,wasmz_module_new failed: module compilation failed: MultipleMemories
8,wasmz,multimem_transform.single,True,902712413,894,616416,2203666,3785417,7004583,3183785000.0,136257000,0,1.0,3.0886003768347337,16269089714,5267463488,319242240,
8,wasmz,extconst_init,False,,,,,,,,,,,,,,,"wrong result: got -1669113347, expected -1152068691 (cross-runtime consensus)"
8,wasmz,extconst_init.mvp,False,,,,,,,,,,,,,,,"wrong result: got 1844351884, expected -1152068691 (cross-runtime consensus)"
8,wasmz,graphql_porf,False,,,,,,,,,,,,,,,init warmup failed: wasmz m() trap: multi-value results are not supported by the C API (results_len = 2)
8,wasmz,sqlite3,False,,,,,,,,,,,,,,,N/A — the harness only has a WASI preview-1 + bench.* import shim for Pulley
8,tinywasm,fib,True,832040,13,189375,153002333,171530500,289005000,1895846000.0,79389000,0,1.0,3.391804331574622,12006848765,3539959146,5177344,
8,tinywasm,fib_tail,True,873876091,1177,75417,627209,683709,2387792,876926000.0,26509000,0,1.0,4.119342238638309,8240211295,2000370646,5292032,
8,tinywasm,factorial,True,-2102132736,16384,85708,333,417,500,7393000.0,163000,0,1.0,3.4413688312487736,66976137,19462063,5603328,
8,tinywasm,sieve,True,1229,3214,105167,611041,761833,2978250,2621803000.0,97122000,0,1.0,3.640472087911456,19361383818,5318371725,5783552,
8,tinywasm,crc32,True,-1910355869,141,97291,4816667,6159375,28317416,792961000.0,28108000,0,1.0,3.6247824968492384,6551378644,1807385312,5816320,
8,tinywasm,matmul_simd,True,48907,375,137208,3533042,5183125,12567333,1916353000.0,67107000,0,1.0,3.6621949703458885,13002762369,3550537990,5931008,
8,tinywasm,matmul_fma,True,48907,665,117583,2747584,3722625,12172750,2511320000.0,88477000,0,1.0,3.558432488521242,17440329476,4901126980,5996544,
8,tinywasm,convolution,True,8190685,173,252417,5537334,9155666,14939000,1450354000.0,56889000,0,1.0,3.4168795398189205,8534573748,2497768402,6062080,
8,tinywasm,audio_dsp,True,761667740,1,122000,1848011458,1848011458,1848011458,1667204000.0,58953000,0,1.0,3.6818488291820093,10258290364,2786179129,6193152,
8,tinywasm,bulk_memory,True,8698902,111,160333,10291250,16124917,26476500,1598944000.0,57211000,0,1.0,3.790833450432266,10218779486,2695655090,6324224,
8,tinywasm,call_indirect,True,-9175573,44,166333,27245750,36511291,55352375,1402300000.0,43681000,0,1.0,2.7588629009707217,6618624261,2399040655,6504448,
8,tinywasm,factorial.scalar,True,-2102132736,16384,79708,250,750,916,12334000.0,267000,0,1.0,3.8130995972183865,55860483,14649626,6537216,
8,tinywasm,sieve.scalar,True,1229,1656,175666,641958,872541,2427875,1462157000.0,50916000,0,1.0,3.6492187197080614,10495989957,2876229342,6619136,
8,tinywasm,crc32.scalar,True,-1910355869,341,94625,5118459,5979542,10461291,1694544000.0,54127000,0,1.0,3.5921140698210987,15940917673,4437753747,6668288,
8,tinywasm,convolution.scalar,True,8190685,65,94875,16194333,24159208,35706208,1286218000.0,57125000,0,1.0,3.4447685808247357,8028749345,2330707900,6684672,
8,tinywasm,bulk_memory.scalar,True,8698902,78,201875,11083708,17417833,28863334,1062786000.0,46486000,0,1.0,3.739599417291071,7711779118,2062193903,6701056,
8,tinywasm,xmrsplayer,True,-1323583813,84,5885667,13477625,23343750,36111250,1563342000.0,65025000,0,1.0,3.4744892082446324,9444860610,2718345070,24576000,
8,tinywasm,vtable_mono,True,-318559695,36,130875,50032167,61503250,77942042,1801860000.0,73179000,0,1.0,3.122757172933278,9215709901,2951145219,24576000,
8,tinywasm,vtable_bi,True,-208336512,27,281500,60191375,72453167,86368417,1577688000.0,64044000,0,1.0,3.193691489276578,8453143744,2646825397,24625152,
8,tinywasm,vtable_poly4,True,-126115384,26,162542,65536834,74435166,90941292,1566044000.0,61505000,0,1.0,3.2524626514008537,8577242920,2637153394,24641536,
8,tinywasm,vtable_poly6,True,579248763,23,159500,60859833,89603792,104747250,1594682000.0,61337000,0,1.0,3.101601982831258,8328326391,2685169289,24641536,
8,tinywasm,graphql_as,True,5,92,2857250,9754334,16822416,30938416,1360149000.0,47239000,0,1.0,3.290064187516894,7511957150,2283225105,25083904,
8,tinywasm,tailcall_fsm,True,-1841735369,366,161750,4500542,7033625,12724167,2448379000.0,105758000,0,1.0,3.6019433964263725,15822370035,4392731449,25083904,
8,tinywasm,eh_parser_exnref,True,830008030,99,115917,15174500,25373917,34865458,2240838000.0,78707000,0,1.0,2.7819402934542756,10420827576,3745884698,25083904,
8,tinywasm,eh_parser_legacy,False,,,,,,,,,,,,,,,tinywasm::parse_bytes failed: error parsing module: legacy exceptions support is not enabled (at offset 0x171) at offset 369
8,tinywasm,gc_trees,True,-81253392,10,46041,151437917,159057167,164678417,1433383000.0,55130000,0,1.0,2.4342856150631995,5993208324,2461998825,25083904,
8,tinywasm,callref_dispatch,True,-750120562,57,118500,26692709,33618167,42323250,1749951000.0,63990000,0,1.0,2.841122933262376,8196502476,2884951714,25083904,
8,tinywasm,callref_dispatch.indirect,True,-750120562,61,64542,23426458,33771375,44400541,1836528000.0,68771000,0,1.0,2.753266395357231,8392733724,3048282483,25083904,
8,tinywasm,relaxed_dot,True,-551922832,832,167792,2202875,3434875,6759875,2819710000.0,108317000,0,1.0,3.0711923812598387,15159068982,4935890397,25083904,
8,tinywasm,relaxed_madd,True,-1435646925,3207,111125,621000,879208,2276958,2988876000.0,107898000,0,1.0,3.407420057552846,18278875041,5364432542,25083904,
8,tinywasm,mem64_chase,True,433527714,43,6341542,40201875,48067875,54955542,1857256000.0,68483000,0,1.0,1.2633636060079152,4250999021,3364826247,79183872,
8,tinywasm,mem64_chase.mem32,True,433527714,38,944333,40773167,46821208,54030750,1628202000.0,62970000,0,1.0,1.2298949663634617,3367741212,2738234812,79200256,
8,tinywasm,multimem_transform,True,902712413,198,71041,5845834,10153042,17707500,1812079000.0,70120000,0,1.0,3.8363944391026754,11643196221,3034931993,79200256,
8,tinywasm,multimem_transform.single,True,902712413,182,85333,5781000,9188958,15764167,1507945000.0,62069000,0,1.0,3.8896738334783745,10507793486,2701458769,79200256,
8,tinywasm,extconst_init,True,-1152068691,3419,5494125,336667,500334,1356459,1818602000.0,69756000,0,1.0,3.8674345638522825,12178665411,3149029469,80510976,
8,tinywasm,extconst_init.mvp,True,-1152068691,16384,1572792,74084,108042,387958,2009429000.0,72476000,0,1.0,3.68163593902494,12314169420,3344754784,80658432,
8,tinywasm,graphql_porf,True,0,205,6454708,8202458,13663084,21096541,2245392000.0,472062000,23917,1.0,2.9882343064335823,13025793026,4359026666,1109835776,
8,tinywasm,sqlite3,False,,,,,,,,,,,,,,,N/A — the harness only has a WASI preview-1 + bench.* import shim for Pulley
9,pulley,fib,True,832040,22,988625,59755500,76449667,84031667,1525279000.0,48628000,0,1.0,2.895565062418504,7836649167,2706431732,7143424,
9,pulley,fib_tail,True,873876091,7980,1195458,248583,305500,978250,2837765000.0,113561000,0,1.0,3.2497018942346094,17403283292,5355347616,7798784,
9,pulley,factorial,True,-2102132736,16384,776500,208,291,584,6255000.0,262000,0,1.0,2.851815432607148,36794733,12902214,8372224,
9,pulley,sieve,True,1229,3008,3233083,354625,477291,1492959,1616364000.0,61630000,0,1.0,3.081993090887381,8942231542,2901444383,9535488,
9,pulley,crc32,True,-1910355869,770,2001750,2277250,3515000,6510625,2650979000.0,94822000,0,1.0,3.8233578428158523,17919004251,4686719106,9895936,
9,pulley,matmul_simd,True,48907,1124,3048542,1631875,2514375,5208708,2817420000.0,106527000,0,1.0,3.4228881041551618,16855821927,4924444333,10420224,
9,pulley,matmul_fma,True,48907,719,2399667,1198833,1792833,3909666,1316564000.0,54789000,0,1.0,3.76357006921363,8771352674,2330593695,10452992,
9,pulley,convolution,True,8190685,277,2714291,2983125,4697959,8438958,1281672000.0,51444000,0,1.0,3.5967172735954103,7892823936,2194452145,10764288,
9,pulley,audio_dsp,True,761667740,2,2385458,985994958,1075767750,1075767750,1827806000.0,77103000,0,1.0,3.38264444422195,10680460771,3157429327,10764288,
9,pulley,bulk_memory,True,8698902,89,3867917,14392042,23158375,35154042,1738836000.0,88012000,0,1.0,2.4669287773331274,6829231330,2768313132,10993664,
9,pulley,call_indirect,True,-9175573,53,7349417,21194875,35200250,50098583,1545664000.0,83769000,0,1.0,2.0395223736172063,4744663987,2326360352,11124736,
9,pulley,factorial.scalar,True,-2102132736,16384,2311042,291,375,583,6856000.0,476000,0,1.0,2.494398448722486,41935702,16811950,11124736,
9,pulley,sieve.scalar,True,1229,1949,3206375,369167,658750,1703625,1213926000.0,74570000,0,1.0,3.2285296411841906,6438353088,1994205971,11190272,
9,pulley,crc32.scalar,True,-1910355869,289,1997417,2315458,3128000,8451334,826519000.0,57110000,0,1.0,3.723454862431527,6776255173,1819883797,11190272,
9,pulley,convolution.scalar,True,8190685,282,1131584,6342833,7271458,29560792,1821354000.0,213084000,0,1.0,3.864776277869611,18818491869,4869231882,11190272,
9,pulley,bulk_memory.scalar,True,8698902,122,2945334,12308917,13997250,22784333,1508799000.0,178111000,0,1.0,2.365787400970367,9662446241,4084241144,11288576,
9,pulley,xmrsplayer,True,558748838,206,139556125,8538625,10025833,15998958,1768622000.0,214492000,0,1.0,2.5620587767932586,12423128582,4848885082,37240832,
9,pulley,vtable_mono,True,-318559695,58,5698667,30822292,34825375,63176208,1826687000.0,175770000,0,1.0,2.189073568919125,10066216329,4598391060,37240832,
9,pulley,vtable_bi,True,-208336512,29,8455083,33566833,54569542,176467042,1136994000.0,40721000,0,1.0,2.297806592267987,5144295320,2238785169,37240832,
9,pulley,vtable_poly4,True,-126115384,44,8233292,32097750,48315000,92348334,1482801000.0,41931000,0,1.0,2.3306628009335695,8040135215,3449720488,37240832,
9,pulley,vtable_poly6,True,579248763,37,8057208,40538250,49340667,65195875,1632275000.0,50414000,0,1.0,2.346108915888381,7396529688,3152679587,37240832,
9,pulley,graphql_as,True,5,294,125165375,4561875,8328667,13417250,2228669000.0,62687000,0,1.0,2.5688063068176477,10161604299,3955768978,37240832,
9,pulley,tailcall_fsm,True,-1841735369,478,4859334,2565834,3830916,7948208,1754567000.0,50444000,0,1.0,2.380264421238133,7653169252,3215260113,37240832,
9,pulley,eh_parser_exnref,True,830008030,136,2303916,10454625,14742334,21732166,1807556000.0,53479000,0,1.0,2.409712843106351,7795973544,3235229279,37240832,
9,pulley,eh_parser_legacy,False,,,,,,,,,,,,,,,Module::from_binary failed — invalid wasm or unsupported feature?: failed to compile: wasm[0]::function[6]: WebAssembly translation error: Unsupported feature: operator Try { blockty: Empty }
9,pulley,gc_trees,True,-81253392,19,5187708,94916333,111405583,124774750,1863705000.0,57133000,0,1.0,3.018718033506074,10130562998,3355915619,37240832,
9,pulley,callref_dispatch,True,-750120562,77,2844750,17676333,23506750,33832834,1623979000.0,45604000,0,1.0,1.8836973516783044,5546237920,2944335997,37240832,
9,pulley,callref_dispatch.indirect,True,-750120562,62,2180208,15254458,22277208,44008208,1253619000.0,30268000,0,1.0,1.9603259670761684,4269350773,2177877988,37240832,
9,pulley,relaxed_dot,True,-551922832,579,4975084,3124125,5084583,9141833,2709769000.0,79128000,0,1.0,3.4505664494972432,16475962297,4774857270,37240832,
9,pulley,relaxed_madd,True,-1435646925,4606,4007167,162208,184041,817542,1079656000.0,33945000,0,1.0,3.087790595886575,6191927421,2005293827,37240832,
9,pulley,mem64_chase,True,433527714,42,1465250,42187708,46888083,62038875,1734956000.0,56089000,0,1.0,0.9229040968603933,2971588351,3219823556,91357184,
9,pulley,mem64_chase.mem32,True,433527714,50,2122666,35736333,39950209,98896208,1913770000.0,64407000,0,1.0,0.731181865090565,2371539176,3243432707,91357184,
9,pulley,multimem_transform,True,902712413,462,876959,3442292,5334625,9226167,2280139000.0,69283000,0,1.0,3.5742039937772883,14904086376,4169903677,91357184,
9,pulley,multimem_transform.single,True,902712413,360,1070333,4984000,7695458,11842250,2483061000.0,81978000,0,1.0,3.412222605745836,15542446060,4554933208,91357184,
9,pulley,extconst_init,True,-1152068691,16384,605942459,56000,66458,333042,1359933000.0,196972000,11458,1.0,2.8998761457578275,7809533302,2693057534,91357184,
9,pulley,extconst_init.mvp,True,-1152068691,16384,60546167,33917,48542,204208,821810000.0,260651000,0,1.0,2.6522078003888327,4586313614,1729243694,91357184,
9,pulley,graphql_porf,True,0,264,266669250,5631875,9336750,15096125,1987778000.0,431199000,0,1.0,2.0713193922081703,8291758663,4003128969,91357184,
9,pulley,sqlite3,True,0,1,1964817292,39992521250,39992521250,39992521250,32057965000.0,1015894000,0,1.0,2.4863813184002796,151684510411,61006133407,106250240,
9,wamr,fib,True,832040,21,2018750,85537583,108506667,151083834,1482540000.0,42103000,32500,1.0,3.284388513655223,10880371242,3312754017,11829248,
9,wamr,fib_tail,True,873876091,4038,1462208,387833,486958,6465416,1584528000.0,39962000,0,1.0,2.2193241419403766,9342671392,4209692138,11960320,
9,wamr,factorial,True,-2102132736,16384,2907708,166,250,292,4405000.0,312000,0,1.0,3.4020656886768763,41487082,12194674,12124160,
9,wamr,sieve,True,1229,7341,1412084,256375,316208,12653917,2091696000.0,131738000,0,1.0,3.232248774430528,17338844223,5364328501,12156928,
9,wamr,crc32,True,-1910355869,889,961166,1941875,3386291,235692625,1768403000.0,236633000,30167,1.0,2.3902649884315785,12213954660,5109874729,12255232,
9,wamr,matmul_simd,True,48907,1097,1916083,1317208,2272416,148498250,1809480000.0,174181000,0,1.0,3.467508180300683,14606976073,4212528223,12255232,
9,wamr,matmul_fma,True,48907,985,1754625,982708,1796542,3363333,1689961000.0,60261000,0,1.0,3.7177385711925686,9731474549,2617579037,12304384,
9,wamr,convolution,True,8190685,467,784708,2055250,3454625,6494667,1586245000.0,46280000,0,1.0,3.30027333002461,8459925664,2563401518,12386304,
9,wamr,audio_dsp,True,761667740,1,1760375,1076353084,1076353084,1076353084,961020000.0,27485000,0,1.0,2.196193258421026,2681749929,1221090138,12386304,
9,wamr,bulk_memory,True,8698902,152,789625,5609667,11199958,15945625,1447609000.0,48733000,0,1.0,2.6766808658564174,5670707990,2118559617,12451840,
9,wamr,call_indirect,True,-9175573,159,867917,10869250,18159834,26154333,2629611000.0,75091000,0,1.0,2.538563045884221,10234766592,4031716529,12451840,
9,wamr,factorial.scalar,True,-2102132736,16384,853708,166,250,708,6402000.0,537000,0,1.0,3.0191833443679315,36718547,12161748,12451840,
9,wamr,sieve.scalar,True,1229,1838,1673542,320167,402000,1249250,933167000.0,23948000,0,1.0,2.2057186172577046,3513270323,1592800775,12468224,
9,wamr,crc32.scalar,True,-1910355869,832,1181250,2323000,4490000,12143375,3231907000.0,94374000,0,1.0,2.1739817784394515,11214276204,5158403955,12550144,
9,wamr,convolution.scalar,True,8190685,215,1463292,6570375,13430208,20173125,2522739000.0,69043000,0,1.0,2.075357525156665,7476818101,3602665088,12599296,
9,wamr,bulk_memory.scalar,True,8698902,147,2187375,6015125,12975958,28163959,1632085000.0,45424000,0,1.0,2.4704315624885704,5558768001,2250120216,12664832,
9,wamr,xmrsplayer,True,196416492,150,9094917,6336958,11032375,79554792,1564945000.0,32830000,0,1.0,3.0167955787002123,7269290845,2409606702,28884992,
9,wamr,vtable_mono,True,-318559695,65,1714208,15098000,24571375,95046709,1533027000.0,29365000,0,1.0,3.27904232849227,7980918500,2433917498,28884992,
9,wamr,vtable_bi,True,-208336512,74,818000,18079542,30199292,263179416,2059756000.0,41417000,0,1.0,3.1082569347276694,10135172716,3260725522,28884992,
9,wamr,vtable_poly4,True,-126115384,55,1601625,18975750,34483792,52459500,1605869000.0,134930000,0,1.0,2.7592518441883715,7807379403,2829527656,28884992,
9,wamr,vtable_poly6,True,579248763,94,778417,20649292,25299125,52885208,2498060000.0,227938000,0,1.0,2.6277656472404223,13738914509,5228363695,28884992,
9,wamr,graphql_as,True,5,252,4739125,3147792,5006000,14640041,1459192000.0,157765000,0,1.0,2.4069194730956394,6887124764,2861385618,28884992,
9,wamr,tailcall_fsm,True,-1841735369,280,1341459,4970584,6103041,15925209,1947121000.0,143108000,0,1.0,3.2453385074049246,12461363764,3839773181,28884992,
9,wamr,eh_parser_exnref,False,,,,,,,,,,,,,,,wasm_runtime_load failed: WASM module load failed: unsupported opcode 1f
9,wamr,eh_parser_legacy,True,830008030,149,1708083,6550417,9877417,19773542,1436044000.0,126959000,0,1.0,2.8498607678677024,7710567796,2705594562,28884992,
9,wamr,gc_trees,False,,,,,,,,,,,,,,,wasm_runtime_load failed: WASM module load failed: invalid type flag
9,wamr,callref_dispatch,False,,,,,,,,,,,,,,,wasm_runtime_load failed: WASM module load failed: incompatible import type
9,wamr,callref_dispatch.indirect,True,-750120562,111,55125,10579875,17967750,30546834,1749999000.0,166089000,0,1.0,2.2230603474122392,7217240315,3246533691,28884992,
9,wamr,relaxed_dot,True,-551922832,1474,891084,1151916,1824625,4469000,2761683000.0,135399000,0,1.0,2.9069210693324186,13497095767,4643089869,28884992,
9,wamr,relaxed_madd,True,-1435646925,3968,2230625,192875,482208,1058875,1456703000.0,40759000,0,1.0,3.4776823598402764,7159723876,2058763031,28884992,
9,wamr,mem64_chase,False,,,,,,,,,,,,,,,wasm_runtime_load failed: WASM module load failed: invalid limits flags
9,wamr,mem64_chase.mem32,True,433527714,23,1400375,82854708,87746084,97145042,1804507000.0,53184000,0,1.0,0.27192818778724,672136450,2471742468,81461248,
9,wamr,multimem_transform,False,,,,,,,,,,,,,,,wasm_runtime_load failed: WASM module load failed: multiple memories
9,wamr,multimem_transform.single,True,902712413,443,1449291,1945792,4235250,7482958,1652078000.0,50248000,0,1.0,2.8534688214846033,6554956401,2297188724,81461248,
9,wamr,extconst_init,True,-1152068691,2724,5444083,253291,639792,1321791,1304227000.0,88490000,45000,1.0,3.0230516571702997,5835222347,1930242354,81461248,
9,wamr,extconst_init.mvp,True,-1152068691,15763,1704500,45958,117292,297417,1373374000.0,225270000,244125,0.9998,3.168399374501093,6748831126,2130044331,81461248,
9,wamr,graphql_porf,True,0,303,14036542,5607334,11160416,15585041,2270211000.0,926217000,746583,0.9998,2.485568991783932,10355361872,4166193699,81461248,
9,wamr,sqlite3,False,,,,,,,,,,,,,,,N/A — the harness only has a WASI preview-1 + bench.* import shim for Pulley
9,wasm3,fib,True,832040,20,245667,63049583,91914583,105290417,1619858000.0,43876000,0,1.0,3.250794980778137,7378323757,2269698274,4521984,
9,wasm3,fib_tail,True,873876091,7941,90500,251291,639167,1548500,3892716000.0,109493000,0,1.0,2.3284391777420943,12430146268,5338402818,4685824,
9,wasm3,factorial,False,,,,,,,,,,,,,,,wasm3 m3_FindFunction(factorial) failed: compiling function underran the stack
9,wasm3,sieve,False,,,,,,,,,,,,,,,wasm3 m3_FindFunction(sieve) failed: incorrect type on stack
9,wasm3,crc32,False,,,,,,,,,,,,,,,wasm3 m3_FindFunction(crc32) failed: compiling function underran the stack
9,wasm3,matmul_simd,False,,,,,,,,,,,,,,,wasm3 m3_FindFunction(matmul) failed: unknown type
9,wasm3,matmul_fma,False,,,,,,,,,,,,,,,wasm3 m3_FindFunction(matmul_fma) failed: unknown type
9,wasm3,convolution,False,,,,,,,,,,,,,,,wasm3 m3_FindFunction(convolve) failed: incorrect type on stack
9,wasm3,audio_dsp,True,761667740,3,206250,522924500,538057792,618200458,1494820000.0,43500000,0,1.0,2.9553171314919253,6017297628,2036092020,4947968,
9,wasm3,bulk_memory,False,,,,,,,,,,,,,,,wasm3 m3_FindFunction(bulk_memory) failed: unknown label
9,wasm3,call_indirect,True,-9175573,151,77250,6319375,13023375,18562709,1683662000.0,52131000,0,1.0,2.777324054157075,6712872548,2417028916,5029888,
9,wasm3,factorial.scalar,True,-2102132736,16384,87334,291,333,375,6796000.0,172000,0,1.0,3.583897157460663,25335060,7069137,5046272,
9,wasm3,sieve.scalar,True,1229,11505,106250,128625,328000,696958,3015671000.0,85155000,0,1.0,3.959898509795478,15723601979,3970708325,5079040,
9,wasm3,crc32.scalar,True,-1910355869,960,147959,1105500,2465500,4768333,1984477000.0,58168000,0,1.0,3.3893470730986666,9726079258,2869602625,5095424,
9,wasm3,convolution.scalar,True,8190685,249,132500,3137208,7475542,9815667,1564340000.0,43940000,0,1.0,3.511554511875399,7068884321,2013035622,5095424,
9,wasm3,bulk_memory.scalar,True,8698902,229,179084,3290792,7553208,11590208,1410201000.0,41926000,0,1.0,3.1535531410126216,6392127888,2026960575,5095424,
9,wasm3,xmrsplayer,True,731336352,193,1424208,3623791,8973875,11661333,1433497000.0,42638000,0,1.0,2.7868560564005196,5169599204,1854993261,23232512,
9,wasm3,vtable_mono,True,-318559695,77,126125,13596500,23898500,43114417,1539612000.0,43227000,0,1.0,3.545384410235865,7213966341,2034748706,23248896,
9,wasm3,vtable_bi,True,-208336512,72,138208,15097458,26269958,31712875,1652940000.0,49109000,0,1.0,3.4750618503691073,7411398848,2132738687,23281664,
9,wasm3,vtable_poly4,True,-126115384,88,115750,15841209,24991792,36535167,1955989000.0,58534000,0,1.0,3.4683703915068778,9279408629,2675437621,23298048,
9,wasm3,vtable_poly6,True,579248763,58,109167,16933458,28358500,39520834,1448019000.0,39168000,0,1.0,3.1834205074723902,6347803183,1994019693,23298048,
9,wasm3,graphql_as,True,5,264,2268375,2594250,6372083,10039916,1470810000.0,42158000,0,1.0,2.5514647734138136,5193372972,2035447648,23543808,
9,wasm3,tailcall_fsm,True,-1841735369,865,71167,2257083,4705917,8860250,3590578000.0,97719000,0,1.0,2.9239097583238403,15238288809,5211613924,23560192,
9,wasm3,eh_parser_exnref,False,,,,,,,,,,,,,,,wasm3 m3_ParseModule failed: out of order Wasm section
9,wasm3,eh_parser_legacy,False,,,,,,,,,,,,,,,wasm3 m3_ParseModule failed: out of order Wasm section
9,wasm3,gc_trees,False,,,,,,,,,,,,,,,wasm3 m3_ParseModule failed: malformed Wasm binary
9,wasm3,callref_dispatch,False,,,,,,,,,,,,,,,wasm3 m3_ParseModule failed: unknown value_type
9,wasm3,callref_dispatch.indirect,True,-750120562,217,35958,6974667,12177791,20964208,2412955000.0,69539000,0,1.0,2.88624780039873,10429541141,3613529351,23773184,
9,wasm3,relaxed_dot,False,,,,,,,,,,,,,,,wasm3 m3_FindFunction(relaxed_dot) failed: unknown type
9,wasm3,relaxed_madd,False,,,,,,,,,,,,,,,wasm3 m3_FindFunction(relaxed_madd) failed: unknown type
9,wasm3,mem64_chase,False,,,,,,,,,,,,,,,wasm3 m3_ParseModule failed: malformed Wasm binary
9,wasm3,mem64_chase.mem32,True,433527714,49,10298291,35092875,39112375,255868125,1763948000.0,46679000,0,1.0,0.5092010518225406,1268427978,2491016021,90914816,
9,wasm3,multimem_transform,False,,,,,,,,,,,,,,,wasm3 m3_ParseModule failed: only one memory per module is supported
9,wasm3,multimem_transform.single,True,902712413,625,48333,1214750,3033542,3816750,1571093000.0,39863000,0,1.0,3.745541460648471,7578226202,2023265870,90931200,
9,wasm3,extconst_init,True,-1152068691,171,214416,6046791,11249958,35419292,1737625000.0,94605000,0,1.0,3.597451434301357,10032693643,2788833658,91832320,
9,wasm3,extconst_init.mvp,True,-1152068691,360,33833,2862958,5630750,10219375,1768884000.0,193196000,4083,1.0,3.3929250977767498,9963832043,2936649574,91897856,
9,wasm3,graphql_porf,False,,,,,,,,,,,,,,,wasm3 m3_ParseModule failed: out of order Wasm section
9,wasm3,sqlite3,False,,,,,,,,,,,,,,,N/A — the harness only has a WASI preview-1 + bench.* import shim for Pulley
9,wasmedge,fib,True,832040,3,663916,579209958,619814750,639950542,1627815000.0,47505000,0,1.0,3.6094625261395166,8316219426,2304004922,4603904,
9,wasmedge,fib_tail,True,873876091,347,483042,2647958,5691250,8343917,1732715000.0,45643000,0,1.0,3.475126095669844,8432663061,2426577577,4866048,
9,wasmedge,factorial,True,-2102132736,16384,627917,3000,7791,18917,79547000.0,32143000,0,1.0,3.345184231280692,458059994,136931171,5144576,
9,wasmedge,sieve,True,1229,602,368791,1832958,4330292,6745750,2249378000.0,67267000,0,1.0,3.66027204857565,10761218223,2940005027,5292032,
9,wasmedge,crc32,True,-1910355869,66,549875,21597375,32845666,42101791,1894748000.0,67805000,0,1.0,3.383087804496605,8749233137,2586167916,5406720,
9,wasmedge,matmul_simd,True,48907,97,791542,12243584,18388334,26641500,1646090000.0,51862000,0,1.0,3.622527719162381,8553505104,2361197972,5488640,
9,wasmedge,matmul_fma,True,48907,153,582333,8205125,14285208,19286750,1966314000.0,61370000,0,1.0,3.548539248050481,9845877911,2774628438,5537792,
9,wasmedge,convolution,True,8190685,70,390542,14875709,27587167,37620667,1730415000.0,47919000,0,1.0,3.466878600987476,8057601218,2324165956,5668864,
9,wasmedge,audio_dsp,True,761667740,1,364791,5890520792,5890520792,5890520792,4917690000.0,127740000,0,1.0,3.548211538514379,25492113511,7184496537,5668864,
9,wasmedge,bulk_memory,True,8698902,42,236666,35738625,67060208,84242083,2281108000.0,280504000,0,1.0,3.4131231844388306,13846387880,4056808715,5816320,
9,wasmedge,call_indirect,True,-9175573,26,282708,71357375,91875000,112217875,1994739000.0,233571000,0,1.0,3.0929079770683883,10076554062,3257954694,5816320,
9,wasmedge,factorial.scalar,True,-2102132736,16384,167625,3416,3625,13542,70119000.0,23837000,0,1.0,3.4445307257505027,533434633,154864240,5816320,
9,wasmedge,sieve.scalar,True,1229,960,218584,1953375,4405875,9514792,3565687000.0,100504000,0,1.0,3.579576867400812,17917104313,5005369343,5816320,
9,wasmedge,crc32.scalar,True,-1910355869,53,502292,22635417,32000292,46913208,1509802000.0,44008000,0,1.0,3.426472619213564,7081646034,2066745257,5832704,
9,wasmedge,convolution.scalar,True,8190685,26,501208,51303666,66193208,80652167,1523814000.0,41917000,0,1.0,3.4659501734472564,7143799990,2061137533,5898240,
9,wasmedge,bulk_memory.scalar,True,8698902,25,226375,63797833,77679667,98202292,1732634000.0,47785000,0,1.0,3.661458441854471,8601310423,2349148723,5963776,
9,wasmedge,xmrsplayer,True,-1896780145,25,6070750,62097709,83219792,106471791,1829476000.0,50243000,0,1.0,3.421972670438246,8507517076,2486144074,25083904,
9,wasmedge,vtable_mono,True,-318559695,9,892875,90611958,149859083,227249042,1016688000.0,30014000,0,1.0,3.190426672870943,4857364371,1522481119,25083904,
9,wasmedge,vtable_bi,True,-208336512,10,298583,94103833,155503458,315697208,1158954000.0,31843000,0,1.0,3.4350067727308455,7474061307,2175850530,25083904,
9,wasmedge,vtable_poly4,True,-126115384,14,813458,105661000,223470958,314975083,1777314000.0,54127000,0,1.0,3.2617778775257227,10771170185,3302239021,25083904,
9,wasmedge,vtable_poly6,True,579248763,6,1461333,107757084,210254000,266513583,952315000.0,26226000,0,1.0,3.27698281007367,4963988353,1514804514,25083904,
9,wasmedge,graphql_as,True,5,47,11621000,23828875,51970292,206184875,1810651000.0,50907000,0,1.0,3.24463095152995,10043828663,3095522669,25083904,
9,wasmedge,tailcall_fsm,True,-1841735369,38,621334,19863083,37964333,66871250,1032610000.0,30987000,0,1.0,3.6927314773160576,6378182956,1727226308,25083904,
9,wasmedge,eh_parser_exnref,True,830008030,40,341250,28685000,32345792,98611917,1222551000.0,57533000,0,1.0,3.332540183327248,9719363279,2916502951,25083904,
9,wasmedge,eh_parser_legacy,False,,,,,,,,,,,,,,,"WasmEdge VMLoadWasmFromBytes: illegal opcode
loading failed: illegal opcode, Code: 0x117
    Bytecode offset: 0x00000171
    At AST node: instruction
    At AST node: expression
    At AST node: code segment
    At AST node: code section
    At AST node: module"
9,wasmedge,gc_trees,True,-81253392,21,133083,99219875,154774958,295732000,2529070000.0,273863000,165125,0.9999,3.2855177028444085,16116372006,4905276265,355270656,
9,wasmedge,callref_dispatch,True,-750120562,23,331083,48664459,60185083,103052375,1393017000.0,135678000,0,1.0,3.275647438946323,9660681138,2949243262,355270656,
9,wasmedge,callref_dispatch.indirect,True,-750120562,22,345333,45984250,57567958,96450208,1268731000.0,113691000,0,1.0,3.3320633065270635,8966426334,2690953175,355270656,
9,wasmedge,relaxed_dot,True,-551922832,608,400791,3069041,4115417,11107042,2747181000.0,307413000,0,1.0,3.3486695589364337,17793861102,5313710651,355270656,
9,wasmedge,relaxed_madd,True,-1435646925,943,262292,1362083,2695458,4830792,2288407000.0,71603000,0,1.0,3.456993614305334,11983676723,3466502418,355270656,
9,wasmedge,mem64_chase,True,433527714,15,16944208,128267625,171336500,186348875,2208709000.0,59912000,0,1.0,1.6492983680839421,5458478883,3309576356,393232384,
9,wasmedge,mem64_chase.mem32,True,433527714,17,396083,87256625,162501708,188288625,2278269000.0,67573000,0,1.0,1.7385666567396825,5444376772,3131531800,460341248,
9,wasmedge,multimem_transform,True,902712413,49,529500,26306375,40108958,52049208,1756567000.0,45630000,0,1.0,3.615287883748004,8822289945,2440273148,460341248,
9,wasmedge,multimem_transform.single,True,902712413,49,643167,29446583,41758209,52668833,1822141000.0,49097000,0,1.0,3.620749759305175,8826188500,2437668739,460341248,
9,wasmedge,extconst_init,True,-1152068691,174,11031541,5979458,12130667,17547541,1078674000.0,883727000,168834,0.9999,3.026935549179732,7921200152,2616904134,460341248,
9,wasmedge,extconst_init.mvp,True,-1152068691,196,3171375,5481042,11578583,18676416,1051120000.0,981010000,171333,0.9999,3.088010996971336,8446158073,2735145076,460341248,
9,wasmedge,graphql_porf,True,0,58,7418042,28163208,43796625,52393375,2071953000.0,255377000,34208,1.0,3.090806891337096,9520343697,3080213042,460341248,
9,wasmedge,sqlite3,False,,,,,,,,,,,,,,,N/A — the harness only has a WASI preview-1 + bench.* import shim for Pulley
9,zwasm,fib,True,832040,2,430209,719184458,732790584,732790584,1355233000.0,37177000,0,1.0,3.6512558040781298,6609330428,1810152666,5357568,
9,zwasm,fib_tail,True,873876091,406,436958,2160666,4835208,6634042,1757785000.0,34427000,0,1.0,4.556008038975149,10373038275,2276782259,5488640,
9,zwasm,factorial,False,,,,,,,,,,,,,,,init warmup failed: `factorial(20)` trapped: trap: unreachable
9,zwasm,sieve,False,,,,,,,,,,,,,,,init warmup failed: `sieve(10000)` trapped: trap: unreachable
9,zwasm,crc32,False,,,,,,,,,,,,,,,init warmup failed: `crc32(12648430)` trapped: trap: unreachable
9,zwasm,matmul_simd,False,,,,,,,,,,,,,,,init warmup failed: `matmul(48879)` trapped: trap: unreachable
9,zwasm,matmul_fma,False,,,,,,,,,,,,,,,init warmup failed: `matmul_fma(48879)` trapped: trap: unreachable
9,zwasm,convolution,False,,,,,,,,,,,,,,,init warmup failed: `convolve(51966)` trapped: trap: unreachable
9,zwasm,audio_dsp,True,761667740,1,343708,5309761417,5309761417,5309761417,4866212000.0,99080000,0,1.0,4.556538154949451,28471718883,6248541747,6029312,
9,zwasm,bulk_memory,False,,,,,,,,,,,,,,,init warmup failed: `bulk_memory(45260)` trapped: trap: unreachable
9,zwasm,call_indirect,True,-9175573,21,427917,92079792,107926333,130686625,2083533000.0,38546000,0,1.0,3.3664911121623353,8676590678,2577339547,6193152,
9,zwasm,factorial.scalar,True,-2102132736,16384,414666,1625,4291,5708,67408000.0,1482000,0,1.0,4.234378951394584,317750985,75040753,6258688,
9,zwasm,sieve.scalar,True,1229,407,506750,1722958,3921833,5368541,1415465000.0,29584000,0,1.0,4.602261676793143,8403902738,1826037572,6340608,
9,zwasm,crc32.scalar,True,-1910355869,65,385333,15333792,26981625,33330500,1629149000.0,34442000,0,1.0,4.422427094686237,9294358104,2101641905,6406144,
9,zwasm,convolution.scalar,True,8190685,31,228875,43841666,61148083,71228250,1746207000.0,39800000,0,1.0,4.595299463403383,10369458817,2256536032,6471680,
9,zwasm,bulk_memory.scalar,True,8698902,30,508666,52209750,73343500,86367375,1969290000.0,37960000,0,1.0,4.5699558970976115,11592375793,2536649380,6504448,
9,zwasm,xmrsplayer,True,741914787,24,4180000,60937667,80243042,90267208,1712696000.0,32955000,0,1.0,3.9900263670570157,8614397907,2158982702,24641536,
9,zwasm,vtable_mono,True,-318559695,11,1081459,160437209,178434250,192807292,1837548000.0,31331000,0,1.0,3.130022949730958,7114021379,2272833616,24641536,
9,zwasm,vtable_bi,True,-208336512,9,507708,193979792,211154750,231720167,1763158000.0,36772000,0,1.0,3.471498967647657,7573274623,2181557504,24641536,
9,zwasm,vtable_poly4,True,-126115384,12,470792,119565333,206479334,221308292,2077432000.0,53556000,0,1.0,3.3400667186277606,10439507135,3125538504,24641536,
9,zwasm,vtable_poly6,True,579248763,8,501791,221106792,240808334,258794792,1766633000.0,43559000,0,1.0,3.3302886435874415,7495935441,2250836562,24641536,
9,zwasm,graphql_as,True,5,38,2399000,33547459,48856209,68573584,1685643000.0,45131000,0,1.0,3.6869592465680907,8281192004,2246076360,24641536,
9,zwasm,tailcall_fsm,True,-1841735369,42,320458,29585916,47345791,55712167,1792357000.0,69552000,86958,1.0,3.462878739834449,8244267204,2380755384,145752064,
9,zwasm,eh_parser_exnref,True,830008030,27,208250,64940334,74052833,84293666,1847433000.0,41455000,0,1.0,3.017444353665705,7323987428,2427215408,146358272,
9,zwasm,eh_parser_legacy,False,,,,,,,,,,,,,,,wasm_module_new failed (invalid wasm or unsupported feature)
9,zwasm,gc_trees,False,,,,,,,,,,,,,,,N/A — not run: zwasm v2.7.0 never reclaims GC structs and grows its GC heap far faster than the allocation rate (124 MB for 31K 24-byte structs); the process segfaults at ~2.3 GB
9,zwasm,callref_dispatch,True,-750120562,17,265250,95472375,113130084,126499708,1811132000.0,34863000,0,1.0,3.5066695443479357,7730134121,2204409062,146423808,
9,zwasm,callref_dispatch.indirect,True,-750120562,16,361542,93989959,115421083,129714417,1682917000.0,33863000,0,1.0,3.469117560516736,7080467033,2040999450,146440192,
9,zwasm,relaxed_dot,False,,,,,,,,,,,,,,,init warmup failed: `relaxed_dot(7)` trapped: trap: unreachable
9,zwasm,relaxed_madd,False,,,,,,,,,,,,,,,init warmup failed: `relaxed_madd(7)` trapped: trap: unreachable
9,zwasm,mem64_chase,True,433527714,12,13086875,101540334,142997458,154733916,1546801000.0,30649000,0,1.0,2.0838993102395413,4035393587,1936462845,213581824,
9,zwasm,mem64_chase.mem32,True,433527714,15,242584,109664708,134848417,160672875,1893813000.0,38727000,0,1.0,2.1682162951088855,5044871877,2326738291,280690688,
9,zwasm,multimem_transform,True,902712413,67,762750,22186666,32818916,40255250,2035505000.0,42448000,0,1.0,4.719109750582818,12176920688,2580342762,280690688,
9,zwasm,multimem_transform.single,True,902712413,59,291041,20907333,33802833,38457541,1814262000.0,40558000,0,1.0,4.710192044852852,10723083359,2276570309,280690688,
9,zwasm,extconst_init,True,-1152068691,1159,3925875,957000,2448875,3869334,2016691000.0,426426000,1135042,0.9995,3.229011769953135,9963044652,3085477961,2056011776,
9,zwasm,extconst_init.mvp,True,-1152068691,1814,2124250,467834,1248166,1936375,1561819000.0,514735000,909625,0.9996,3.2651421223258588,7953249233,2435804916,3168550912,
9,zwasm,graphql_porf,True,0,43,4137584,30650000,43647834,49944041,1568836000.0,139157000,458291,0.9997,3.2865199022022287,7165567056,2180290176,3603251200,
9,zwasm,sqlite3,False,,,,,,,,,,,,,,,N/A — the harness only has a WASI preview-1 + bench.* import shim for Pulley
9,wasmz,fib,True,832040,16,433625,81537416,99467917,167824417,1438076000.0,29603000,7167,1.0,2.7799744974978506,5384020658,1936715845,5668864,
9,wasmz,fib_tail,True,873876091,4815,223500,268417,527875,1138459,2328661000.0,106539000,271667,0.9999,2.4703942122518767,8636806407,3496124774,5947392,
9,wasmz,factorial,True,-2102132736,16384,430625,3125,8291,29083,26038000.0,100083000,0,1.0,2.065561600224915,339254730,164243337,5996544,
9,wasmz,sieve,False,,,,,,,,,,,,,,,N/A — not run: wasmz v0.1.4 segfaults on this module's v128 ops (the scalar build runs)
9,wasmz,crc32,False,,,,,,,,,,,,,,,N/A — not run: wasmz v0.1.4 segfaults on this module's v128 ops (the scalar build runs)
9,wasmz,matmul_simd,True,48907,612,250167,2324625,5048500,8160709,2724184000.0,70618000,39208,1.0,3.5036845904398173,13211869171,3770850038,6176768,
9,wasmz,matmul_fma,True,48907,521,578708,1591750,3645959,8351959,1602918000.0,59476000,18458,1.0,3.990937432529661,8823812197,2210962298,6258688,
9,wasmz,convolution,True,8190685,374,649375,4021500,8465250,14278292,2661560000.0,82569000,7375,1.0,3.775952254246484,15186286149,4021842737,6324224,
9,wasmz,audio_dsp,True,761667740,2,217334,1007988333,1028796292,1028796292,1858422000.0,54088000,0,1.0,2.977074478046498,7574003956,2544109666,6438912,
9,wasmz,bulk_memory,True,8698902,184,417917,4454500,9448667,13057000,1548852000.0,46427000,5500,1.0,3.3308013600869413,7125637242,2139316180,6635520,
9,wasmz,call_indirect,True,-9175573,69,1249250,13433125,28171209,35461959,1682835000.0,51421000,0,1.0,2.6569782579321197,6239988788,2348528359,7159808,
9,wasmz,factorial.scalar,True,-2102132736,16384,219250,3000,4709,21084,18670000.0,74624000,231708,0.9975,2.1613133495541335,329906036,152641465,7159808,
9,wasmz,sieve.scalar,True,1229,7158,599250,261625,670667,1060458,3783828000.0,160781000,34250,1.0,3.14317662273569,15893901209,5056636364,7159808,
9,wasmz,crc32.scalar,True,-1910355869,373,603250,2197625,5315458,6474916,1712690000.0,35123000,0,1.0,3.361648127203687,7180031697,2135866523,7159808,
9,wasmz,convolution.scalar,True,8190685,184,494916,6196208,13625667,17194292,2232777000.0,54863000,0,1.0,3.4304041702735892,9799369929,2856622556,7159808,
9,wasmz,bulk_memory.scalar,True,8698902,215,677667,4337375,10006334,12498875,1904061000.0,45066000,0,1.0,3.2532101077558377,7700345986,2366999281,7159808,
9,wasmz,xmrsplayer,True,804827950,154,3829042,5180792,11474416,14225833,1579143000.0,38024000,0,1.0,2.830567879878963,5829843643,2059602133,26198016,
9,wasmz,vtable_mono,True,-318559695,43,1477292,31702500,44116459,49837875,1733317000.0,38507000,0,1.0,3.2892218361688275,6863210648,2086575789,26198016,
9,wasmz,vtable_bi,True,-208336512,37,1233625,26154208,46148250,56291833,1565874000.0,42336000,0,1.0,3.057922759860911,6365697068,2081706298,26198016,
9,wasmz,vtable_poly4,True,-126115384,41,1342750,22697416,38020834,53558417,1383309000.0,30537000,0,1.0,3.0823198311878865,7366751865,2390002423,26198016,
9,wasmz,vtable_poly6,True,579248763,37,1450125,25594958,51873708,61820541,1651318000.0,44644000,0,1.0,2.910659677231711,6832772527,2347499634,26198016,
9,wasmz,graphql_as,False,,,,,,,,,,,,,,,wasmz init-warmup failed: wasmz_instance_call trap: trap: wasm `unreachable` instruction executed
9,wasmz,tailcall_fsm,True,-1841735369,622,213416,2228666,4936292,7387458,2779911000.0,92576000,0,1.0,2.4713934668397943,9138883312,3697866582,26198016,
9,wasmz,eh_parser_exnref,True,830008030,142,574667,7157416,13371750,17228208,1710391000.0,55537000,0,1.0,2.6732499424500595,6009592850,2248047500,26198016,
9,wasmz,eh_parser_legacy,True,830008030,146,595250,6218166,14118750,16897375,1810765000.0,45800000,11708,1.0,2.6911339053638543,6339322710,2355632582,26198016,
9,wasmz,gc_trees,True,-81253392,38,348917,32822750,48579916,71406375,1631322000.0,125739000,215917,0.9999,2.8974612485595004,6346517225,2190371736,182124544,
9,wasmz,callref_dispatch,False,,,,,,,,,,,,,,,wasmz init-warmup failed: wasmz_instance_call trap: trap: null reference dereference
9,wasmz,callref_dispatch.indirect,True,-750120562,78,365333,14670291,26764375,33784166,1902139000.0,47903000,7458,1.0,2.671059776114693,6512753384,2438265681,182124544,
9,wasmz,relaxed_dot,True,-551922832,676,582792,1429917,2980625,4486166,1811021000.0,61901000,40958,1.0,4.020094252601209,10311006808,2564866931,182124544,
9,wasmz,relaxed_madd,True,-1435646925,2319,317625,351958,894750,1304666,1528954000.0,65883000,0,1.0,3.192863297976754,7016326181,2197502845,182124544,
9,wasmz,mem64_chase,True,433527714,29,15129041,43531417,53347500,77297750,1486324000.0,39735000,0,1.0,0.4831599121735436,910051881,1883541780,182124544,
9,wasmz,mem64_chase.mem32,True,433527714,22,11770292,43755834,82839333,92686625,1612255000.0,33268000,0,1.0,0.3486340777436732,698155599,2002545487,182124544,
9,wasmz,multimem_transform,False,,,,,,,,,,,,,,,wasmz_module_new failed: module compilation failed: MultipleMemories
9,wasmz,multimem_transform.single,True,902712413,315,443542,2223834,5647875,6940375,1534809000.0,37246000,0,1.0,3.1250082290661663,5711999357,1827834981,182124544,
9,wasmz,extconst_init,False,,,,,,,,,,,,,,,"wrong result: got -1669113347, expected -1152068691 (cross-runtime consensus)"
9,wasmz,extconst_init.mvp,False,,,,,,,,,,,,,,,"wrong result: got 1844351884, expected -1152068691 (cross-runtime consensus)"
9,wasmz,graphql_porf,False,,,,,,,,,,,,,,,init warmup failed: wasmz m() trap: multi-value results are not supported by the C API (results_len = 2)
9,wasmz,sqlite3,False,,,,,,,,,,,,,,,N/A — the harness only has a WASI preview-1 + bench.* import shim for Pulley
9,tinywasm,fib,True,832040,10,439750,203365458,225879959,246305792,2095273000.0,37591000,0,1.0,3.491876910794631,9196907192,2633800511,5177344,
9,tinywasm,fib_tail,True,873876091,1155,182083,627125,1615750,2302916,1534136000.0,26846000,0,1.0,4.165898617749329,8072743292,1937815591,5292032,
9,tinywasm,factorial,True,-2102132736,16384,247750,958,1042,1208,18768000.0,326000,0,1.0,3.447634011282937,66919245,19410194,5603328,
9,tinywasm,sieve,True,1229,1282,232666,603667,1545416,2494917,1683178000.0,32583000,0,1.0,3.7482162985692025,7703178256,2055158412,5767168,
9,tinywasm,crc32,True,-1910355869,186,276125,4980042,10903083,13530208,1828177000.0,41994000,0,1.0,3.645611124140133,8615707516,2363309531,5799936,
9,tinywasm,matmul_simd,True,48907,225,307125,3930750,8109416,10242208,1647854000.0,42810000,0,1.0,3.687095298917409,7785220084,2111477858,5931008,
9,tinywasm,matmul_fma,True,48907,272,469125,3014459,6084208,8054708,1526287000.0,39244000,0,1.0,3.6108544588032374,7119404965,1971667661,5963776,
9,tinywasm,convolution,True,8190685,353,226667,5462625,11855833,16649625,3728159000.0,81025000,0,1.0,3.4683903063026476,17369885732,5008053938,6045696,
9,tinywasm,audio_dsp,True,761667740,1,304084,2132645791,2132645791,2132645791,2009756000.0,34304000,0,1.0,3.7555947701132655,10232761078,2724671245,6160384,
9,tinywasm,bulk_memory,True,8698902,89,242833,9364167,20117792,27795500,1601530000.0,27133000,0,1.0,3.87681788495781,8168291647,2106957791,6307840,
9,tinywasm,call_indirect,True,-9175573,49,343917,33699875,46559916,51608292,2095234000.0,34201000,0,1.0,2.7982428046151373,7342871795,2624101019,6488064,
9,tinywasm,factorial.scalar,True,-2102132736,16384,220125,250,750,875,10111000.0,121000,0,1.0,3.858343691381838,55666597,14427589,6520832,
9,tinywasm,sieve.scalar,True,1229,1277,137917,640708,1636708,2291291,1721790000.0,30514000,0,1.0,3.716832760824033,8056375182,2167537713,6586368,
9,tinywasm,crc32.scalar,True,-1910355869,253,202708,5050625,11011791,13765333,2541567000.0,44313000,0,1.0,3.6599921736141954,11774445887,3217068597,6651904,
9,tinywasm,convolution.scalar,True,8190685,74,206500,16665833,30313708,36796292,2038612000.0,34779000,0,1.0,3.551733824353074,9065469629,2552406818,6651904,
9,tinywasm,bulk_memory.scalar,True,8698902,86,232791,11981375,22334333,27584791,1756561000.0,32250000,0,1.0,3.8548642229563828,8449765716,2191974925,6684672,
9,tinywasm,xmrsplayer,True,-509333726,62,5896291,18896958,26846708,33417291,1533358000.0,28442000,0,1.0,3.5981673099978297,6924948032,1924576440,24559616,
9,tinywasm,vtable_mono,True,-318559695,31,329666,33723458,65331125,77700708,1855710000.0,34348000,0,1.0,3.2005085829694497,7876661256,2461065500,24559616,
9,tinywasm,vtable_bi,True,-208336512,32,389084,67217167,80601500,89170750,2415074000.0,44567000,0,1.0,3.304588260251781,9946579861,3009930157,24608768,
9,tinywasm,vtable_poly4,True,-126115384,28,222709,66111375,86004292,99373125,2232055000.0,37605000,0,1.0,3.322000434426589,9172182275,2761041865,24625152,
9,tinywasm,vtable_poly6,True,579248763,20,127083,81515792,93405958,110805708,1780283000.0,28975000,0,1.0,3.1940926420696893,7189525941,2250882096,24625152,
9,tinywasm,graphql_as,True,5,83,4650208,11502709,19764084,25490833,1521252000.0,24913000,0,1.0,3.433139493938351,6744063812,1964401337,25083904,
9,tinywasm,tailcall_fsm,True,-1841735369,304,276875,4426125,9404708,12608500,2640364000.0,45595000,0,1.0,3.7729849864396536,13094719587,3470652450,25083904,
9,tinywasm,eh_parser_exnref,True,830008030,70,528000,16570625,29431834,36743125,1921471000.0,32587000,0,1.0,2.9835809744686292,7341694592,2460698957,25706496,
9,tinywasm,eh_parser_legacy,False,,,,,,,,,,,,,,,tinywasm::parse_bytes failed: error parsing module: legacy exceptions support is not enabled (at offset 0x171) at offset 369
9,tinywasm,gc_trees,True,-81253392,11,113083,194027333,205185500,221424208,2086489000.0,36992000,0,1.0,2.4307884998519267,6566767857,2701497007,28180480,
9,tinywasm,callref_dispatch,True,-750120562,46,198875,19697583,41060291,136014959,1584910000.0,28021000,0,1.0,2.9190689761446196,6593720409,2258843646,28180480,
9,tinywasm,callref_dispatch.indirect,True,-750120562,90,86250,18764166,20351209,65725541,1993068000.0,34830000,0,1.0,2.8168487220909477,12325337802,4375576759,28180480,
9,tinywasm,relaxed_dot,True,-551922832,331,346667,2205791,5027625,12973791,1449849000.0,26151000,0,1.0,3.121722216422195,6013084331,1926207367,28180480,
9,tinywasm,relaxed_madd,True,-1435646925,1249,471167,627417,1159709,4460416,1341492000.0,28336000,0,1.0,3.3940999121194766,7105943039,2093616341,28180480,
9,tinywasm,mem64_chase,True,433527714,25,14384542,54769250,88887709,140259875,1956166000.0,37126000,0,1.0,0.8401340962957512,2474725754,2945631852,79183872,
9,tinywasm,mem64_chase.mem32,True,433527714,34,2171333,32658541,77305542,321418208,2242144000.0,41484000,0,1.0,0.7124570583648486,3010292488,4225226563,79200256,
9,tinywasm,multimem_transform,True,902712413,181,182834,5815250,13571625,24374292,2114121000.0,39901000,0,1.0,3.8926929938187604,10618869993,2727898144,79216640,
9,tinywasm,multimem_transform.single,True,902712413,160,189583,6276042,13150083,15138000,1879751000.0,33914000,0,1.0,3.95839962675227,9213432926,2327565126,79233024,
9,tinywasm,extconst_init,True,-1152068691,3450,8521000,338584,868458,1436166,2493736000.0,51186000,0,1.0,3.8887798252876786,12262670543,3153346575,80560128,
9,tinywasm,extconst_init.mvp,True,-1152068691,10391,3965291,74333,189458,354208,1666407000.0,29027000,0,1.0,3.720076927326595,7789466701,2093899361,80691200,
9,tinywasm,graphql_porf,True,0,140,6325166,11284792,17876458,24670083,1969810000.0,434105000,247417,0.9999,2.886851436071068,8851107118,3066007141,1109868544,
9,tinywasm,sqlite3,False,,,,,,,,,,,,,,,N/A — the harness only has a WASI preview-1 + bench.* import shim for Pulley
10,pulley,fib,True,832040,19,1500917,81766417,100591708,114773875,1678905000.0,49066000,0,1.0,2.934113543739956,6764723783,2305542605,7127040,
10,pulley,fib_tail,True,873876091,2780,2256459,248666,495584,977542,1269475000.0,29426000,0,1.0,3.2851392280953333,6045834523,1840358689,7733248,
10,pulley,factorial,True,-2102132736,16384,1630375,208,458,750,8411000.0,392000,0,1.0,2.8127531813646622,36890940,13115598,8519680,
10,pulley,sieve,True,1229,3957,3711292,355583,909500,1742542,2740905000.0,62410000,0,1.0,3.112828966507853,11733803099,3769498172,9568256,
10,pulley,crc32,True,-1910355869,312,3081625,2363166,5663750,8085125,1510682000.0,35780000,0,1.0,3.855938191503621,7250478058,1880340840,9895936,
10,pulley,matmul_simd,True,48907,1025,4705583,1629666,3459667,5464375,3173706000.0,76190000,0,1.0,3.4544444921111848,15336743515,4439713404,10518528,
10,pulley,matmul_fma,True,48907,843,3695250,1198542,2576500,4429042,1906838000.0,40788000,0,1.0,3.8158565294045794,10255387806,2687571644,10649600,
10,pulley,convolution,True,8190685,248,1897375,2910042,6815792,8541667,1451433000.0,30282000,0,1.0,3.6383825131847902,7048452536,1937248904,11010048,
10,pulley,audio_dsp,True,761667740,1,1787709,1065397625,1065397625,1065397625,981354000.0,29030000,0,1.0,3.4156309672754688,5325549325,1559169997,11010048,
10,pulley,bulk_memory,True,8698902,93,3867125,11809500,22938708,30365500,1874109000.0,53754000,0,1.0,2.506472301763109,7085180838,2826754093,11206656,
10,pulley,call_indirect,True,-9175573,51,6822125,20524458,28929875,41734500,1387523000.0,36937000,0,1.0,2.084147605098103,4522597156,2169998490,11386880,
10,pulley,factorial.scalar,True,-2102132736,16384,1511583,291,833,1042,12302000.0,349000,0,1.0,2.61457614245963,41620431,15918615,11386880,
10,pulley,sieve.scalar,True,1229,2052,3652917,369292,619375,1633334,1297379000.0,35220000,0,1.0,3.3186660180280034,6748547998,2033512249,11436032,
10,pulley,crc32.scalar,True,-1910355869,614,2162333,2310334,4592750,7088375,2579952000.0,65966000,0,1.0,3.8601804554530252,14326864802,3711449495,11436032,
10,pulley,convolution.scalar,True,8190685,154,3001958,6192542,13651833,17631542,1856154000.0,48236000,0,1.0,4.1693958327936205,10178128188,2441151811,11436032,
10,pulley,bulk_memory.scalar,True,8698902,79,3812416,11941250,21703083,30124917,1553127000.0,40800000,0,1.0,2.5456884389624572,6170348548,2423842782,11550720,
10,pulley,xmrsplayer,True,-367930254,116,200220500,9007375,15384916,22502416,1588263000.0,49934000,0,1.0,2.7309604135538694,6896937133,2525462141,37273600,
10,pulley,vtable_mono,True,-318559695,39,13859000,29634041,53672667,115000792,1827804000.0,60127000,0,1.0,2.309095459837221,6676098535,2891218077,37273600,
10,pulley,vtable_bi,True,-208336512,48,13209833,43601625,54415500,71720208,2320442000.0,69488000,0,1.0,2.304954639079629,8490703356,3683674816,37273600,
10,pulley,vtable_poly4,True,-126115384,32,10316792,46537875,57093333,74357459,1644653000.0,46649000,0,1.0,2.335882740360725,5830549067,2496079519,37273600,
10,pulley,vtable_poly6,True,579248763,34,7750333,44440917,61183417,76099500,1898613000.0,45832000,0,1.0,2.3579093921886436,6780058963,2875453563,37273600,
10,pulley,graphql_as,True,5,156,162266250,4494500,9419084,14919750,1341354000.0,41065000,0,1.0,2.5509753581900787,5388371097,2112278772,37273600,
10,pulley,tailcall_fsm,True,-1841735369,784,2105875,2523791,4319917,8380917,3141182000.0,96801000,0,1.0,2.3726781841829157,12550776865,5289708882,37273600,
10,pulley,eh_parser_exnref,True,830008030,111,6394667,10878417,15471792,24447958,1593414000.0,45366000,0,1.0,2.404203278313629,6357650684,2644389824,37273600,
10,pulley,eh_parser_legacy,False,,,,,,,,,,,,,,,Module::from_binary failed — invalid wasm or unsupported feature?: failed to compile: wasm[0]::function[6]: WebAssembly translation error: Unsupported feature: operator Try { blockty: Empty }
10,pulley,gc_trees,True,-81253392,18,5741417,93207375,128950083,153035750,1988264000.0,54821000,0,1.0,3.0159710433924922,9589226025,3179482126,37273600,
10,pulley,callref_dispatch,True,-750120562,72,2842583,17693875,25649292,37923625,1665763000.0,37157000,0,1.0,1.889531711618805,5175965236,2739284662,37273600,
10,pulley,callref_dispatch.indirect,True,-750120562,87,3186500,15473250,24541459,33954292,1909593000.0,64648000,0,1.0,1.9429834024329113,6007771824,3092034557,37273600,
10,pulley,relaxed_dot,True,-551922832,312,5538042,3116250,5210125,10116042,1495147000.0,48792000,0,1.0,3.4347922007390266,8883671776,2586378231,37273600,
10,pulley,relaxed_madd,True,-1435646925,12301,3570167,162167,235875,720333,3182735000.0,98453000,0,1.0,3.0815535805449414,16533415039,5365285596,37273600,
10,pulley,mem64_chase,True,433527714,34,1232209,39919666,85315000,133007125,2350492000.0,67496000,0,1.0,0.6201478016402941,2422099829,3905681553,91373568,
10,pulley,mem64_chase.mem32,True,433527714,24,1750209,37900500,51851500,101771750,1357787000.0,33966000,0,1.0,0.5775393498049523,1139908898,1973733735,91373568,
10,pulley,multimem_transform,True,902712413,566,1025583,3387375,5725583,38847583,3041221000.0,79903000,0,1.0,3.57865809303359,18242625387,5097616177,91373568,
10,pulley,multimem_transform.single,True,902712413,220,1986125,4829875,8467750,13413958,1757962000.0,41555000,0,1.0,3.4359408021004776,9480541171,2759227157,91373568,
10,pulley,extconst_init,True,-1152068691,16384,804586375,56292,103292,320542,1591785000.0,232878000,292500,0.9998,2.88818365358421,7795214604,2699002397,91373568,
10,pulley,extconst_init.mvp,True,-1152068691,12786,78319792,35209,89084,252500,810985000.0,283431000,60042,0.9999,2.5402003250411624,3576628966,1408010593,91373568,
10,pulley,graphql_porf,True,0,143,332480583,5972458,11454000,15511875,1270764000.0,304716000,2007250,0.9987,2.0251021765118598,4455682105,2200225824,91373568,
10,pulley,sqlite3,True,0,1,2490066083,49786411708,49786411708,49786411708,44264114000.0,1497409000,0,1.0,2.4810979040368135,151686997950,61137046508,106446848,
10,wamr,fib,True,832040,21,2528250,119961625,132206083,157664834,2551818000.0,80546000,0,1.0,3.283300178379479,10886207615,3315629709,11829248,
10,wamr,fib_tail,True,873876091,2025,1401625,387708,995583,2085291,1632545000.0,49111000,0,1.0,2.2148092348193766,4692324025,2118613175,11943936,
10,wamr,factorial,True,-2102132736,16384,1501334,166,583,708,9182000.0,857000,0,1.0,3.4215208574434164,41580347,12152592,12107776,
10,wamr,sieve,True,1229,6895,2794541,253834,522541,1503667,3286137000.0,97436000,0,1.0,3.3975258800464747,16176085279,4761136736,12140544,
10,wamr,crc32,True,-1910355869,678,2155959,1925875,4631083,6966042,2687590000.0,86954000,0,1.0,2.5892260766378277,9105342861,3516627205,12238848,
10,wamr,matmul_simd,True,48907,479,2117375,1329750,3101166,5700833,1268449000.0,41519000,0,1.0,3.6858283595795425,6301233264,1709584020,12238848,
10,wamr,matmul_fma,True,48907,1018,1399583,981500,1960958,4357917,1787574000.0,55293000,0,1.0,3.7398770100574006,10058331998,2689482026,12271616,
10,wamr,convolution,True,8190685,599,1803875,2054833,4417500,7782459,2359239000.0,72176000,0,1.0,3.3076952794441814,10868033872,3285681707,12353536,
10,wamr,audio_dsp,True,761667740,1,1701958,854753625,854753625,854753625,744225000.0,24444000,0,1.0,2.214249767927722,2681938024,1211217480,12353536,
10,wamr,bulk_memory,True,8698902,161,1812250,5337208,10820584,15739167,1499727000.0,51544000,0,1.0,2.6524299435557688,6012041194,2266616394,12435456,
10,wamr,call_indirect,True,-9175573,80,1227500,10092459,19685917,27892334,1391339000.0,44417000,0,1.0,2.5274312970927535,5157239942,2040506481,12435456,
10,wamr,factorial.scalar,True,-2102132736,16384,1584500,166,583,709,8295000.0,732000,0,1.0,2.9233913897523043,36849290,12604980,12435456,
10,wamr,sieve.scalar,True,1229,2998,1875208,277417,651750,1620375,1586749000.0,47804000,93792,0.9999,2.5385814320401643,5734958851,2259119514,12435456,
10,wamr,crc32.scalar,True,-1910355869,741,755458,1947750,3255041,106000041,1733905000.0,72272000,0,1.0,2.5246606662001008,10000299520,3961046985,12517376,
10,wamr,convolution.scalar,True,8190685,186,1232083,6152667,11972250,16351667,2026873000.0,47915000,0,1.0,2.1796839937647094,6457530333,2962599327,12566528,
10,wamr,bulk_memory.scalar,True,8698902,353,738958,5542125,11344125,18537667,3426383000.0,78203000,0,1.0,2.5734934484899474,13345708810,5185833606,12632064,
10,wamr,xmrsplayer,True,1741184266,141,10377500,6230375,11842291,30383750,1380324000.0,38421000,0,1.0,2.964597533427552,6851921036,2311248309,28819456,
10,wamr,vtable_mono,True,-318559695,134,755917,14841250,29090375,41702125,3336382000.0,74469000,0,1.0,3.274111817666313,16463217638,5028300362,28819456,
10,wamr,vtable_bi,True,-208336512,71,1738917,17216250,31325541,77211459,1949639000.0,46337000,0,1.0,3.1243133101898266,9734490925,3115721747,28819456,
10,wamr,vtable_poly4,True,-126115384,43,1703792,21385416,33469500,47668042,1331662000.0,25509000,136292,0.9999,2.9031301445557465,6058472670,2086876016,28819456,
10,wamr,vtable_poly6,True,579248763,36,1866292,20617583,38769458,193717709,1216001000.0,29725000,0,1.0,2.748793495767013,5230758531,1902928881,28819456,
10,wamr,graphql_as,True,5,239,5342167,3104791,4652542,46398709,1177777000.0,21659000,0,1.0,2.5576535103778753,6453690715,2523285773,28819456,
10,wamr,tailcall_fsm,True,-1841735369,399,807875,4635583,7791458,37487708,2854269000.0,56533000,0,1.0,3.627678131965526,17685113478,4875050331,28819456,
10,wamr,eh_parser_exnref,False,,,,,,,,,,,,,,,wasm_runtime_load failed: WASM module load failed: unsupported opcode 1f
10,wamr,eh_parser_legacy,True,830008030,235,1755667,6550084,10562584,38144542,2305504000.0,47757000,0,1.0,2.9915237453087276,12076399776,4036872445,28819456,
10,wamr,gc_trees,False,,,,,,,,,,,,,,,wasm_runtime_load failed: WASM module load failed: invalid type flag
10,wamr,callref_dispatch,False,,,,,,,,,,,,,,,wasm_runtime_load failed: WASM module load failed: incompatible import type
10,wamr,callref_dispatch.indirect,True,-750120562,195,38208,9644792,11365917,77335750,2347563000.0,56756000,0,1.0,2.5413757078719326,12546695199,4936969831,28819456,
10,wamr,relaxed_dot,True,-551922832,943,2234959,1121000,2155833,6452708,1785321000.0,48898000,0,1.0,3.045521843529942,8625046857,2832042356,28819456,
10,wamr,relaxed_madd,True,-1435646925,8716,838750,192500,343000,1112250,2896947000.0,85103000,0,1.0,3.491733938454412,15726681922,4503974873,28819456,
10,wamr,mem64_chase,False,,,,,,,,,,,,,,,wasm_runtime_load failed: WASM module load failed: invalid limits flags
10,wamr,mem64_chase.mem32,True,433527714,30,1293833,52291334,79527000,90972166,2129101000.0,50985000,0,1.0,0.29259260939326776,858262965,2933303636,81461248,
10,wamr,multimem_transform,False,,,,,,,,,,,,,,,wasm_runtime_load failed: WASM module load failed: multiple memories
10,wamr,multimem_transform.single,True,902712413,402,1165000,1947209,4025291,6287500,1482036000.0,32387000,0,1.0,2.8711051534897734,5937779143,2068116222,81461248,
10,wamr,extconst_init,True,-1152068691,7645,6301916,253084,403167,1416875,3248534000.0,211901000,86958,1.0,3.0089922151506983,16365851704,5438981072,81461248,
10,wamr,extconst_init.mvp,True,-1152068691,16384,1106458,45875,116750,290250,1367582000.0,214229000,118375,0.9999,3.1946447172834933,7007786392,2193604301,81461248,
10,wamr,graphql_porf,True,0,200,5655084,5057625,10145292,16658083,1405333000.0,565129000,3757708,0.9981,2.480887839823845,6806999618,2743775639,81461248,
10,wamr,sqlite3,False,,,,,,,,,,,,,,,N/A — the harness only has a WASI preview-1 + bench.* import shim for Pulley
10,wasm3,fib,True,832040,22,430333,55505458,98771000,115650292,1942806000.0,37088000,0,1.0,3.268521301411912,8110792161,2481486707,4521984,
10,wasm3,fib_tail,True,873876091,5431,107708,251333,640292,1065917,2916029000.0,53443000,0,1.0,2.3459019503970073,8481499314,3615453456,4669440,
10,wasm3,factorial,False,,,,,,,,,,,,,,,wasm3 m3_FindFunction(factorial) failed: compiling function underran the stack
10,wasm3,sieve,False,,,,,,,,,,,,,,,wasm3 m3_FindFunction(sieve) failed: incorrect type on stack
10,wasm3,crc32,False,,,,,,,,,,,,,,,wasm3 m3_FindFunction(crc32) failed: compiling function underran the stack
10,wasm3,matmul_simd,False,,,,,,,,,,,,,,,wasm3 m3_FindFunction(matmul) failed: unknown type
10,wasm3,matmul_fma,False,,,,,,,,,,,,,,,wasm3 m3_FindFunction(matmul_fma) failed: unknown type
10,wasm3,convolution,False,,,,,,,,,,,,,,,wasm3 m3_FindFunction(convolve) failed: incorrect type on stack
10,wasm3,audio_dsp,True,761667740,3,191208,591997667,600382000,613370166,1675123000.0,30207000,0,1.0,2.9785903292712557,6006568775,2016581037,4947968,
10,wasm3,bulk_memory,False,,,,,,,,,,,,,,,wasm3 m3_FindFunction(bulk_memory) failed: unknown label
10,wasm3,call_indirect,True,-9175573,125,103958,6600000,14452625,17665542,1592603000.0,30630000,0,1.0,2.8031169148645207,5547322224,1978983536,5029888,
10,wasm3,factorial.scalar,True,-2102132736,16384,119166,291,333,417,6804000.0,164000,0,1.0,3.575497552219483,25275396,7069057,5046272,
10,wasm3,sieve.scalar,True,1229,15449,57708,128583,328375,636500,4428896000.0,91901000,0,1.0,3.983537728984113,21090550640,5294427234,5079040,
10,wasm3,crc32.scalar,True,-1910355869,692,127542,1113042,2847458,3667667,1657144000.0,28585000,0,1.0,3.4248622980917314,7000179136,2043930099,5079040,
10,wasm3,convolution.scalar,True,8190685,248,147958,3058250,6959875,9042291,1545895000.0,28498000,0,1.0,3.5398886993134497,7034230695,1987133295,5079040,
10,wasm3,bulk_memory.scalar,True,8698902,292,176291,3469250,7716291,9925250,2043392000.0,38651000,0,1.0,3.181029727056823,8137818565,2558234051,5095424,
10,wasm3,xmrsplayer,True,686835280,250,1874708,3769042,8583833,11417750,1913096000.0,37840000,0,1.0,2.816512318454217,6680170944,2371788293,23248896,
10,wasm3,vtable_mono,True,-318559695,74,164459,14442791,22655000,29076875,1507328000.0,29292000,0,1.0,3.564555539263136,6921493837,1941755083,23265280,
10,wasm3,vtable_bi,True,-208336512,102,152125,15042000,24590750,30379875,2246033000.0,42457000,0,1.0,3.506651817729696,10486144916,2990358171,23281664,
10,wasm3,vtable_poly4,True,-126115384,77,147625,13738875,26593583,33893625,1837141000.0,33939000,0,1.0,3.5062928411272916,8109313431,2312788406,23314432,
10,wasm3,vtable_poly6,True,579248763,78,142459,17033417,30453917,36137084,2148210000.0,37807000,0,1.0,3.2124200080967373,8527714494,2654607577,23314432,
10,wasm3,graphql_as,True,5,514,1524792,2604334,6478416,9109792,3048322000.0,59781000,0,1.0,2.5824986944346047,10099012510,3910558612,23543808,
10,wasm3,tailcall_fsm,True,-1841735369,605,76500,2264083,5600542,6867333,2927070000.0,55230000,0,1.0,2.945690986397151,10651010030,3615793401,23560192,
10,wasm3,eh_parser_exnref,False,,,,,,,,,,,,,,,wasm3 m3_ParseModule failed: out of order Wasm section
10,wasm3,eh_parser_legacy,False,,,,,,,,,,,,,,,wasm3 m3_ParseModule failed: out of order Wasm section
10,wasm3,gc_trees,False,,,,,,,,,,,,,,,wasm3 m3_ParseModule failed: malformed Wasm binary
10,wasm3,callref_dispatch,False,,,,,,,,,,,,,,,wasm3 m3_ParseModule failed: unknown value_type
10,wasm3,callref_dispatch.indirect,True,-750120562,124,25375,6615416,14372750,17174500,1616945000.0,27821000,0,1.0,2.9136330849871577,5948595102,2041641802,23773184,
10,wasm3,relaxed_dot,False,,,,,,,,,,,,,,,wasm3 m3_FindFunction(relaxed_dot) failed: unknown type
10,wasm3,relaxed_madd,False,,,,,,,,,,,,,,,wasm3 m3_FindFunction(relaxed_madd) failed: unknown type
10,wasm3,mem64_chase,False,,,,,,,,,,,,,,,wasm3 m3_ParseModule failed: malformed Wasm binary
10,wasm3,mem64_chase.mem32,True,433527714,26,9990625,64409834,77563084,90759041,1816752000.0,37130000,0,1.0,0.3117859955421553,686662147,2202350833,90914816,
10,wasm3,multimem_transform,False,,,,,,,,,,,,,,,wasm3 m3_ParseModule failed: only one memory per module is supported
10,wasm3,multimem_transform.single,True,902712413,780,74292,1219334,3122167,4405542,2048169000.0,39504000,0,1.0,3.7653141612853904,9453658171,2510722284,90931200,
10,wasm3,extconst_init,True,-1152068691,133,130542,8682834,15422542,20035583,1872132000.0,36836000,0,1.0,3.352668926401826,7784697884,2321940536,91832320,
10,wasm3,extconst_init.mvp,True,-1152068691,250,25292,3568833,7998292,11209667,1821971000.0,39633000,0,1.0,3.1419872232862653,6869331772,2186301625,91897856,
10,wasm3,graphql_porf,False,,,,,,,,,,,,,,,wasm3 m3_ParseModule failed: out of order Wasm section
10,wasm3,sqlite3,False,,,,,,,,,,,,,,,N/A — the harness only has a WASI preview-1 + bench.* import shim for Pulley
10,wasmedge,fib,True,832040,3,509875,666814958,688147125,689985583,1905131000.0,39049000,0,1.0,3.642347902127649,8309939011,2281478660,4603904,
10,wasmedge,fib_tail,True,873876091,317,354208,2687958,6826291,8812792,1831302000.0,36891000,0,1.0,3.451878998906666,7702501469,2231393821,4882432,
10,wasmedge,factorial,True,-2102132736,16384,636167,3041,7791,16750,82851000.0,33566000,0,1.0,3.3752767695340964,459150061,136033307,5160960,
10,wasmedge,sieve,True,1229,414,659791,1836291,4527375,5603000,1580074000.0,30477000,0,1.0,3.6957974121635075,7390544305,1999715753,5259264,
10,wasmedge,crc32,True,-1910355869,58,536209,16942542,34555458,38967959,1788041000.0,40305000,0,1.0,3.417989357072157,7664035144,2242264192,5439488,
10,wasmedge,matmul_simd,True,48907,97,692000,12718459,22174917,25058958,1959048000.0,37304000,0,1.0,3.665240127063957,8536316675,2328992475,5521408,
10,wasmedge,matmul_fma,True,48907,115,679500,8583250,16258750,18738250,1689957000.0,31638000,0,1.0,3.5890756245534323,7386765936,2058124907,5570560,
10,wasmedge,convolution,True,8190685,63,661542,18672167,29685833,36344625,1748120000.0,32961000,0,1.0,3.4906269506798173,7243635854,2075167572,5701632,
10,wasmedge,audio_dsp,True,761667740,1,769083,6193356500,6193356500,6193356500,5724055000.0,108902000,0,1.0,3.5747118920165386,25473033834,7125898423,5701632,
10,wasmedge,bulk_memory,True,8698902,24,520208,58871833,77995042,87542416,1701913000.0,32857000,0,1.0,3.6861161035822945,7841808635,2127390569,5898240,
10,wasmedge,call_indirect,True,-9175573,18,650917,79955584,98081625,110734708,1607837000.0,30167000,0,1.0,3.3437166920424506,6904747253,2064991711,5898240,
10,wasmedge,factorial.scalar,True,-2102132736,16384,449542,3417,5125,12042,73254000.0,24259000,0,1.0,3.4577304310532972,532562217,154020745,5898240,
10,wasmedge,sieve.scalar,True,1229,392,630583,1945083,3433167,5939208,1277430000.0,23464000,0,1.0,3.6160389384805147,7302190442,2019389328,5898240,
10,wasmedge,crc32.scalar,True,-1910355869,123,320958,15173709,30996791,38926500,3498445000.0,69901000,0,1.0,3.432404100466307,16407855790,4780280908,5898240,
10,wasmedge,convolution.scalar,True,8190685,33,543833,48755000,62246625,77620750,1970363000.0,36053000,0,1.0,3.4930161243453663,9054435862,2592154041,5963776,
10,wasmedge,bulk_memory.scalar,True,8698902,25,690000,67159542,79511292,90875417,1856667000.0,36996000,0,1.0,3.6863568545066245,8592789331,2330970568,6045696,
10,wasmedge,xmrsplayer,True,-1187888079,23,11152708,68156875,80982583,93471250,1718733000.0,34207000,0,1.0,3.451010914377706,7814978218,2264547523,25100288,
10,wasmedge,vtable_mono,True,-318559695,13,830250,132854333,146455667,159640000,1756053000.0,32400000,0,1.0,3.2470438415561076,6997494320,2155035368,25100288,
10,wasmedge,vtable_bi,True,-208336512,11,961584,154966584,182103458,205977542,1858032000.0,37080000,0,1.0,3.511808074208537,8210808325,2338057249,25100288,
10,wasmedge,vtable_poly4,True,-126115384,10,293833,170666541,193735375,200686666,1785692000.0,32329000,0,1.0,3.3300364128594175,7672480889,2304023121,25100288,
10,wasmedge,vtable_poly6,True,579248763,9,814709,185464917,224010500,233402458,1789511000.0,37921000,0,1.0,3.315295415530746,7444549507,2245516183,25100288,
10,wasmedge,graphql_as,True,5,37,10563375,36939625,51725917,66671791,1801803000.0,39917000,0,1.0,3.3022153439065405,7905898825,2394119705,25100288,
10,wasmedge,tailcall_fsm,True,-1841735369,60,267084,22173959,37697000,44349584,2050678000.0,42407000,0,1.0,3.7541411719776545,10052346687,2677668800,25100288,
10,wasmedge,eh_parser_exnref,True,830008030,41,403542,27812209,57492250,67756625,2027827000.0,55398000,0,1.0,3.420780222761165,9950484733,2908834852,25100288,
10,wasmedge,eh_parser_legacy,False,,,,,,,,,,,,,,,"WasmEdge VMLoadWasmFromBytes: illegal opcode
loading failed: illegal opcode, Code: 0x117
    Bytecode offset: 0x00000171
    At AST node: instruction
    At AST node: expression
    At AST node: code segment
    At AST node: code section
    At AST node: module"
10,wasmedge,gc_trees,True,-81253392,12,344000,87297625,173949583,186493125,1740932000.0,78543000,65917,1.0,3.443988122799955,9150793438,2657033971,216612864,
10,wasmedge,callref_dispatch,True,-750120562,20,934625,77652792,100335792,127209958,1814044000.0,45127000,0,1.0,3.467987594153955,8359446590,2410460350,216612864,
10,wasmedge,callref_dispatch.indirect,True,-750120562,20,404583,80179000,93394500,105401167,1727448000.0,47509000,0,1.0,3.481199786165086,8114800681,2331035614,216612864,
10,wasmedge,relaxed_dot,True,-551922832,290,724583,3105709,6409083,9367542,1633691000.0,40680000,0,1.0,3.559024863969166,8426986903,2367779722,216612864,
10,wasmedge,relaxed_madd,True,-1435646925,518,250000,1379083,3106000,4611667,1409113000.0,40655000,0,1.0,3.46832458820178,6583433450,1898159553,216612864,
10,wasmedge,mem64_chase,True,433527714,11,12334083,143434292,171483292,186150083,1719430000.0,37584000,0,1.0,1.8637256805459463,3993693800,2142854950,271253504,
10,wasmedge,mem64_chase.mem32,True,433527714,15,221500,71873041,123961292,197656583,1391812000.0,45015000,0,1.0,1.9046975026910316,4810796561,2525753593,338362368,
10,wasmedge,multimem_transform,True,902712413,69,487333,19336750,25100041,78260583,1579024000.0,80911000,0,1.0,3.5118813694799558,12455150531,3546574961,338362368,
10,wasmedge,multimem_transform.single,True,902712413,100,480417,19556916,30890542,135251416,2599118000.0,89391000,0,1.0,3.5763355368013316,18037355105,5043529870,338362368,
10,wasmedge,extconst_init,True,-1152068691,357,5349917,5553416,9172333,49142125,1689857000.0,1399717000,206708,0.9999,3.0159504690111283,16316705494,5410137090,338362368,
10,wasmedge,extconst_init.mvp,True,-1152068691,141,4878917,5188875,9422500,17233458,637213000.0,598615000,12667,1.0,3.0905593894975425,6084614968,1968774646,338362368,
10,wasmedge,graphql_porf,True,0,45,6291166,23546792,39044333,72891000,1421412000.0,211005000,1839958,0.9989,3.064057398737372,7453451334,2432542986,338362368,
10,wasmedge,sqlite3,False,,,,,,,,,,,,,,,N/A — the harness only has a WASI preview-1 + bench.* import shim for Pulley
10,zwasm,fib,True,832040,3,513333,612609750,758464791,784575375,1978252000.0,45228000,0,1.0,3.683269877767345,9914159997,2691673520,5373952,
10,zwasm,fib_tail,True,873876091,426,508750,2142458,4894417,6597833,1865139000.0,44565000,0,1.0,4.540540115180254,10889508619,2398284861,5505024,
10,zwasm,factorial,False,,,,,,,,,,,,,,,init warmup failed: `factorial(20)` trapped: trap: unreachable
10,zwasm,sieve,False,,,,,,,,,,,,,,,init warmup failed: `sieve(10000)` trapped: trap: unreachable
10,zwasm,crc32,False,,,,,,,,,,,,,,,init warmup failed: `crc32(12648430)` trapped: trap: unreachable
10,zwasm,matmul_simd,False,,,,,,,,,,,,,,,init warmup failed: `matmul(48879)` trapped: trap: unreachable
10,zwasm,matmul_fma,False,,,,,,,,,,,,,,,init warmup failed: `matmul_fma(48879)` trapped: trap: unreachable
10,zwasm,convolution,False,,,,,,,,,,,,,,,init warmup failed: `convolve(51966)` trapped: trap: unreachable
10,zwasm,audio_dsp,True,761667740,1,682209,4935689792,4935689792,4935689792,4544827000.0,105899000,0,1.0,4.554050349316492,28479390921,6253639889,6045696,
10,zwasm,bulk_memory,False,,,,,,,,,,,,,,,init warmup failed: `bulk_memory(45260)` trapped: trap: unreachable
10,zwasm,call_indirect,True,-9175573,16,444750,91003750,102557459,120535958,1538488000.0,34506000,0,1.0,3.325492320604137,6615633035,1989369512,6209536,
10,zwasm,factorial.scalar,True,-2102132736,16384,400084,1625,4250,5583,65602000.0,1490000,0,1.0,4.254309001832682,317856430,74713997,6275072,
10,zwasm,sieve.scalar,True,1229,425,445541,1695459,3860792,6210667,1424585000.0,27341000,0,1.0,4.6113101329829425,8775882867,1903121372,6356992,
10,zwasm,crc32.scalar,True,-1910355869,89,462250,18010375,27032334,33725666,2131640000.0,53537000,0,1.0,4.5141099291179065,12731757019,2820435749,6422528,
10,zwasm,convolution.scalar,True,8190685,36,192500,43519333,58815792,72718125,1947730000.0,40111000,0,1.0,4.65350544354002,12040083371,2587314771,6471680,
10,zwasm,bulk_memory.scalar,True,8698902,29,175292,49477125,67308084,80381334,1800905000.0,42777000,0,1.0,4.560881781060683,11207805277,2457376844,6520832,
10,zwasm,xmrsplayer,True,-613391078,30,4714416,64273208,78694542,88733542,2135443000.0,47601000,0,1.0,4.002322161771122,10765829237,2689895716,24657920,
10,zwasm,vtable_mono,True,-318559695,10,400791,139591458,167607750,188824125,1527607000.0,34855000,0,1.0,3.143467354561304,6472042883,2058886622,24657920,
10,zwasm,vtable_bi,True,-208336512,10,377833,172620500,201509541,214918084,1828465000.0,48209000,0,1.0,3.4747157618451405,8413482457,2421344085,24657920,
10,zwasm,vtable_poly4,True,-126115384,14,503375,119338292,219591000,250939458,2809350000.0,65703000,0,1.0,3.3727016891696437,12179192618,3611108761,24657920,
10,zwasm,vtable_poly6,True,579248763,8,519542,195935333,218417375,246218917,1587305000.0,35264000,0,1.0,3.3621571020342924,7492852391,2228584853,24657920,
10,zwasm,graphql_as,True,5,41,1828000,39131583,48459834,67204541,1834668000.0,42509000,0,1.0,3.7016032188566155,8924513727,2410986051,24657920,
10,zwasm,tailcall_fsm,True,-1841735369,49,264792,23084334,44681667,57268625,1924782000.0,90527000,119458,0.9999,3.4409914882038906,9628870672,2798283781,167821312,
10,zwasm,eh_parser_exnref,True,830008030,25,418791,49696166,71672625,93138666,1655358000.0,30901000,0,1.0,3.0386538278247333,6779373563,2231045044,168411136,
10,zwasm,eh_parser_legacy,False,,,,,,,,,,,,,,,wasm_module_new failed (invalid wasm or unsupported feature)
10,zwasm,gc_trees,False,,,,,,,,,,,,,,,N/A — not run: zwasm v2.7.0 never reclaims GC structs and grows its GC heap far faster than the allocation rate (124 MB for 31K 24-byte structs); the process segfaults at ~2.3 GB
10,zwasm,callref_dispatch,True,-750120562,19,317000,79879958,105042292,128008042,1801369000.0,41798000,0,1.0,3.53096106191704,8644531000,2448209099,168460288,
10,zwasm,callref_dispatch.indirect,True,-750120562,18,318542,90741292,102238584,115624750,1661824000.0,49739000,0,1.0,3.47359413669766,7972549464,2295187391,168460288,
10,zwasm,relaxed_dot,False,,,,,,,,,,,,,,,init warmup failed: `relaxed_dot(7)` trapped: trap: unreachable
10,zwasm,relaxed_madd,False,,,,,,,,,,,,,,,init warmup failed: `relaxed_madd(7)` trapped: trap: unreachable
10,zwasm,mem64_chase,True,433527714,23,15390083,57744750,127659125,162449500,2610675000.0,51036000,0,1.0,2.1236461370800788,7734350400,3642014677,235618304,
10,zwasm,mem64_chase.mem32,True,433527714,14,484833,120488416,145327000,163906208,1860313000.0,36393000,0,1.0,2.0714696694823873,4710087693,2273790325,302727168,
10,zwasm,multimem_transform,True,902712413,51,544375,20666708,34285334,41076625,1562449000.0,33375000,0,1.0,4.755124587681326,9271430052,1949776474,302727168,
10,zwasm,multimem_transform.single,True,902712413,60,374416,17471792,33000125,44546791,1785850000.0,46923000,0,1.0,4.723825603082794,10908932182,2309342702,302727168,
10,zwasm,extconst_init,True,-1152068691,807,4238791,948625,2261709,3368375,1324850000.0,288782000,873292,0.9995,3.1998901743014163,6940196415,2168885817,1497989120,
10,zwasm,extconst_init.mvp,False,,,,,,,,,,,,,,,zwasm_instance_new_ex failed (missing imports or unsupported feature)
10,zwasm,graphql_porf,True,0,39,2498542,30340083,46580500,54490291,1467878000.0,156441000,148459,0.9999,3.233538712272712,6528004883,2018842347,7230504960,
10,zwasm,sqlite3,False,,,,,,,,,,,,,,,N/A — the harness only has a WASI preview-1 + bench.* import shim for Pulley
10,wasmz,fib,True,832040,16,637000,79689208,100869208,116648083,1410024000.0,47855000,0,1.0,2.760868565889148,5398183385,1955248233,5668864,
10,wasmz,fib_tail,True,873876091,2544,502625,268542,687500,1311125,1371443000.0,78033000,67208,1.0,2.4606395127590406,4579713607,1861188355,5947392,
10,wasmz,factorial,True,-2102132736,16384,558375,3250,8666,36167,28646000.0,110862000,253375,0.9982,2.00454383707719,339728542,169479228,5980160,
10,wasmz,sieve,False,,,,,,,,,,,,,,,N/A — not run: wasmz v0.1.4 segfaults on this module's v128 ops (the scalar build runs)
10,wasmz,crc32,False,,,,,,,,,,,,,,,N/A — not run: wasmz v0.1.4 segfaults on this module's v128 ops (the scalar build runs)
10,wasmz,matmul_simd,True,48907,292,652042,2329083,3299667,22422667,916051000.0,43942000,0,1.0,3.4205674407983335,6336665932,1852518929,6209536,
10,wasmz,matmul_fma,True,48907,1137,1443459,1577750,1883625,9533291,2099214000.0,97979000,0,1.0,3.9466057077004693,19280069020,4885228079,6275072,
10,wasmz,convolution,True,8190685,453,417750,4047125,5499916,18024916,2348884000.0,106286000,0,1.0,3.7232204427867144,18416092584,4946280476,6340608,
10,wasmz,audio_dsp,True,761667740,2,1236791,838803667,966869875,966869875,1570851000.0,50478000,0,1.0,2.969542738405356,7582029050,2553264835,6455296,
10,wasmz,bulk_memory,True,8698902,246,244708,4712334,9114250,14469666,2013678000.0,63541000,18250,1.0,3.3265311257403543,9534866670,2866309170,6668288,
10,wasmz,call_indirect,True,-9175573,71,739958,19214333,26474000,35138458,1670558000.0,53563000,10000,1.0,2.6502955863521684,6425037228,2424271942,7192576,
10,wasmz,factorial.scalar,True,-2102132736,16384,314750,3000,7916,25458,22906000.0,97057000,331375,0.9972,2.0408885584649297,329389913,161395345,7192576,
10,wasmz,sieve.scalar,True,1229,2668,490625,261667,550125,1426167,1273426000.0,61657000,148042,0.9999,3.117529977222488,5925373346,1900662829,7192576,
10,wasmz,crc32.scalar,True,-1910355869,570,362250,2189792,4725084,7797541,2373262000.0,71782000,6833,1.0,3.332978550324941,10989773680,3297283050,7192576,
10,wasmz,convolution.scalar,True,8190685,148,580166,6412542,12673208,17969334,1659481000.0,44133000,0,1.0,3.424915720327646,7884011491,2301957810,7192576,
10,wasmz,bulk_memory.scalar,True,8698902,192,539792,4569834,9453416,13783750,1574182000.0,43862000,0,1.0,3.2432261895434764,6881364322,2121765156,7192576,
10,wasmz,xmrsplayer,True,-1632286592,180,4145625,5232834,11131750,15318250,1736046000.0,44545000,0,1.0,2.8330654057113143,6812358129,2404589077,26279936,
10,wasmz,vtable_mono,True,-318559695,56,1495708,20248708,39563500,49394958,1934973000.0,46378000,0,1.0,3.2845878625568123,8940258324,2721881313,26279936,
10,wasmz,vtable_bi,True,-208336512,40,1105375,30068916,41020209,51113125,1435993000.0,45788000,6042,1.0,3.040326054368235,6890630961,2266411838,26279936,
10,wasmz,vtable_poly4,True,-126115384,43,1244750,25440417,44286792,56174875,1659687000.0,54448000,12916,1.0,3.04881921348097,7750971342,2542286308,26279936,
10,wasmz,vtable_poly6,True,579248763,35,1285917,25063000,48981709,66709000,1488385000.0,45398000,7084,1.0,2.9076487273792715,6476877279,2227530863,26279936,
10,wasmz,graphql_as,False,,,,,,,,,,,,,,,wasmz init-warmup failed: wasmz_instance_call trap: trap: wasm `unreachable` instruction executed
10,wasmz,tailcall_fsm,True,-1841735369,803,547541,2235541,4729333,8157042,3297379000.0,91162000,0,1.0,2.479961931160512,11784713611,4751973594,26279936,
10,wasmz,eh_parser_exnref,True,830008030,271,552916,6136542,13660041,18869209,3268437000.0,107477000,0,1.0,2.677918775631833,11480087110,4286943732,26279936,
10,wasmz,eh_parser_legacy,True,830008030,133,505916,6305458,14382917,18299792,1637241000.0,56829000,0,1.0,2.6762427435354157,5792356732,2164361490,26279936,
10,wasmz,gc_trees,True,-81253392,45,343084,23500541,47605625,96332750,1708899000.0,150131000,10625,1.0,2.9017391927145706,7591050433,2616034705,319291392,
10,wasmz,callref_dispatch,False,,,,,,,,,,,,,,,wasmz init-warmup failed: wasmz_instance_call trap: trap: null reference dereference
10,wasmz,callref_dispatch.indirect,True,-750120562,66,509042,17843250,26731042,33999625,1551818000.0,45473000,0,1.0,2.6586597068558966,5519599943,2076083648,319291392,
10,wasmz,relaxed_dot,True,-551922832,877,639250,1433792,2973083,6756250,2274557000.0,89027000,25666,1.0,3.997923424629851,13392607423,3349890931,319291392,
10,wasmz,relaxed_madd,True,-1435646925,4252,720000,352208,908584,2003875,2913610000.0,184158000,160292,0.9999,3.137918014288071,12928522549,4120095710,319291392,
10,wasmz,mem64_chase,True,433527714,23,16495125,48575041,60594750,88852291,1352359000.0,40753000,0,1.0,0.4102206191770393,731602550,1783436804,319291392,
10,wasmz,mem64_chase.mem32,True,433527714,22,14705708,59254500,81351083,102072417,1544882000.0,39617000,0,1.0,0.34417913540403355,701965427,2039535099,319291392,
10,wasmz,multimem_transform,False,,,,,,,,,,,,,,,wasmz_module_new failed: module compilation failed: MultipleMemories
10,wasmz,multimem_transform.single,True,902712413,464,487417,2213500,4566750,7760958,1848100000.0,61266000,11667,1.0,3.0978583157920054,8429162937,2720964640,319291392,
10,wasmz,extconst_init,False,,,,,,,,,,,,,,,"wrong result: got -1669113347, expected -1152068691 (cross-runtime consensus)"
10,wasmz,extconst_init.mvp,False,,,,,,,,,,,,,,,"wrong result: got 1844351884, expected -1152068691 (cross-runtime consensus)"
10,wasmz,graphql_porf,False,,,,,,,,,,,,,,,init warmup failed: wasmz m() trap: multi-value results are not supported by the C API (results_len = 2)
10,wasmz,sqlite3,False,,,,,,,,,,,,,,,N/A — the harness only has a WASI preview-1 + bench.* import shim for Pulley
10,tinywasm,fib,True,832040,9,376000,167344000,200025292,216980666,1614118000.0,50832000,0,1.0,3.414902382004736,8296672920,2429549074,5177344,
10,tinywasm,fib_tail,True,873876091,1118,141834,627125,1614459,2763000,1438775000.0,42897000,0,1.0,4.115455696326469,7830703780,1902754970,5292032,
10,tinywasm,factorial,True,-2102132736,16384,88833,333,417,1125,9396000.0,172000,0,1.0,3.445862307223348,66882716,19409573,5603328,
10,tinywasm,sieve,True,1229,1117,203125,612459,1564417,2315375,1388502000.0,40425000,0,1.0,3.665863199579769,6721588743,1833562350,5750784,
10,tinywasm,crc32,True,-1910355869,273,138166,4996709,10154625,15147083,2411039000.0,62302000,0,1.0,3.6561044720646403,12656662098,3461788960,5783552,
10,tinywasm,matmul_simd,True,48907,256,330791,3623667,7648792,13467958,1687619000.0,40312000,0,1.0,3.6761169842563457,8862122597,2410729211,5914624,
10,tinywasm,matmul_fma,True,48907,282,186625,2891917,4934375,7765500,1298661000.0,39962000,0,1.0,3.6004176904403886,7385498878,2051289465,5963776,
10,tinywasm,convolution,True,8190685,180,213958,5609916,11674959,18211167,1839604000.0,45955000,0,1.0,3.432411627461617,8862985857,2582145389,6045696,
10,tinywasm,audio_dsp,True,761667740,1,321084,2164044750,2164044750,2164044750,1980141000.0,57218000,0,1.0,3.707532527751408,10249317660,2764457920,6160384,
10,tinywasm,bulk_memory,True,8698902,91,287083,10394375,18980459,29220792,1537440000.0,45974000,0,1.0,3.819846405964583,8368403295,2190769577,6307840,
10,tinywasm,call_indirect,True,-9175573,59,281875,26245333,44334833,58256750,2378038000.0,70100000,0,1.0,2.7818900646331883,8867615140,3187622420,6471680,
10,tinywasm,factorial.scalar,True,-2102132736,16384,179000,708,791,959,14064000.0,520000,0,1.0,3.7749271042494517,55882794,14803675,6520832,
10,tinywasm,sieve.scalar,True,1229,1207,149334,641667,1229416,3034084,1384300000.0,40100000,0,1.0,3.6694347238539793,7626676779,2078433697,6569984,
10,tinywasm,crc32.scalar,True,-1910355869,226,243250,4916292,9925292,14226125,2033559000.0,59316000,0,1.0,3.603890042340555,10538233068,2924127247,6668288,
10,tinywasm,convolution.scalar,True,8190685,82,195709,16800709,27747333,50900625,2062199000.0,55414000,0,1.0,3.502034648401928,10058771735,2872265053,6668288,
10,tinywasm,bulk_memory.scalar,True,8698902,112,348500,10651417,22777792,29149292,2238903000.0,64160000,0,1.0,3.7970022458148605,11017900087,2901736521,6701056,
10,tinywasm,xmrsplayer,True,1583541309,70,6824417,16854500,27345166,41062125,1642960000.0,46816000,0,1.0,3.5540331697343674,7828894462,2202819751,24543232,
10,tinywasm,vtable_mono,True,-318559695,30,358125,32279416,53554125,88236792,1470566000.0,47512000,0,1.0,3.1511293753492358,7641889061,2425127042,24543232,
10,tinywasm,vtable_bi,True,-208336512,28,555084,60448958,82905292,96271833,1993373000.0,62254000,0,1.0,3.2032037031958347,8721730774,2722814901,24592384,
10,tinywasm,vtable_poly4,True,-126115384,24,337875,56757375,79269458,101208500,1749493000.0,45863000,0,1.0,3.2468956131901026,7870290231,2423943104,24608768,
10,tinywasm,vtable_poly6,True,579248763,25,331041,74065292,94293583,108356958,2158150000.0,61552000,0,1.0,3.1031546028202515,9005578069,2902071995,24608768,
10,tinywasm,graphql_as,True,5,95,4445917,9950583,19903750,30698292,1717013000.0,45823000,0,1.0,3.3777588534914296,7732605797,2289271121,25100288,
10,tinywasm,tailcall_fsm,True,-1841735369,177,295459,4743291,10469833,15505416,1578735000.0,44868000,0,1.0,3.5877562279729185,7639466952,2129316059,25100288,
10,tinywasm,eh_parser_exnref,True,830008030,54,277875,20697459,30782042,38710417,1484112000.0,43758000,0,1.0,2.8113634429290437,5680220390,2020450399,25722880,
10,tinywasm,eh_parser_legacy,False,,,,,,,,,,,,,,,tinywasm::parse_bytes failed: error parsing module: legacy exceptions support is not enabled (at offset 0x171) at offset 369
10,tinywasm,gc_trees,True,-81253392,8,118250,178756833,199854167,218095250,1467669000.0,43472000,152708,0.9999,2.445666185113037,4785526507,1956737406,28213248,
10,tinywasm,callref_dispatch,True,-750120562,44,188208,27178875,39103959,49599167,1595102000.0,45902000,0,1.0,2.862309040552615,6317084195,2206988870,28213248,
10,tinywasm,callref_dispatch.indirect,True,-750120562,45,109292,23365000,38679375,59139041,1604839000.0,48101000,0,1.0,2.7615096091074656,6182152655,2238685911,28213248,
10,tinywasm,relaxed_dot,True,-551922832,456,341584,2222708,5022334,10653667,1959068000.0,54297000,0,1.0,3.0638634559239804,8294126686,2707081045,28213248,
10,tinywasm,relaxed_madd,True,-1435646925,1158,326709,621292,1564125,2516125,1437392000.0,38370000,0,1.0,3.421367102836493,6590040797,1926142562,28213248,
10,tinywasm,mem64_chase,True,433527714,21,12431208,58467500,102909708,114435250,1699251000.0,48667000,0,1.0,0.8960980605926234,2084857080,2326594791,79167488,
10,tinywasm,mem64_chase.mem32,True,433527714,19,2166625,49915875,96835875,109992667,1496889000.0,40912000,0,1.0,0.8301323286970657,1688577046,2034105874,79183872,
10,tinywasm,multimem_transform,True,902712413,166,157208,5914916,12126542,16857542,1799485000.0,47653000,0,1.0,3.7747869196041823,9744972642,2581595425,79200256,
10,tinywasm,multimem_transform.single,True,902712413,135,105292,6702417,13120792,28917209,1465281000.0,42390000,0,1.0,3.9120670588829976,7788182288,1990810017,79200256,
10,tinywasm,extconst_init,True,-1152068691,2248,11734125,337333,777709,1650459,1431808000.0,40076000,0,1.0,3.8618408770905033,7995412263,2070362948,80527360,
10,tinywasm,extconst_init.mvp,True,-1152068691,10409,4051208,74209,188959,440791,1587627000.0,44935000,0,1.0,3.6774378241813266,7814273122,2124923247,80658432,
10,tinywasm,graphql_porf,True,0,90,6697375,10100708,18023792,23369542,1201613000.0,292345000,2329083,0.9984,2.7619680088721106,5673898101,2054295373,1109819392,
10,tinywasm,sqlite3,False,,,,,,,,,,,,,,,N/A — the harness only has a WASI preview-1 + bench.* import shim for Pulley
